-5.50764146109104
4.144919159156711
-19.440755510124102
14.668726612602446
-1.1267814524152138
6.59711847174884
13.343797467070589
-10.029652366050765
8.581679199612385
-14.571569714730273
4.4187206202812375
8.359946747579514
-3.8219552223417157
6.216869561848952
-16.23657024506563
8.097990250426571
3.0603040083166584
-11.532635803555575
13.863708381706685
-13.885317400532209
-7.575846295297836
5.911913758537032
15.48912076821318
6.810676173473054
-2.7775297347464694
-18.26449345292598
4.532800459146182
15.354123734056865
7.697567095949423
3.551933434416438
-9.847419635286721
-13.37064580579694
-2.1112316474596162
12.678843010580886
15.64960713485741
14.72448203296047
6.218258345880212
14.147750209620863
14.628717158475732
18.488475442416195
3.604274760738609
-3.381702253425699
8.649235196145632
4.883575404910554
4.96570583044057
-11.907469320797544
6.388403459292258
-7.910583020319649
-4.094914159346635
7.094967229562926
-16.0339819747229
-8.615145215130163
-18.756705907854016
-10.422739093137615
8.084996240517787
3.6367205845322217
-0.3527397075333618
1.7905554375693782
10.11439061431815
9.737904742533333
12.848882086568477
2.434083220174218
-14.894865330099307
-3.1429693608112146
2.997906955249533
5.556012325586398
4.884672368720873
-4.782465885994502
-11.586604709642579
-13.716583113684667
-1.1392614894511652
0.5060428696593231
3.796543996634478
-4.624260841917095
-14.018130981707486
10.795180775567037
9.207462077614197
18.598446486627235
-5.883594737619272
-12.088386827090869
10.905735354660747
-18.30615978908928
12.868590532569248
-7.913044999380966
18.22256922696423
17.841670558817285
3.1775707369990336
-8.305871656128327
15.23864523018686
-0.20566273464934337
-15.222820232535495
-9.1491007676882
7.997311515547268
4.640533919317568
2.301192512782988
-5.68121977777676
-2.2327133473049763
-2.0009637948946613
1.395017809372315
0.20961531051583043
-10.793060947826497
7.02609986673473
-17.799544479286013
-1.210826258710762
-3.623000933616638
-13.46837282616344
-15.561323888326017
4.530362061682951
-3.9931097056740237
16.304031865876105
11.648323348711969
15.316735055631964
3.8283138379050663
16.99225457921808
-10.601840195206789
-14.742325290516948
-1.2141803213092348
-17.491014288873174
-8.83353939255148
2.5354583460828306
7.8931919559830614
8.835313352588196
-11.090365634804037
10.158921888243539
11.476752277256727
13.854678870894418
-4.27894090883289
-10.612310272884253
4.413344095283682
6.610666347097685
3.4309061630249085
8.187574628003023
3.505803482991402
-6.447517755310531
18.98906669653616
17.61026469487176
-3.287909042725581
-13.498823827641594
-15.463956656390167
5.819412225741549
0.6161182221773924
-4.983810000794463
7.941283115305916
-12.973038997286913
10.278018291260887
-4.680011515774256
11.89548066097226
1.6097933265139932
2.9466777724086635
-10.173677411135463
13.269483149317237
-17.68714693068761
-5.49290760522872
18.24670454403142
-2.8527703395078605
13.694856495788773
-2.2427069409337106
-2.239102621046831
-1.6523399209236262
8.873849741877077
-8.25369860120268
-4.356875333470281
6.781861627581177
-3.1999706934436465
0.5992134981208918
1.4769553168113265
11.46909032329797
10.879084391018138
-15.741734779402053
-9.726146964768784
4.595720268759963
3.8532100396569167
-14.43825354154781
11.662879611019402
-1.207410064354001
15.588091685396812
8.979315423050949
7.066538835759743
9.969913571203199
9.78347399952272
-3.491364645976493
-8.612563423091597
-4.4083084993960995
-16.25974257491689
-8.159491430511503
-8.320953952799673
-14.976239917548192
-6.961923599507559
3.7248501160036867
4.58857423065417
-12.658457911415404
3.776426373150964
5.3890038613893605
-15.462577835766568
-8.804958049022883
2.4357669151545376
0.826154658443566
2.1592867723211193
-12.677574393853144
19.878982912328052
-8.358004169141271
-4.625946663849085
-6.187954581864252
-7.68421871698249
-12.00951587672679
17.46199271872315
-10.073113811883108
-9.538394194917386
-9.265830702801823
-9.675180729960763
-8.307317256691714
-3.8453124578218887
3.886014463710884
5.5020155785795275
-1.8171299553528883
-10.779854413982283
-3.565112067295301
0.6371471433601741
15.085615457116909
-14.940387347809923
0.5933705374737895
-2.1310077604721824
11.322841345582065
-2.925207589224624
2.996554192553013
-14.83912160414469
11.965898114130303
4.017489335175162
0.8303169071990397
10.36060612329445
8.717109052322249
1.3319901433203447
-6.218458037508787
-6.869885699056813
-3.794859552110088
8.728504276082942
13.399870158763793
7.33504894132135
0.6262015434494944
1.3312096409777119
6.893063210993722
14.250929062220235
-6.785794497662767
-14.05019647367931
-13.244622176485418
3.279558868719126
14.72468080474282
-10.493744498524267
-1.433505613615298
-4.330302722602018
-3.09620846854723
-10.250794096868566
-2.751785815885733
1.2605123321828728
-14.517521087364726
7.890391767582272
-15.07022666547953
3.0708295871819407
-9.883947029564554
-9.478079686323369
6.453592128931342
7.088429549061337
-0.46921750840592436
-16.209298668041225
11.642907338756299
8.252229751338454
11.792615544615144
11.306097657427884
-12.140406661802087
-19.78213767227235
11.04490481989714
0.7834307611064465
8.49051183342488
-17.195628061990952
-4.856215730913672
5.13681208692837
-11.262002493148827
-14.741456270564832
-0.7543559542808906
8.318528133719019
-0.37897504729144427
-19.050667424464585
-8.840023737583975
-3.093448961066245
-3.6030993130858096
-18.1194985436968
12.156721571809802
-13.352588470849803
3.7675332563316584
18.452643077244247
0.10876684648120254
3.1330652747740646
0.538272335727326
-3.131928376932807
7.274505583312846
-0.8123355793808049
9.098774758140337
-5.874185533345078
18.98047588791282
14.624976951180502
8.479599165260872
-10.26329758115466
-10.276966815162064
-10.809271615661762
-7.9895883663202465
7.440980636631804
8.820321909741994
-14.701104723951191
-3.6525867701439507
-3.9041444482726297
5.821223557945943
8.14272079649175
4.508807772614743
-9.924946249773217
-5.00123811113978
9.275178001923555
9.139566311945032
15.26996829043462
-9.836095076939294
9.569779382134575
-7.5366027751982925
10.097844019521343
2.858898661194836
3.3790476812381365
-11.649180237568292
15.047573282754756
-3.7720513110238074
-1.6176991277074324
3.5274165643328876
-10.52039654389981
-8.992538795137934
16.86406484028959
-8.80254255966161
6.984432510652604
-6.44234166909311
5.608776552109724
13.999411443517923
-10.136728776745645
-9.734950441606621
5.652438677062089
13.160932921269218
1.570482403082009
-6.581931500481375
-4.762187802861998
-1.9588079370600255
6.002783267283573
16.627910101712704
-2.683087578542668
14.629837833227304
-2.411830969808398
-4.690094061265092
13.312282649322363
4.615845594102021
-0.6201281450429348
5.792829179073022
2.1735319098358845
18.647875573883958
14.159125059281626
18.92190548862057
5.822194375895654
-15.305099299699023
-8.532060485516523
-14.09588355272834
12.31722543644853
-4.498152830685386
-11.63635831384677
-10.833400342604428
-0.7459073340340237
16.931956577407774
1.3198975436566327
-8.857376446697126
5.083565372015686
14.181939318717294
9.206912372343671
-2.490449218795963
-2.488971012097534
-6.1798211376602525
18.4846779102033
12.916132505375879
-10.068275701562062
-12.541156350707709
-13.091827914086046
-3.8138381467452147
-16.9665148338635
-19.739353467419217
-3.086720385617791
11.415158450070807
-3.564199446052008
-0.8190766049403229
-13.949214968625995
7.000486856871496
4.842636063449207
11.825582278560583
16.02332661466037
11.28597358026173
-1.9651490107122123
-15.486229088716772
-5.693378233109111
3.1205158799831256
7.850102019111034
-17.381016573486075
18.443364826971983
12.210631008063784
8.580194664854634
-1.0557979910424276
4.255209300522534
10.493641600258842
0.3786719592631506
-5.175846607532211
-4.504514746830095
-13.201209452913352
0.28436945506221495
-5.167248050012708
19.2004022463645
7.483713986973288
18.274340226080984
3.856218817663759
-15.394075814140862
12.726331488664464
0.6619097764019737
7.161669447882112
-18.91946547665678
8.88269280921476
4.231449008687355
7.9920582793425945
7.84383670876167
18.19938561916298
11.679596214254099
3.4842727747591633
-8.37403180074354
13.131542171678033
3.8535422297961963
-13.970308079866939
-13.41485788338423
-9.81827639488604
7.81073174559423
-16.391263383198407
-0.4530954152743725
6.451815173545388
9.475102209059044
9.520900827866
-1.7146420837862866
-3.319134467688355
-4.17192029590741
5.780125317789469
12.809652304297316
1.5019950972225182
-8.725520033557023
7.718918083909339
-4.891655157712712
-17.411430554252412
-2.9885082604100406
-6.951583644163757
-11.336433804455227
-9.073337819051545
-0.3441007977719496
-16.17603229921725
8.64964234059886
15.799045616860333
5.260344911774369
15.204948877319032
-10.177467191049
11.357343874260202
9.539414159642403
-4.503549783289984
-9.644297634917498
-6.225955607117112
-12.630942923861348
4.6089654131850635
-1.5427956275115216
-10.554021858382358
-6.152108129704239
-15.22253646731558
6.5010681170427995
-0.2623160016668762
-1.1744723969065018
-18.123855971220486
13.64607902098708
-10.079734618039675
0.3342494543816416
-5.109387921356242
13.291399494340226
-10.987401594355974
9.97501394421897
6.542262818189668
2.1252406675457265
-5.353011105516149
-3.28795571627972
-17.61050632040843
2.044283467155972
0.4650516285805626
-3.6663829587497774
8.055495064720516
-19.32259520327494
15.525394709717608
-7.394004482235763
-5.105217326804676
2.5568160792548817
-0.962120007946412
4.912930935582795
-0.46825771645239844
-16.384977075631404
-7.020674453084604
-10.115474728256137
-7.494612566424066
17.262147131503237
-14.949479821754734
3.896790557511822
2.3020665163537735
-2.5259665824610678
-6.010404891663312
-6.282573328491141
6.095590365320235
-13.597470011206612
-13.334752795131058
-14.193474153956954
-5.878188666452364
-15.868931434960029
7.9994407438763275
-11.265733564690903
12.828031678082398
-4.534147163038022
19.402366274677938
-17.444465836822424
5.287004352950235
-4.500807412118266
-6.97509623363575
10.632512278738174
-11.110536950237929
-10.813683144410724
18.189983800538688
-3.2214137733035795
-12.283123937707913
-5.323315500343349
6.361523062099574
8.3642993156472
2.7803978161923246
-7.931764237481769
-1.7029806444424587
-1.5007182973775863
-0.9993993049712355
18.126840631773895
-1.3222468769390472
1.9874266642211418
-11.307613531860403
-7.654962806317793
0.5871247738426904
12.785914557744771
-12.946531779912377
-11.089219176378009
1.590076550770977
-6.323261555759502
-5.185025157668214
-1.6519070093721147
16.76088634822739
3.364743995853794
-16.00708782927481
3.1615074447530587
0.6929652501022595
0.8613958635367492
10.114884020792108
17.648608114670935
-6.851176551887489
-16.5623298254911
13.255861336325216
-4.197750002704047
7.948031853716357
0.5440337582501912
-3.7894105193979466
18.664105717359643
-15.805757613876317
-0.06524011343790077
-14.31417731792187
5.256904391862246
9.400343710232073
-6.134312456559944
-2.2940427351250583
13.428083813412217
1.4353261947389755
-7.198430235304146
-11.420721447576284
-12.34268066879502
-3.2357788633007676
11.860958065963192
-8.99089699396166
-9.416319574711995
13.333942548250949
-7.798532145468461
-5.825012473222142
18.187634175673907
6.285546073507127
2.24271892501624
-8.63285083564219
3.7260954821748196
-8.588086077914014
-2.0679100914369735
4.27620142642807
-2.4861793302040285
-9.661133142838462
-5.015813210693222
-11.302508899802397
-16.715990167522182
11.461242807499863
-4.402151462650857
10.206965430049928
19.70468596949097
-2.0068551915906463
1.157103355402153
-7.2617701517092685
-9.462758057558801
5.475491932404378
0.5242922342607835
9.477196987861793
17.92513827558774
-15.315185522498627
-10.970358745090996
-4.0047509405884565
16.96019104621747
18.155458960380695
-12.384753569655274
-5.42550665709902
-2.0349259788534497
11.623261788897123
15.70802083502671
-4.6234965967218375
-4.045505192046002
13.365722786021413
-0.08085757585062821
-1.2384049220086235
8.668744608212746
-10.020785045038272
-2.258704027882675
5.628120564565425
10.909442080308082
-3.9802040084598214
-13.883011798205345
11.389104885838691
-1.7819779039289576
-7.841073744983308
14.48680919023014
15.245637635255726
-3.1666435889795417
-10.179292891373798
-0.6354927815811606
4.584133319438237
3.735399946721289
-3.823691774055958
1.3695856473028891
-6.655246867773909
15.393530642452276
8.759104537154355
-2.1491474094657854
6.941681252944646
1.7654973440527053
-2.9653179192932604
-9.01659088354487
16.615194737863767
10.226758092178622
9.183102698670698
-17.425070881886544
-11.790146451865189
11.93978126177243
0.09082658203856739
-14.136204531920082
-18.18209034133368
-9.46766621841715
3.4801939065101335
-5.217569178247319
-12.875016656697028
-15.877487154865209
-10.55350784234509
-2.719084821418051
-10.42996192040316
-12.951616686092782
-9.604752684907487
15.258824491488715
5.838626211185132
-17.86454622733084
7.580588335247051
-0.8106045695721873
8.570864878669887
7.985000378179036
-10.030776441398208
-10.798039923888107
2.5445561964145047
14.218285129969866
-0.9690698090388429
10.108729967723917
5.508568848953324
4.34832564733955
-5.791811483776271
14.173446841462047
-12.510416924350398
6.178441852858156
7.321356135772685
-14.467739605188237
12.029125404692037
-7.772089160781151
13.243528655619944
-6.142785987034657
11.565343854243027
-7.484334767407973
13.031993313610412
-0.5000413512915374
-5.625724489708412
13.054117444583367
4.033702560396543
1.479448794810719
9.46946535132477
-2.529140034950372
1.6029243969765061
15.469466044539045
0.49927087068482173
15.559581958198464
-14.807651259895344
-0.6453213543166082
0.11674671566101728
-1.4000010792914845
-3.2490308940613573
-0.03248496765562284
-17.904962094530234
12.49184736855135
-5.181942295294802
-12.553853801472696
-0.4149252575689111
-4.5378025182830735
-12.819057154796042
-8.433526467074477
-11.610653209008293
-7.208198825564237
3.43006482268143
12.76545208176891
8.246725361991789
0.7614140696752831
3.482633397456731
4.0606588856040196
12.275192530130766
-8.734509569743567
-17.57445602352511
14.925805898380734
-0.5760821364125017
11.748932613026145
-4.830992637144067
-10.774094640230649
-1.9390833015139128
-16.986523157722566
-12.075890280737347
-9.793750962318413
-16.74570811577887
-3.538445695482303
-13.260583900076073
5.5682931227663985
8.7915747867457
-13.333274196669405
9.340429777590511
-11.567084776733951
12.596458028764607
12.367555212983437
13.244272030795422
7.781973972195325
0.3448201855092483
2.4165404563402926
10.087703048021638
-17.828351862366148
1.7113117186037148
11.986687603045386
-3.554159646263704
-9.642283830069536
-13.510274079397911
10.064199306842927
-1.403140180351518
4.398047137341104
-10.414528084019906
16.232110901779222
-5.6741628247956575
-3.7539280522587357
13.195267825686942
15.910312465390817
0.41096760015626044
9.949761475360518
0.5994329900635679
12.252864039322642
6.536348899982133
10.64767870689473
-11.081438316370978
-2.657203777783528
15.766471339266019
11.693354526740046
-4.697189748243842
3.097984628521952
8.68392408631968
8.085714090947866
15.274529012488507
-10.504340267768416
6.642469833299307
-7.241417305788651
-15.534761721782317
3.088053195613298
9.40586324592896
0.9997189010884602
13.968324174762298
4.161557236529963
-6.246107987935573
7.776330051961298
-3.3212112772578517
-1.0330609233584593
13.653110449485116
-19.084925072477578
13.288182263424705
-11.462028731397098
-11.160927412248151
-10.626933043063408
-4.212879688569182
5.534165043333159
10.422560581495492
0.8913917905997325
-3.204747407889121
-13.157798036780969
-5.374739894159169
10.685324570351046
2.469575849664098
1.1590593869727612
-6.652585597608173
-10.145176413802986
-7.546486602718764
9.359074610610323
5.000773869846254
-18.353261887318947
-1.08411273379396
-1.9196058028582763
5.753457496970238
7.379478954203653
-13.61079130008153
-3.709471783631555
12.391510722394155
-7.341933048487436
6.314148360741985
10.807117428950301
0.29335013681659733
6.496364218164445
15.927441149538588
13.010066188873246
-15.02876650183764
0.16408535746551584
13.843839977716307
-13.696068505218998
-13.548925193385601
-14.723390100648311
2.1897427225627464
10.997552787822158
-7.945393341528802
0.7633952604687507
-14.920597897613176
-2.929738929089857
3.0227934145295206
3.2473089552323824
-15.74486381259176
-4.881829390836441
14.339123621839608
-1.5043504716878167
2.9931676587749174
-16.238210451964243
-0.1937662352150481
3.161408066506835
14.451469422993785
5.935609543336436
-10.197473571494234
3.9062188384330168
-0.3657164459910808
4.699205430163371
-3.42524876625884
9.011029647496992
10.488698328676694
5.387085432421385
-4.821824922124941
18.741762545871925
13.766676824518074
18.608497546539745
5.034439100956547
-0.29837915998456027
2.350488261514567
-8.6643288911554
-6.311015542774047
-9.954515523664615
-5.393626079790747
-2.2874832145300354
16.372876819640293
2.296808232651203
7.677612515232125
-12.075321603828941
-0.48050256000983244
7.12613611928608
-6.503228683687733
-7.6849728519472515
-13.072027139739102
-9.50799279099899
-0.988253092617391
9.602083632549713
7.49437721480796
-10.896263601033267
16.344742451698906
-5.3856730718145664
11.713218822620297
2.570695322040475
-0.5698909897942351
1.2561452987601354
1.6813190474650275
-10.6361350128856
-1.6006007956691233
-10.041883606637546
-14.790269344085806
10.29361404261684
17.17767657370001
2.038089447290161
-17.3509795744247
-18.112684846803305
-15.731277148902326
7.291427815789398
-9.899658429786868
-1.2366435945829457
12.60679860364116
-12.062368865192012
14.271503974751358
5.598052002795668
-9.828563318074789
-15.260696074111811
18.98062912228582
-14.097219015134371
9.313810195003938
-2.51452527946174
9.570260620288087
-10.530358414284768
-7.245255473786597
10.659459999282944
-2.9493114571251895
14.013578257593753
3.439847484599618
-2.956179027763934
-14.73573363362297
-8.00982145137351
0.730628125361976
-6.911358704472731
4.518747132763295
16.085225835177912
5.037024526613463
15.364438362611144
6.60742939022839
13.322949652520728
-8.66325667954332
16.267608685307305
17.600649824965323
-0.9722262875459798
15.946748516726606
10.059493214677305
5.4451363826788315
6.178721745986071
18.152327875134592
-8.33642747195885
6.106326356739929
2.141177370636699
-16.442112600879998
-2.1790648066788085
6.66769001934168
-17.021277840086356
-0.6927096413257686
-11.010783116476544
-11.057643212603148
5.176291923358849
-7.967733661628945
14.734287189197335
13.872589130917701
-10.347905676244677
-18.07180018925316
-0.13634966088832645
15.00166837337937
15.39061736581428
-16.48588216710828
16.350746700167434
4.298526419221082
16.37372884060083
2.1369583698341765
-8.63540778811784
-11.330520645748587
8.448216154783976
4.17154998497442
9.098480095766373
9.492849856573365
-16.238012208352806
-7.924682775912883
12.808691601002552
-9.264553770722024
13.929939611289093
-2.912257390457787
4.3540869355975875
11.414180367634346
1.8454628623522025
2.7396628870475244
1.7530944040642242
13.060876368171957
-6.93715129301939
-4.555989163943833
16.600944672144774
12.200302794860857
-8.512919568749238
15.097099459187026
-14.102174518141453
9.294411639333182
9.53119107048963
4.924598299401911
1.2547738524248175
-0.3801256756950992
9.840231879834691
-10.163387525149897
-1.4547135969817377
-7.368059995147955
-2.7666749777043322
2.899479044057084
-3.771490981579931
-10.156488636027218
-3.295163793031204
4.217695905455495
15.457150725312289
0.46733896244335826
17.827177004621934
-11.432598048752533
-1.8040362311887137
14.93654603738127
-5.172469907866542
-6.389549548254914
2.9260602514529404
-15.33354587626791
-16.558675488674577
-1.0521524664620767
-2.749420659938469
-4.724704040202992
3.3652598824394486
7.624821696135882
6.776779183916119
11.771247344767893
-10.97409033176677
-6.708169273979145
18.22313260559926
9.768124019380709
-9.121447876293663
15.94170313647668
6.525917975467057
-5.236275792340113
-1.3174285733065791
5.706409238970604
3.945193129392304
2.6683599891363787
-16.624403798016427
0.5866517974160025
-1.396106690602938
2.7833685843103373
-4.076306031601123
-3.6290704906003795
-4.501125524621593
2.7567114428393964
-12.071204147859326
12.352221596175925
18.2979378335627
-3.209777430276777
-7.617136911919844
1.5368882804382114
-19.713461426344615
-4.501294221231244
-2.567925169368799
7.00703348970553
-6.566462124381642
-9.424243014843743
-10.876820552698298
-15.416590995907113
16.487723598008895
-7.187829756701543
-15.197075321043696
-0.8073678191912737
3.674947007640493
3.425232514445415
8.166635964521769
5.900910743184435
-17.23418968797021
-10.019889220296246
2.362784017372916
-8.984841523267088
-16.597777010471752
9.614603743462883
-4.3380509605753765
15.907147766661828
-8.512253018347531
13.449236409972855
-18.57072924197898
-4.359081859316083
15.109000151389173
-3.662197375592093
-10.38331755415812
8.56247406764928
-7.978123695409584
6.229217389993472
-3.901753621644903
16.238848724523578
8.213043735004197
-5.797104939491477
-11.158549629398317
11.492578373714297
11.69710032356434
-0.699754823122259
7.033852534372779
0.7704271965828798
13.551975920215428
-0.10203626224664974
-7.6024759925117875
-14.951959155710913
-14.049966653398624
12.28092229897107
-8.461068954925473
17.625070703178196
13.72526424300707
10.187504703667424
-8.966673734962907
-6.817664636423414
9.417843557847297
15.787044984601723
0.40097165826049636
-17.328280499818213
-18.595561343614452
10.150437965907955
3.4314824117828877
-5.04385561141822
-0.7620428883046266
-15.6560196364229
-6.473510708057768
-17.029588208373344
12.299592159931104
-1.3559077925249303
2.6492400026122715
2.2411353261045295
12.366513646364071
-10.525449851096601
13.421841056027374
9.908752424568313
12.929605390334176
-4.505633773433316
0.7120111261349876
-7.283360686226662
-7.634219591433226
-14.727961329382085
1.2478345227185303
-14.359401847450238
-12.194211935166969
0.9872862295799667
17.13296611121713
1.5694319511011952
0.7137260726619579
-3.6745938612512883
-11.854257366522338
3.5483235877538024
1.2163326647763109
-14.32979282263451
3.5791708045593245
13.045306214012015
10.8827535735334
7.926880671042894
3.528561168185622
-11.092801589003265
18.822828030485404
7.015994525339381
1.4701402568738113
-2.827854852747311
-1.879350332718816
-10.350740256365185
-15.635224788760459
10.680291826018365
2.5788259525371107
-17.51838403202292
-16.379982710074334
-8.414541909672556
10.225018225491604
-7.814474001396522
11.215819475240076
-6.857854832021314
14.579698629394242
-6.465933157035381
-14.903026728577297
11.8985335752255
1.6155233685066275
-3.0264461796534747
-10.280275985653564
0.004180031956125995
12.622967513750982
3.442639002568192
-1.4249557980804486
-16.77294721827733
-6.197950635908117
-4.992422460652293
2.0545564301328962
-11.584503953204052
0.049926019905504986
-5.721933128798625
8.209404819272882
-1.60634014579211
-1.4613423281765694
-3.9402593805865407
-8.189434843699061
-10.332557405931363
-14.68741123109744
-7.122139577507296
-0.23641820853236037
-18.9178893271387
6.351587978603534
-2.2814122954582357
17.906190238263516
-2.329362747361065
-8.818128104666656
9.033113266937642
15.371708607707193
-4.870364323006561
7.485729339084389
11.095293493858701
4.126374335284295
-5.919774128117321
-9.511246562902736
7.6756991089183115
-10.051361252564346
-13.439213230364327
-18.941560894795455
1.9232759116134026
1.1389704983227584
13.136750412203511
-2.7177055360292215
-19.45083362306192
-2.0793780865105007
3.474730273101252
14.765560714155766
-1.536228767340546
-8.483506081476106
-15.791215755896696
-9.15436556030271
-1.084576892541558
6.346977837857355
16.74442918318296
-12.147437773858519
-15.768701608390762
-8.200839194260707
1.6890298694288097
4.878338677246341
-3.219682131443692
11.337642591103133
9.19838370637059
12.190211100427447
0.6869742731005468
-6.389380395410782
14.345855819814979
-16.817037379043263
18.329127407939072
-15.20256668005516
9.884332179973443
1.1880571265317976
-10.317650221509764
-1.0487594113267613
-1.468268331998964
-17.20915534696838
-7.74834168109381
11.720222387544014
5.691422396522206
1.0962541190726742
11.48871397008198
-4.850878594173192
4.108694643399328
-6.097011862259233
12.774175465089918
-7.232275891677629
17.07864873409994
7.203932728709872
12.887625234331948
-0.458994248929602
-11.252592660292077
12.382156446068361
-10.365000824631778
-4.02575037291408
19.243989418521664
-1.3478812743086084
-2.2469229254835543
-5.9571138772657255
-3.1755581979055365
-8.099639998311371
7.319634292742261
-10.579977327345663
7.020778847323492
5.287363500679251
-6.941255530698499
-6.517510776047475
-0.9035381855077222
18.40544733894544
-3.063690149690505
-5.141801100420979
-5.9151224174749855
-9.308507951802893
-11.452005261772433
2.614339358966647
-5.110296995376925
-0.13566637887094501
13.00844642850512
-7.339937243579422
5.347505443373915
-16.978752453228903
-13.948240964882546
-3.401213422097008
-4.846204185479243
-14.880016843253992
-7.952378726771846
9.36207369923025
5.759830538511635
-12.762436137908248
-3.2318702857734602
8.19733281880733
-14.82915229511235
-19.54921360386993
-4.929414038176602
-6.664696697257715
0.5704483842370073
-2.1282355673097233
5.297997267179259
9.662585268860193
12.834552017679428
15.564845109379256
-5.739111342265404
15.952667794507066
13.02707548038129
11.197338968960764
12.28902715024292
-6.98163077650927
3.51603066542506
12.261806992180087
9.170750608685557
10.83720637915322
-16.73462005972571
-14.62542985235416
-11.558683764919655
8.298915078345267
-3.9612707351655927
-2.9809524663767344
-0.6587406708591771
1.6424485817126309
11.709051061904912
-11.664348805414683
10.274218895388556
-9.18479733022403
1.1625551609088929
-7.598072193543698
-12.954825879417065
3.5315341532191784
2.2536103034450288
4.015868666424709
0.4609044911906255
-1.0841671383313378
-14.851056584217034
-0.05765288993187259
6.263537598479024
4.070970064654799
-3.9867049875130687
10.178926283863536
-7.958173166431625
-6.00263425119515
16.11637500545423
-3.870070100404969
-11.857670219546206
9.931865855425423
-5.787705583768557
3.959395845101613
16.8742773681523
7.248516675848071
3.9832973295434035
3.8303773666385994
6.709150014038329
-9.467320448554249
-16.002219131172637
14.882449069265801
-6.181973916275534
0.03482428553082912
9.056032366103057
2.3813128898248532
-6.201879685884525
11.217353370421792
5.542779941187187
9.911178810714434
-8.694517278448233
-0.7220965812356155
-8.971943874095883
11.349034238303098
0.28015375234841305
12.287951194628135
10.661169493628044
10.605843619784123
-7.613886798292559
18.211430340565325
-11.739559231960033
4.692540099755133
-4.709967951742899
-0.8882880615311635
13.95518342125043
0.8790940073635716
10.207154149266072
16.158324276816685
5.9892425189291165
-13.974036822997787
2.8981228655042495
-14.842198261771301
-10.321908567555365
7.838101785087448
11.758687613870578
1.9752257886425844
3.9304222579955517
-15.289682266724448
15.091343890368178
-11.14781771236909
10.41335240100825
-8.26994149275958
3.4119765024044497
3.1368814945042187
-17.946099652274523
-15.639526504254095
0.45481824807746274
-15.988105669968066
2.096453677044563
6.247645993542822
4.009529470843992
6.222575979993505
-3.032703163567555
-9.18189309938738
-14.156156064234057
-16.641111903131115
10.014598643878973
13.717811291620777
6.370273791929456
-4.249063485354175
-3.08295269951193
-10.074806544202561
-7.414208376579495
2.8892856349127727
-12.39910272644249
11.972769212875422
6.147219804793106
18.20511194526452
13.480029308840008
-11.100272895699678
-8.251266082550366
-5.292848419273747
-15.909072740701177
14.87294661860176
-12.786006338476557
4.107295875736415
7.098476069186693
-10.368386548968395
-18.130235486990074
7.003716662555625
11.286657165020166
-4.683265851496506
-10.700147447057331
3.7001160954605687
-9.832056531888911
8.211373250712702
8.513710260334152
-5.546864993667766
-16.316372291413828
-6.316874331712516
15.004480998628624
6.802545102432916
14.23723987885152
15.324615413153337
-7.251384450201625
-8.246321282741906
14.558386230545377
-17.34819833994475
0.10424411479956032
17.60520726126222
-6.932438166404741
3.8268650534774244
8.721096755654422
2.7924116372074064
-9.10877072068568
-2.3786933239227914
-2.7404079503695384
4.063112551682224
-3.974036353352307
15.761476653505772
-14.875973155468953
1.345364339296537
8.844153491944521
-17.67573888789074
0.5172274274127953
-0.8617501898267593
15.018314389814158
16.006345538767413
-11.539086434093287
4.273073799812582
-18.933448468928717
-5.389219764539642
-2.8108551987127424
-1.0951768045106915
9.265709100808783
0.6098929792920856
4.490410751766787
16.295583665428495
-1.759775972689885
3.8762239671136998
-2.484516801099739
17.080994153745394
3.6783091271651465
-11.260796704536627
16.857369154648865
7.573279397772711
10.11330122198564
10.454105105296318
-11.217200115434292
-13.060021737247267
-6.058336900772375
7.129284206687931
13.00753649811378
-5.058750609855718
6.687452122675864
1.5996569542652421
-0.519455612577953
4.57039681146774
-3.515910035160748
-6.878578729601386
-4.020286068865685
3.4896011582425617
-3.6432432573476627
10.215350420690276
-4.447846635778443
-15.221178258398561
4.417156217833701
12.50379426824615
-8.182105587639427
-2.9881291900083475
14.443971984618905
9.842167216247114
-14.310334686064815
10.743564999539295
5.060397982187519
-7.750847035665143
14.842078034301776
-9.095479626968267
4.886450441205696
-8.611607553660823
-4.490933910415007
-6.010059736243043
-9.22429872856092
-6.105155666283518
-4.972059706153175
2.175797983481367
-10.784971980244588
5.529572004189628
-17.20395007942182
10.794479190997288
4.991335890128071
-13.107462092796684
-7.79343806297722
3.9486505587274197
-14.487133236259039
14.645830512184462
-10.498402538120082
-0.620235286215005
-2.544460303637917
-4.211279982140885
-16.848095082246477
4.805210670009226
-5.730389852137819
-13.743403611650574
0.06639893806234373
-16.783557920816886
14.168263457154287
-5.912880349628858
-6.182990949139373
2.585144014347054
-7.246264387592144
17.797555877531455
2.3574342997336397
1.9582782875302016
-13.153050798691588
10.316222859144563
5.430359237157591
15.64807591622565
3.407794112432866
-4.471954125066532
-4.760918335182835
-15.345781639620704
-15.735277940408738
-5.847028444493535
13.289226651117177
-4.166756821042778
-3.8652084292503543
0.7967775343442365
7.987871696493912
4.720974430337802
4.276476443647416
-4.827133257656948
-4.111794093039885
1.9100399781354114
-7.567997606936991
-7.592543799210535
2.0589623121124174
-12.560662208185098
-0.7776351957813129
1.9951769286017256
16.207020937630755
13.131412240234297
-5.806713290661414
9.84252549771302
1.2083400369649984
8.242055436112743
-1.6333652886209993
6.094455940933916
3.2561056954397976
12.839004820848938
-8.062124898332415
12.043819017296665
6.982510407842426
9.250938612317617
6.607307568734373
2.5906944978846984
9.041739026835502
-6.632763516076197
-6.09922213088869
0.9894927492654807
-2.3250884761686206
-9.038962301708077
-0.939202931932641
-6.954441864405994
16.95028796125515
-2.6525557637771637
-9.213638584174184
-11.628563194959233
0.15570100414820962
6.331793053002682
-6.239324907376122
-1.9207868014616343
-9.262984717490172
2.0682873169193834
7.107468636300752
15.004874957013438
-3.1006230267429524
-3.6319857703947678
-17.18343283955148
-4.953291563778413
-0.4464431824868653
-2.4780059948165896
-12.20612767447764
10.100889009738273
-15.19601795187122
-9.388830786362021
-12.812306799463741
-18.00298667198495
-15.94337979996304
5.426100641515002
-5.519389679931524
12.910622633410469
14.134046909798071
5.778751294524107
-3.9461101022672653
-4.36249840831085
6.838258332083037
14.412536927239076
5.4041004804733666
10.214190669139835
-17.992757667100303
18.781552547979754
-7.960563405859381
13.633396144536695
-19.653351348551777
-5.843504563462257
10.924758259821093
2.6591940381610923
-0.8066865826285666
11.899258329528545
8.143878060865617
-18.027559978797527
-7.468112882205262
9.068621805130757
1.8622454906118733
4.068026964818976
3.8875518258991772
2.1427872185478254
-14.43976082639141
11.812004510109022
5.536656251887226
17.742201979042882
-5.929160124665152
-9.422890853003945
-8.741987106127123
-11.204366850061305
-9.5622366663956
-4.1198364552853235
-10.943255389664122
-2.6508762884991315
12.849888681307469
-2.1422224693505587
-5.507742592115292
-10.741064500252614
-13.998752724478
10.687854590079553
-13.96798821737073
14.846262634066473
13.900810446823924
-5.860425993675224
-14.763833404704704
2.7521780414818884
-12.796629265535035
16.86369719882638
-18.475708304021136
13.420939569271276
0.45232148186063675
-17.042642705061482
10.340153745921402
-7.617746448362982
-14.160698269738582
-6.81212609429522
-4.949809008188593
-1.0413475709214497
-9.548634998513494
-9.316572668328835
-9.764334429024567
-11.167034060848698
-12.057929620093
-6.274097711189893
0.13523090272736335
-1.1870394689428747
3.610241048581492
5.111638870211248
-14.02027121096455
-1.2138546683365885
15.828690123967867
18.57741643567909
-9.347288481367235
10.336945554530903
-3.601571738599701
-11.869265288315813
2.888386224774714
4.553777613909863
11.885559246808686
5.138893795240429
4.327514207441456
9.051976768214722
-16.6470740397408
-1.3579595526575317
17.549768158581294
-8.50606736065055
-1.3832906990417324
4.978753925185035
-17.976840411225634
4.169840512448272
-10.199114340815719
7.932385751173657
5.895446138166239
9.00118834756951
-0.4289546641614302
1.1286879437590605
-10.333586245714548
9.541347465128156
3.089466474727543
-14.84198689603671
-3.9821567775303515
-0.6235815467626183
-4.3148039991434946
3.8516227441973454
-0.2198250066645776
6.852013162385032
-0.6427743679699165
-5.418044276889498
-0.5800048996701986
-4.036386654096922
12.094272455925504
14.023517942625142
-12.229331740680351
-14.847885222837046
-4.340978244811903
-2.7769833121541794
-8.509405152862792
19.13020796859833
16.936816034811756
-16.387225861317617
-16.09392516191907
-9.552145095092294
-5.856097274183458
16.202307193935635
-10.359121447600527
4.505718419531181
-12.080977067924799
-3.1546067978960792
12.698096815838149
-16.15707959968281
-14.13510660849063
2.069295284740404
15.927137330010156
-16.62236291554099
-14.14870481669273
-19.113553501116286
-3.219748362837949
3.4406152192597963
-7.155754089383564
-13.72848681869998
13.321844836111707
-1.432697087666557
11.706155969336699
-2.80937574280594
-10.106851655631065
2.5990260165753676
6.492379670617103
-1.2444465357140373
-6.504912691244692
-19.1166970310519
-3.069851490732111
10.858107940730271
14.312808214034673
13.488779511113467
-4.50424077412394
-4.2182021242053835
8.206942525039462
-8.152155204725759
9.850450304279766
0.8659381062278465
-10.681046340771527
-12.97019092363765
17.77506218048273
4.765949404635363
-12.78802466462526
2.286796220682578
6.409274793140966
-18.47195642952389
15.356498272146137
-15.01901732950863
12.165894465143579
15.786760565607315
2.388424093987798
12.78280834798042
5.391471231174225
-5.777006357866779
14.361537600783757
4.428955749258582
5.585036871390233
0.37775341190665906
13.223805559017519
-4.69424047078062
9.038948708812018
-17.714226384332292
-9.213563958786303
0.21857227666492365
9.884765947744462
6.3167408317198195
-0.570036267778331
8.917460792525105
11.702720923254201
17.35953778461878
12.148926357709847
3.7945795229494137
0.2750051010980836
-5.967884724962903
13.167105254621253
-18.070862399813347
-9.102446288035518
-6.461186924328736
-1.6289588823949281
15.920114322427834
-5.360246831412696
-10.981872070914491
1.2466925526577903
7.89115210928004
-13.133964177320918
1.7771079894574695
-18.840552675161767
-14.579438634291845
-7.274995030221453
-14.078126935510898
9.997023968573332
-2.4849821106943866
11.050078436772367
19.217122339596767
9.544750354620042
-6.923665323863658
-3.060783751329613
9.14221125272513
-14.731765631502217
15.854986474486259
-13.708524831737467
6.201135238373137
6.800769121610144
0.2173269920044666
-3.4523005953925128
2.356803657185853
-13.20641354651276
13.647489654106407
-12.82811174863097
2.9490285771878293
14.750950476394948
5.29251177750483
1.8866290685668126
8.88018370361559
-10.42635410919128
-2.6718969627864353
-0.12339134682682505
8.609343337774991
3.523178561997337
-5.817593521143069
-4.233602495802569
6.776167281461688
-7.780606441945463
-13.99505434339066
-1.0412039384127019
-8.187646134472844
-10.589157126342549
2.3166364755130218
1.2534932509075103
-3.2545814354119553
10.910322515126914
-0.610269117523784
-0.823232193874088
1.6446515115650016
-5.147241619350738
-11.208588669965097
5.51893885219306
-5.571932144074737
9.111323352241888
-2.442333323684461
-13.657016941728816
3.5556562202200412
2.9046314578169206
-16.790635634343587
18.467995568244316
11.549504991719905
5.107022815128594
6.9403278146503045
-7.487436782460084
-10.280585413334604
-1.6640933844053838
1.2644850613736822
5.378089734667055
-6.344543305650801
-13.639572322413516
-13.425627216289334
7.38575038944073
-5.223300702133613
-0.6987516654924237
-6.867132479836702
-16.83295101908257
7.126311896889222
-3.9744240612440227
3.5323061042161408
0.17474681510167953
-9.345412767721376
-5.564625527926276
-5.677487315784777
6.527647053388676
10.456474086593062
-2.305487925443141
-7.66453016964175
8.161192441921001
11.528983137649297
-14.972454736444533
2.46138605092122
9.894480498043931
-4.656702856024184
5.350184973027517
16.92687500899765
11.655208689255499
0.8283951996005735
-5.201829791417387
-5.642039136934653
15.36641475632932
-18.570215138120272
6.525620099906877
10.74074704864762
-8.677479363898899
11.08478364598939
-1.511659625644198
1.0110763729873578
-8.759794163247888
-10.095146904769134
-2.5169350218119697
-2.9459559724463635
14.665807495833393
-19.577860964394766
-9.942596321412525
1.2331439902615025
5.0256589855337905
-3.8831122106048492
-6.212549920804638
14.81986594762859
7.698798650759897
-4.241950660381019
8.593795994389994
11.70644797977144
-8.722072956686764
7.049316958049485
-17.154639278194903
11.111049454176992
2.9504002783864287
-6.212578565296117
-0.732442459964807
0.5481790661379106
-4.66077720972433
-14.322959817096269
10.3075143337715
3.3926475870942023
7.244694893375646
-4.335374884933504
-11.11420057138015
-6.9129137698263
3.3145660992144124
-1.896701298111262
-8.349387583589813
5.55134909982146
-7.114910932241791
16.05417434170535
18.740014196436782
9.726888077881501
3.701827872586747
-7.843550397018557
15.317402419705154
-17.593015702592346
1.2930021109735967
-10.610459149932096
-12.229782752080512
5.1848529395908995
15.244033149615401
1.1814226126086194
-18.45435113591809
-9.685936380008274
-16.515288605920656
4.22309678855995
11.44157317653489
3.4158674487452725
3.2801900617047406
13.072255153941715
-6.936185443165842
-6.492015928285363
12.242812174226495
10.35117222873606
11.393381869187321
-9.810704077102459
-18.69739051860568
-3.0196777135524164
7.282814404940473
-3.455867151053278
-0.8615352749104978
-12.354101771560163
13.397664689218436
-5.8784592476446
12.0189742167395
-13.576419579476363
-0.8265888883899661
-13.787968934155161
9.25213719466099
-6.703852797181191
6.419746121138442
0.7523937679919729
-14.328675290556298
12.28623618284577
-1.227871337046441
6.793501934522878
0.22042480723424202
-12.812466694664513
14.02739555995096
11.369295840509475
0.7700508178514746
1.7588765867789147
-11.296504743096285
0.06349189791179577
6.9963086449431575
-15.209758114644698
-1.1334920471460157
-7.962212200233968
-9.024172019123005
7.168036753327759
10.40934091677422
7.923647225089483
0.8992646901216093
1.899398968688316
-16.645436554540485
-10.495223814685108
-9.930690754703258
11.476721582072862
4.6776714035436235
5.642222935400173
-0.021931451240903302
12.632997793364014
-8.514572298121116
14.696793648113362
-12.037633292534988
-14.715322093822934
-0.7404595720958029
-4.255405305713207
8.835788256735333
-0.4085287573298516
-3.9002979142552254
5.050374377763194
-9.71555527912295
4.010528524949435
4.05019617251966
-4.981389441476596
11.96779682569548
7.362340893322725
-13.162111074907623
-4.837544522351974
13.443306162500926
-2.080885077505843
1.500370336246158
3.8371875760353618
3.788382053583411
-12.388362067044158
5.064320278438134
8.852550474118193
13.491197212342383
-1.8740660385259016
-6.659764451176797
-4.6588661761908
-0.5174423865669486
7.087896147517403
-6.806024617716536
13.169954682800046
-4.786400469243103
15.317543778520887
4.26437040471417
11.789867354833193
0.3726541378445841
7.8175090812766115
16.24364798278314
5.92428093463712
-9.323852821867408
-13.399237971743666
3.7168778673291776
-6.17666262496117
11.106836797184393
4.571972683452995
-7.668655963408071
-7.144555909297525
-10.734042725875215
5.762894795573098
-7.564296663583966
4.555169943717127
2.4167960286253813
-18.932852523307712
-3.7889419433460017
7.794892700691781
15.11513262313146
-9.1792090851121
-1.2134888899939604
-9.436494302948443
4.742857720827608
-11.60960270696813
-14.47825325138439
6.812306937528138
-4.946393240907776
-6.116630502003787
15.33927641214976
13.204652469280687
-4.600243507997147
-6.201376447546463
-6.364628173187264
-0.5217763754674944
5.9627567525749985
-9.507338027973312
-15.073716304171795
-2.988052484850181
-8.050731370650231
0.468934402326078
-4.288704802234734
2.3588180559079905
-17.07986473809253
5.497110440303201
12.02554933540456
2.2097089362756
-5.372924618298007
1.534243009444111
16.459763507552143
2.615442142540672
18.14016896903043
5.838110171413247
14.37808898520352
-15.311053735461334
4.839209782252667
17.267670609002796
-6.292321595969483
-6.026892488716891
18.76662996747154
4.212086884892074
2.9585663209792354
2.287138787997623
-6.179853217125539
15.425035446326232
-3.0457681132368637
-16.826999493186396
13.249364946691225
-5.460228443584498
8.534217508418871
-6.339383284223891
-16.66789687272296
-0.024836452110989334
-6.1491131235259475
0.0658614177362409
14.05208462717703
-5.039367266956551
-3.8835510883103037
7.708439174734963
4.038673210250168
18.026811619687674
4.386253332297503
-8.870125741531236
0.10792249951003961
6.333085400059994
-9.200812251314813
1.7008710688979594
5.288438677648526
-12.241414051052429
7.455091535038429
-7.796577395878823
-14.613583737710341
-8.010119082087586
-13.595845670343634
-3.755109750362714
17.95545064605603
-8.388456426750396
6.857466766810808
9.79490881073462
1.0721370093777387
-7.622684833145213
0.06674939673416087
11.26972847306948
10.223269074169368
1.8441582559972813
-6.931559416540362
14.202101478047751
-3.453198096178632
10.228745454290634
-7.067048180377757
19.719001739053777
15.651577328938243
19.315491967771983
-2.17444723017469
3.5865056081301083
-17.332278255298355
-1.2262809943788182
-7.536854808120943
14.995703915756657
10.335665331358056
-2.0480987570153646
-0.347226869309939
-8.662585643120208
16.83859274155278
-1.6047925584463671
15.800660092927675
13.207276154200727
16.83577108424568
-8.84985175985221
6.9849407851641185
11.620632339465498
-9.070895401752901
-1.4694975388165836
-16.391348961131715
-5.702489504511477
-9.033995406866024
0.045965076578161825
-3.5274829964243186
4.406549923800011
5.84589646254513
1.9940626076926153
14.467189827732991
13.553349843342637
-8.030750078839638
8.124592971895911
-3.7511868098532855
-5.02299100788898
2.295931695662787
-9.61491962990899
-9.815938992459408
-6.235851889235099
16.399349675979725
-4.464524193739992
-5.292512991828025
-0.07273896453894092
-2.6750526932251817
-5.119606451976962
4.1976979229159
-4.14635634309307
1.7959789330462146
8.549119502546743
6.992638621811078
0.3539890046656045
-0.8424736441395497
-4.383703832071663
11.356229590747999
14.539515483057018
16.193671676524637
2.0826356260096386
15.835070339742627
-7.584268902130687
14.021210453848598
-2.6109259341818922
-7.404291080595904
-8.088613762719138
-8.430205227699542
5.128920206529292
-16.15155935328225
-0.7804850588852569
12.191282077082379
-8.060038586037688
13.961768680080768
10.79269500070028
-13.619888342667403
-7.078125283523444
-8.840708364234501
-11.2195985270647
-1.3472778165684753
7.078398409689405
8.042446184524874
-5.795056283866718
18.45942657961941
12.446769284624274
13.856444804502775
-5.03559673026992
7.638525954146732
12.548309256390489
8.71142115604178
-7.7133440997883955
8.096996231890934
5.656530212690864
5.585828061882539
-10.832355268646937
-4.217933208621226
13.85653490956079
13.18947782040111
16.660501380427366
-18.557441746515174
-4.189947734029868
-8.588884999708238
-9.999190460920119
10.500159546279903
-9.977410098283125
3.5780570524407835
3.5557894312945497
-0.5282411955494402
-18.54498781171749
-9.589638118747347
1.2702954493896552
8.828646025407101
18.296429580597017
-12.24910640931581
-8.67895358797834
6.740387187963358
1.7522993221117455
-5.32738950131653
8.120259318187726
-1.741075780737339
6.214658663475491
7.681624925468212
18.01686304103419
5.810297443835424
-17.665851804799395
-12.42704175828589
7.203541794267037
5.779654553594429
-9.070392576354038
2.6802881079951986
6.404166433430957
-5.046553445784594
8.444015575224745
2.44624279419471
-9.478284857260793
18.802185375607202
-10.077696789299834
2.2950616425195673
14.854909890617131
-7.441729685554368
1.0624931477087778
13.648864514525705
3.2706740852063243
-12.923560643319167
-18.220889116367324
-6.220970677525807
6.186791088808053
-9.544386832686815
-6.6709560800685175
-5.657246676131726
-9.41810774337635
-1.719042615988235
10.737924250070172
17.760850014241836
-0.8132865900777712
-15.474263364339217
-13.436296849675069
-7.172699231747566
17.731956026002592
-3.5358327194221926
1.1633690508014791
-6.739932570384308
3.404092667118165
-16.88878830107794
5.008929020362784
4.322046866677722
15.428336608830639
-4.7264226788090244
-12.620795519089205
-6.950528060283924
-6.312419646616141
3.550627718100424
-2.4904839992512433
-0.3877494200854253
1.154884741108595
-3.127849027413354
-10.35242068199246
3.4273428884551413
14.716266975170477
-11.458430982252375
-10.958655327120441
-1.9227350722929748
-1.615439848500766
4.097591917742207
-12.423499760523988
9.912949230085234
11.536164081179363
0.980810433733018
10.712195439745818
8.62317227052345
3.082630436303216
4.759438779351557
17.51896146975727
-16.152138509598483
-18.706613251725486
17.46508335601877
17.77403483200668
-6.857844884157105
19.12811148345949
4.853065334474425
-6.9132966908410065
15.1857698316554
-19.840792342422976
-3.400312785655574
0.10320420102389465
-6.322678813773494
15.17033223788445
-2.048577704509561
4.420529984134927
-9.947369365006788
11.136284445074148
15.070915010745466
-0.24713700331898764
-8.556156846470426
-6.79422797303869
3.3732808049110785
2.612037616673891
3.1823636895391187
-14.787542527158479
-15.654052300449004
6.2019862195128255
5.565308329377848
-11.365627863456233
0.2168144367892513
15.089190871674157
11.208454217735634
-5.303546957431428
-6.5539067969300895
1.478842556223705
12.889788467980638
0.9371223656401856
-9.85256196472566
8.320118256069494
3.4300865972305217
-8.255586371458483
-10.067622369292549
16.620677446101926
10.070855739955931
-12.493353449502852
-13.627031132910352
-9.133642660551887
-6.475027562977436
13.435518707463665
-1.2037904274654276
10.658449941809502
-10.282909038474326
5.934970876221834
-14.606020959711095
-11.340636706488944
3.73146803132696
-9.848091878339805
-2.149826605537751
-11.88041574910899
14.889412730276616
2.5358869670725848
-13.869162671682732
-9.464198435585114
14.215601497668912
-11.990682089688393
-10.033809997814823
-5.279769465358101
6.093392775347432
-2.9192262037056373
-10.267578977114093
0.0706027567435715
-7.704946523961888
-11.726244619114269
15.822801101715207
14.344710050977334
11.80065348668294
-7.217008250012876
13.071250612104977
4.967664995655215
-10.484635563122753
5.233828273145964
-4.087925835122329
5.953427731249047
-15.034853038068071
15.087164531087337
5.786109212964788
-4.072651680061603
-15.391131285626605
1.3056229269299882
-0.5105807574989868
5.238176320843591
-19.807006923359182
12.79091087901067
-12.028872208393201
-18.876065680036444
-16.10873340906454
-7.4411187157683605
-6.184165708103994
-14.239448100917036
-16.64783605113729
0.8728562791052596
1.1955538627053
15.045969195422177
1.0390262743593237
9.811314296740933
-1.46507006416229
-8.541122527364553
7.879053203494382
13.804493500145531
2.6231584612828507
-15.267442823699678
6.181937222165086
-15.761718793988775
-1.6199524083674859
2.4243526464841905
-10.09125324533751
-15.217503241499816
14.580732569336416
14.039185701746014
-6.050023755606419
11.622499063833546
-17.190387106965655
-13.43527948533211
10.660220383847626
-7.4280553227918364
-6.663747248944767
12.768046588922752
3.442089570990324
-6.765340018296063
6.354533099800938
4.651698861485204
-3.1669585862323335
-7.184058636703763
5.07269236349979
-6.575842838845337
-1.3688182457041504
11.484839145945038
-11.115072137962168
-7.317141615484105
-17.517896691996743
-2.176582909112188
-9.728555611045799
9.13542972600384
-9.777855448253089
8.683840128344077
17.08978316626784
-5.089719871030826
15.534655888065478
17.446169199765006
-9.690490100361782
3.6902209598226925
10.972286096848654
4.142532114275097
15.436115519335791
-18.005394828505025
-7.793886343209933
-3.2416836259748862
-13.726200280672314
-7.022944864200734
-6.845050289982381
-11.368813416653198
-3.0252583691531587
9.437584031527559
3.0369576930732065
2.468912807031703
12.888551878386526
-17.011204661221935
-0.8681545100532166
-1.5117241281561609
13.346914367240348
-2.609254750556476
-0.6199311886110052
-9.044191299323096
-8.562694285009226
-9.059496920447685
7.210346900509556
2.480395972821765
19.13676700669384
10.982310730016538
13.10364427529913
1.82706369739769
-7.981150317236641
-9.905114289668742
-8.473346707045255
10.402196984340476
-15.231730449500755
5.068975316280954
-4.114949051980314
-18.601981100183604
-8.12074173093554
-15.295841404855446
-12.996980561368087
13.669479186111946
-1.9152726121570263
0.7758430601387333
-3.6096651705186673
5.279287179584094
-0.6313591418428626
2.415037378163937
-5.447953435154735
-17.88990532293567
-6.03466175082667
1.679713961091282
-19.71058318836179
4.016998483410508
7.094509083258073
-3.802028806754177
7.43855023755278
-9.726442453058247
12.324830662324938
14.71586409871732
-2.538261390180525
2.9557598429401843
-13.611085483701967
-4.9026330707390064
7.3272163457199175
2.4039879355271263
9.824750259090047
18.307416536909688
-15.121229148840444
-3.7809796867245216
3.106932443149165
11.38115329160355
-1.517838830603921
-15.751810385983626
-14.613605814965158
-4.426884726603267
-3.137812512679278
-10.911667742572423
-17.518497181513773
-0.7390856891998949
7.403608251289539
14.621369878068986
-3.3668644875000795
7.886674680443604
10.60649600680635
9.770490309308983
-1.7727229141483125
2.1934375675358813
-5.458003203167172
-8.204801833600069
9.51573068092195
1.8972922573658704
-1.0865205217308822
-14.925913128012244
9.968804722152614
-1.319106026863622
-15.748338056613226
1.4251013026584718
-6.054717506991867
9.95727180631097
4.275803131482975
-14.103172700201078
5.615095646786751
-10.311388052884169
-13.34229248816223
-7.644545977209206
-6.762681174279378
8.441982088831788
-9.353199191091285
-5.392200757967878
2.851566868302116
16.438796269052844
17.750333314145877
-9.318917553704408
12.080740366622356
-6.878681604832145
18.5452879922591
3.7966242585416237
4.876287078143484
11.165683607773692
-10.96935758401561
0.17009115844802475
12.562875262006328
-15.460073923309258
-15.376335095407326
10.172775249828375
-2.5641791264390092
10.984752033150054
6.909388614923164
-12.867281121191008
-15.63102373456268
0.9364581004850003
-4.097581716562058
-18.252391864662354
6.893519182890744
4.832895550076949
14.017836728470698
13.661101100177849
4.69735403141981
-14.080374565600943
-6.659013219063506
9.17155713407716
-5.639961518622888
-3.01920584770934
-16.450344986768464
9.194165874176644
3.4050961289284944
9.045023813089518
5.830272465685784
15.093521185620038
-11.434756418961186
7.791873033273118
-10.453163798296712
-6.9073165729998225
0.5362690079020652
-1.3219950825820717
7.829256160968898
10.267692741585916
4.937425560116731
2.0158118376022856
6.469489724597103
-3.8663281466869375
-10.98068702430201
14.12684731243421
12.016445997839215
13.805521422209326
-5.769049193329396
12.772610666893312
18.1821268752919
-14.484047099444675
7.827527120205062
4.458776980860746
-12.999870649783173
3.39718819617949
-14.16922583193776
-11.09098965688997
-0.43008940202157686
-10.00330070685508
-16.592108246821915
-15.998834754870089
-11.519919977394991
5.033458731262891
4.839462748292289
-1.0581233713546623
11.349944180613727
16.968566309548983
-3.480710361549286
1.4154268465332642
5.646198071785249
-10.525885794055453
0.06590923386293175
-17.907552423162986
-4.861524154346126
-4.644399091518343
15.9750674972228
-12.14175472439053
-1.2571039586918766
8.93688948661287
8.144250865917803
6.5498026066883135
15.056454774846822
2.682163355355253
7.652147825837325
5.154287313394608
-11.377683770212604
8.570644447014681
-3.1858784109253526
13.683451699896581
8.250497166710678
5.164685458425832
-2.906040016355181
0.3286048666282717
-7.913331340563631
2.5244636860095895
9.090393095686423
-18.39360674953513
18.794280896378975
-11.584962775792725
-12.106681669283901
3.074578377393499
19.19332068376535
-3.4296795392354262
-0.6519247416987628
-8.856234320395156
0.8297831023485225
-10.670216237239256
-11.291265739146587
19.491474112550353
-0.6655383798204071
-5.962591830148066
18.194147554247415
-16.275356498257853
7.412803849279998
-2.8080600242663816
14.579684467979652
9.354279685075126
0.049344019318562526
4.502588189596389
-15.197135716899677
7.11459119997528
5.615849366050257
1.0249998204515745
8.46305434655757
4.051679938248026
7.81332010537714
8.317929019626582
2.3655081584792677
-12.774833188661345
13.292768332692413
8.50016269365393
-15.212579570116883
-8.296932115119725
-7.165911559681641
6.899811522528364
-8.465121108051413
18.55881766672235
1.1374527053764887
-10.770270320808196
-6.387765691406087
4.66323454876104
2.3587304465554024
13.961537093135147
-11.31907527349674
-19.010520981164696
-3.123929569644919
2.314124080145081
-13.168484606554268
11.13995639596342
0.02242596202366029
12.464922549116023
-11.906527161671676
3.81091804820231
17.058543105906853
-13.848418259538592
1.7711750139859384
-1.4014163447763721
-7.869731687556681
-7.101891137401102
8.671256968086231
-3.587178326036981
-8.808062658594835
-7.685974435346524
16.88747468466341
-12.78836753168619
13.373153330875667
-18.936653028854547
12.55912193560983
13.727423847999969
-17.50795682162343
-4.119218438335997
3.6262156539714114
9.227280321865479
5.257075612502198
-15.260436528529977
-0.3508679722338713
-12.735976052147311
-4.265798125002016
9.590786921656914
-8.044959838370627
1.676942704539849
2.093737457285641
9.181795787749612
5.956236892014289
-0.9056540688178459
-0.5060012458884129
1.6117370861136036
1.7643619757231692
11.81064742313459
-1.5249654478785408
2.9757029771797385
2.995246401332496
-12.072469633342676
0.04049743110301562
-6.725205030414255
-13.996671164380398
0.983193910124548
-2.005231619161056
-3.7516795321572687
-5.199988416414397
-10.826479394865762
5.632764532460347
-2.7765320224676504
-2.5825468038530004
-14.05780580126598
-1.5342464747575832
-18.88274178536867
2.3909343501368796
-8.738329963002833
-18.752983472300983
6.122380004794902
-16.664902351197686
15.637790942114927
-1.9611166757997105
-14.448779125878554
-13.632847344023384
0.3248398580195823
14.699481543426023
-3.0758953661570683
-17.081670141376055
-14.862764432208692
12.110260478333162
11.876557638730512
-9.022024783246396
8.912881788338149
6.663177127477835
9.008573801098
14.575840140953417
-1.5774273586456578
-0.5532109947057574
-11.808320794437046
0.3762715888976539
2.2197638459143647
-11.221079464987538
0.4769853157547295
-3.0646395985735753
9.465861898527782
-0.05172015748227419
4.655913922492274
10.272870079737078
19.206458329106493
-14.115619356934054
-17.822294996254527
-5.02588011900896
17.86957660536785
-1.1513808247425563
7.644723914910682
7.826379901965847
8.379341474476146
3.139925390263404
-1.324427741638378
8.831209782647806
3.144423136106279
-6.592855746898622
1.3389997079275795
-2.4954693261753897
-6.881320301444857
15.039003945730322
5.929623602500056
12.781054292405488
-7.046299554088143
-11.378913063444392
10.348520579400056
4.399833904138824
6.494402957882276
17.132310182401696
-18.767245451697228
-7.099048658615204
-7.953425281024459
4.619758459191159
-15.578205957599552
-12.372011897754192
1.8358613319529447
-6.825666461128877
-17.459874242218817
18.451067632245817
-3.704158143853642
14.062903537044527
1.8969491292323588
4.457421637744112
5.530863903668487
-19.48888786109366
-4.581576091300105
-5.7116559250933
-9.320958547131802
12.55043833164631
-1.4458561989150935
-3.3932610487360866
-5.627616576780847
3.7906337245301933
1.199602798250139
5.528942728025265
9.481144189680444
17.104612178799403
-11.334381302108442
-7.988581563674631
-1.3720195323593176
9.010158558659084
8.176946131119063
-3.0816190547309916
5.284910380790696
-5.506378378422476
-4.359919319680968
-7.3688803472216335
5.528869166367455
-5.696134116269738
18.07302511481931
6.338051192700681
-6.924344752139343
-12.547679159608817
-11.497567612051219
12.23279530684586
-5.969093294679475
13.944581534618143
-10.880087078208923
10.595816919219441
11.949540596718851
-10.255563625564713
15.595040149463188
13.597896942849614
0.6044244848473042
10.543972661468827
14.83333229180797
-10.901840615288203
19.585836398312892
-12.433764107146377
-8.199872458072605
-16.228387285029036
7.786495739337497
-17.257766248581248
17.01015000340324
-13.095256664560837
9.942836878765432
16.22519051546087
-10.438742446198264
16.812062480781005
0.34837395574229163
0.7772136454749649
1.0121841916095924
3.3626118111694727
0.25298610341269434
-1.5997875351780741
16.957738057933163
8.423680686982674
15.413607326506837
-14.675481969288727
10.004739623247268
-13.975690033734216
5.208291809190715
-17.851980979073243
-11.51833157092745
-14.238789015282284
2.6926128379243464
4.054374712450438
7.591326854925359
-5.117512200173173
15.927485710290759
-6.850971752611621
-8.247461424951998
-8.047389793581626
19.23998008207431
2.8437951530257912
18.641940438363818
-6.151150795575061
-3.8391538484557555
-3.9783592064079585
-7.21355437403655
17.760314714707338
-6.26708458092945
-8.73187879938524
-3.574576140795673
0.2559800346096254
11.308128473727525
-2.9358474293731973
-4.728858941070391
-0.843405414695115
1.0378088096412346
12.399047232720362
13.400840196003063
-13.476911919148568
-16.04425194564295
-10.783324801632665
8.20961453081086
10.629353167188576
-8.529756217801543
3.8658144221240645
12.870996680952379
11.897556070842846
-4.02567762712612
-11.51040356437988
-12.063562898474414
2.900702766536908
-0.10549050861698395
4.799020344826385
10.866245408338626
0.4100400796403659
1.0434111551256615
-6.229489898060432
-16.10019633330718
9.975454319200821
0.23546930270697064
-18.433910152135315
1.8866165768129823
6.439340695694245
-18.462555630302813
5.842551273816506
13.714347884478773
-3.62711822577565
-7.781218086612633
-10.585572317017458
-7.919600999110803
-11.960862268336147
10.562981000076412
-0.5771617723993894
-5.8880468195981654
-7.03603271168351
-5.295032849319118
10.31644283009529
-0.07785908052936419
-5.560374245288924
-10.308694350817388
11.8188403530299
-17.80298322520644
11.31467136427598
-5.996118106914712
3.366313618688141
-17.95177922026094
13.913148546336332
19.756088790611514
19.681227250373226
5.420309489317415
-2.9380244768568806
12.81805930579162
-4.884308834220302
11.164624980107567
-0.9309970443918612
13.681843652413521
-0.6638304137014315
0.5145258163795127
-5.256736532916471
-8.149856044254609
-5.3443086068886245
-0.9806179714086056
11.708668716353857
-7.729009833159161
-13.178433691057087
-12.543119020240521
3.0915398588985137
-4.221936655190362
16.943571544768602
13.363560264668235
18.05964750695291
-12.146663853425258
15.93081989171537
-2.635327946619645
1.650721466268503
-12.86971168530554
8.21691313136596
-0.6159664227026402
-3.780389222037383
-13.73327476774895
-13.325484811627252
-1.7564309907076676
17.28207457901323
-1.9887677819489062
-5.868207904444665
1.177192043658126
0.7865861324129519
-3.964007732196659
4.851218166843044
6.1054259964619995
1.560988864439618
16.682032889657563
18.098779244176665
-8.054200559561833
-7.6383422024134395
11.85215212813339
-18.15928770531204
-11.625345309062594
9.089582452393659
14.095208679192757
-18.681975640846215
-6.355333037205456
-1.2302901608222243
-3.473437732315308
12.646104905258515
-15.062676082135399
6.284291577054113
13.142896643328129
15.79293621457693
-13.680118990623622
4.031429957170373
-6.430605772473583
-0.7085987315838225
16.61027987852913
-15.420831086655737
4.166817838502822
12.49444593091287
2.2278496416605567
8.002514481929856
6.303865803476547
-0.9222363409177939
-2.035820723117177
-3.0686781880330014
2.4726277916816186
10.006363625726609
8.723003396560976
6.296577523128316
-8.164470184020223
6.166915561604652
12.34156265806756
-2.4681966690638424
12.617803993373366
9.684595784337848
10.994471584876456
0.6484114273998837
4.178061149918469
15.9305186973625
-7.256511250954539
-4.826189337882712
-1.443719919897299
-17.741678814022038
-14.14215007317969
13.879080152296345
-5.3462917115135555
16.272003261468665
11.018280209516913
-1.8200227594389566
4.694717762140152
9.700852451364765
-2.633473103559114
-1.4725124520248882
17.543621898408627
-5.385167432828631
12.967208303039925
13.529005533607744
5.691769712477324
7.475762747344397
-16.33304483256221
11.318166528098198
-13.729613732180784
-6.4981322370546115
-14.725905105674768
-13.398846886703046
18.848445738505706
2.543945082331329
-10.26597542639883
-6.8713625163595395
0.8649514783915473
-15.680705520043176
1.2690760236315335
6.96862819255449
12.236785854764118
-7.246304691121286
12.407651845606175
13.397355228604903
-6.179885017258597
0.3465625680562745
6.415356059318749
-7.903692594687534
-13.38602719500035
17.221954304391563
11.860120335641025
-6.924373455369301
18.81542802836855
-14.412752053343137
-1.9417666510143068
11.226536063780687
4.194607774570434
1.4896168357302064
8.692113788794275
13.669090190648758
2.4212176713209206
4.890359564523375
6.785473323637352
9.962997330318421
-6.267841992374584
5.26247836365443
-2.188876859622098
-5.625961190879626
-8.756044466593696
-8.547471878464794
2.929360793630512
9.152321087033956
15.586387635588194
-3.5778465195867613
8.175295379161
-6.360764435745811
-11.391498704797904
-4.295607428864227
10.656795445088896
-7.413651039475783
10.911453234856184
13.262697384530917
15.709925512820897
-10.86151462538606
-11.22976278930038
11.574719188840554
4.413646113647893
-13.354014077416021
12.05255437430764
0.4921828098167563
-17.271946365075927
17.321103974595434
12.533618229890468
-1.9593227801064077
-11.431734118202618
16.037199816493676
-2.0691249036846866
10.443954765503205
3.047883065169481
19.277495463932013
-14.13476769415662
1.0999844929085363
-10.233955754790982
18.949683095161454
14.154976824199565
11.280811569476793
-10.374438522921261
-12.210709980328422
13.146287667831736
-2.5593629103841664
-0.028647021046450498
4.134083898564093
-4.5729492692171565
6.623090788481301
0.009206602851630209
1.0946412505522976
-12.65450844755369
-7.3084326908380515
10.787401045057372
-5.626852646682509
13.110257951210798
-15.954533813270329
12.242861643624991
3.2676913193267545
-10.677296895864767
-6.669772381823874
1.2175980257619154
-6.368616929889826
-9.78858972190006
-5.109630541201913
10.933812326514863
2.4375150933351337
2.2386937046585635
5.903388196897769
3.2755880275130846
12.048914313264534
6.504363431092853
19.402651201648588
-6.708447540398047
-1.6302513503729401
-3.3791421036361866
-1.2976728727905478
3.6801696908853954
4.744272845297067
-11.960653510320775
14.057766069459552
-10.00758475394905
-14.925166059307326
-5.226027071347586
11.669003432506845
0.7891732852829633
7.21473492589705
-2.9912471657788138
-5.2520473721277074
5.327676472626059
-8.834956023568976
7.06187246216887
-15.981762930040285
-7.0849972370602385
-9.585942920178534
4.867758110667661
0.3684455155080143
16.22156294014217
5.4050825515333685
-8.821885826202742
-16.54659674835469
12.88227221531253
-17.637099476864073
7.294801287825259
4.872618357350914
-12.80168370828123
-3.707727564024669
5.597051894583429
-6.092682551339498
14.405665903417146
-12.278319767920436
8.171196620049367
-0.3999626780388787
11.991830728978629
-4.638620006735883
6.761225414410363
-8.407929370931434
-16.84811180058141
4.018054196888337
-2.5009084360143614
12.593683099940701
-0.994377723312416
-6.508984978603135
-4.339770708560813
-1.5390459822584068
-15.23099001313829
-1.1866784864970394
-8.6262975887184
9.36737179315983
16.24765909858607
4.664376089989554
-8.972227144427967
-6.780035750130758
-1.878753397327897
-7.878566939542719
-2.9466810665995844
-13.378453532069228
-2.3806333372707735
-15.58656709160408
0.008253144394013196
-11.861026949230784
14.249782914667689
-9.365104030046853
-14.393442879414524
12.086219392509115
-9.530456457644762
-12.53541552885252
2.3519077360734033
16.13480759039025
-1.591395536968963
-10.695634660252717
12.888124893267516
-12.430162204137666
2.376244658796802
-6.691820169229516
0.5942195760410203
10.8972283976424
10.605239734882188
-3.1789225483055956
-11.255421713046353
10.891585725820702
-14.38830169149667
-18.5398922296629
-11.42806118682925
6.829853954278109
16.32455627888674
1.2187290941517133
11.688283915475237
14.589508510142855
-18.66498589353173
-0.240046091988118
14.49718073157841
-3.265127337250221
0.6571585354634056
4.668915951667739
-7.904301532958718
-15.48814144582442
-0.49663038806626947
-18.240127453765336
-1.5315841942581365
-5.697585335445792
-12.752014798330574
-6.4992226711551675
2.8898332784276946
-4.380150144186398
6.678927116186173
4.29130726187139
-3.5528862108561596
-5.679843447471779
14.045975421733857
15.666466594196839
11.919395876516637
1.6267050674411634
-8.43717641263433
15.963840103599015
-5.4486563151438645
9.133569240503261
11.728394162129286
9.01459048143846
-6.035160637687461
-14.938430188930361
13.872922614209076
-5.596185427330614
-17.60185739766269
0.37414547779939455
-15.547065267024564
-2.1527064211718634
-0.3267341666908137
-7.179851580433534
15.009660546559031
2.7357654075155855
-14.186435829408852
6.759361894834736
-5.030141225188304
-16.822682799379077
-4.566448176574715
-2.081669488053271
-12.816040155900627
-19.27395351947692
-13.502008018723803
3.4971031658512293
9.592494272909377
-14.514558811308264
15.583107388417144
4.397488128296169
-3.492951602226424
7.053738602892708
6.771403813125299
6.491676897917158
-5.783317847217977
-2.0742418578133237
12.935062040431545
-15.96618478673374
-18.342226890311625
-1.585961535515837
2.573811064581149
15.656802536221951
-11.433029287405747
-13.963881773212194
0.6711108146951981
16.858422380989392
-9.448828783045032
-0.8554501553031674
-10.892156051918674
6.988723934778061
4.155306266284095
13.022909808006327
16.269338465865694
-18.523997932534858
-2.7073693182359713
-9.57369320908011
-2.810455008807557
12.622842217483518
-2.3456022484510526
2.3519766025022597
4.720161696280012
-18.414503114974583
2.5778256517636393
4.72190831662636
-3.263367255701497
4.584224212165623
-7.349032371193628
7.139699728276171
4.559735142190288
-7.902397520231166
2.823785097835895
13.659460965133423
5.745015289450639
-9.236273066162607
-11.193871826431156
2.6735625115854957
18.526058168777745
6.388587735001724
-10.005262571733832
-9.433547801124893
-15.963298369014213
2.0531637612003855
-7.504322056769772
7.612843578149045
7.157809343440959
11.5340847127845
-12.067644942607247
18.92710248077163
19.46311788736289
5.193811897127075
11.566007590360437
17.735659425864487
12.367816116002322
7.670107382002629
-18.14811501670197
-1.443612902174191
-0.9406264031463866
15.042674439242093
12.265611285937734
2.022855955365125
-9.376602995588629
13.705460776986298
17.700842424708394
-7.916101838638823
12.551216911570414
5.195507286710941
6.420879503816751
5.38021461892487
-11.927673441882469
2.6570141100453677
11.040342911122906
3.2088141365074803
9.324993117082784
-2.2172769934512693
-5.823110473682414
8.6338893358113
-10.013886673021398
13.278233856722812
17.295047370453787
-6.889249498462536
9.118366232225846
4.771491796782816
-9.728119551426518
1.665068236860385
10.55373503448429
2.8506655079746124
2.406027204859533
-3.0039174581526646
-8.191966867460545
-12.738653269000931
-11.330164976206603
-2.7637434379959838
-6.633645644831014
1.658356028468779
-5.625413812448585
-4.429182599915552
17.117856182030405
-6.52328216093629
-5.048047712586118
6.6560082200476245
-13.174474321374385
-3.4422946965011882
19.128999595286626
18.859894147350886
3.407962979568767
-8.688484998181904
5.870619706367835
13.886626353395664
17.155466944449426
-4.63223772108253
-7.402508735791429
7.526261814725657
13.822029759354672
12.574389003341084
-7.82948154081887
15.512130358892042
5.9152255651794965
-5.602935127230689
6.34887743111149
7.577654485154896
-8.666545062068037
14.040147668193999
4.56583972328861
7.474925315893166
10.529744445967346
-13.785554966362064
-1.544072524200592
13.39710821059486
-6.340359679047981
18.402749257587132
4.539142325654641
-12.22988329985408
-5.4226737584632705
8.918849158040102
-6.528195499394911
-15.91818707610417
-5.857138422379923
1.0038469849889573
-5.671811505235126
-13.25419168881213
-8.063311825501748
-4.363427164765142
-3.5762010201757075
-8.540677852805382
-7.014460226252196
-4.581828188103051
6.375180763861061
-3.230233016964152
8.78910316382819
9.875900698855762
-1.0540457601275293
-5.808181441937723
-1.3913522812609083
13.933562869050899
2.7648373008315956
9.076223765341737
-8.35520655198734
-1.153828618938485
-0.5918294350693676
-16.795858229107083
-0.8193533812524518
6.426205764322399
0.806671322985353
-11.98497864049659
11.77817226156391
-1.0823282600911797
-13.623653603348394
-7.764941720520112
9.673765021203451
-4.247312265931553
-16.725093330062013
10.021043033880854
10.439327726193227
-4.742327758969894
15.753008849186472
-2.6018962674262673
-13.880569523689617
-7.76808387521258
-15.801782245225425
14.049865726391207
1.3993025571984439
0.10151898422771935
16.27696872379553
7.443514260872236
-2.3631372792383645
-19.26425609717908
12.790046028966568
-9.170340037319233
-0.7302393295491063
-14.146006707934195
-2.418947462281903
2.312999586374072
3.6614405590847316
-5.467839931963753
-6.532956788120454
4.246814971023091
-1.0501980867450482
-3.963327932877285
2.774218238137694
9.270719955828179
13.1639411176698
-4.427434961754513
4.267233488411323
-13.292562169427033
12.725164836200266
-11.696777343436233
-11.679210614428492
-1.271456747913188
-10.69331353039649
9.230325750863624
16.526522823676174
-3.4795525544599286
-2.151251457699414
-7.403265055100343
13.037169944197913
16.941985774491574
5.037100271071001
7.041792749771386
5.545009741843105
12.642584702151126
-8.250259482369726
13.552915575609827
12.117964091364117
-9.548588070976773
6.258264707764058
-17.350428199179653
1.204791678736908
4.45042582575823
-17.53107635734275
-6.4413552368190246
11.072219543098575
-4.431563246251849
5.6926699622365495
-0.37055808708759
5.636265844997292
11.69567860400529
10.116188882064906
-2.1552284395756334
-4.516181216078758
-2.7342901314257477
5.5370948686284
-8.467600308025897
-2.4744492614774987
-10.09690762410888
-8.51209738938616
11.712137978752933
3.197436852407965
-14.319164368294683
-5.961151013319391
13.956537516138567
17.757511962045776
1.6229001787465216
12.931267639617843
17.022485731145082
4.8904526937587445
8.989567953768333
16.261540619519096
-11.498969721379199
-5.009159469715082
7.7759695858213504
-10.184136099174314
14.479402630194304
13.323714961722883
-2.9178147842131694
5.481144478969216
3.3518861168612335
-9.179427858413717
-10.861976653334978
-6.558272663360473
-0.9747963988710721
-3.789326826842191
12.944647314092114
-12.951893450192058
-6.8507713409289455
15.064144853825177
1.7716084257036147
6.251014807655996
6.389413178448265
16.05372002642122
18.37491657451642
-10.682941853743085
-6.11277511609239
-13.583758958365545
-1.1767706004921403
-1.4060106106547112
16.223074364734895
5.886494176687871
6.424679774562029
-9.873474391820046
-10.527193891801177
16.14169229115221
-4.983380064269947
-7.856726760608607
13.75394046182729
-14.655523748227678
7.333644897892693
9.753768189257533
3.4655784845521977
-7.164145668083157
15.651407425106271
-3.2809684930702545
7.189394440342317
1.7089778522729966
-5.837629351441199
5.797381507159054
-8.734540882996432
5.557289410078205
1.3320297349765988
16.098816900878422
11.061867522536849
14.628492198395568
-7.826233095701494
-13.938046858891695
-6.465129854867403
-3.8266139826859242
4.321198232445848
-7.086342210398112
-17.89277097746726
-6.288403301714597
13.155429932867161
-15.104603478878058
10.969182130267946
4.1905752094020565
3.2638569095605545
4.53065433515982
14.156306676889054
-16.886997931368562
9.817194223593726
10.377205864195611
-1.058766463954033
-2.1370993662865225
-12.350591219265182
-0.47673790909949443
-6.746183523849871
-0.6202593619141348
12.719129257809573
-9.398219038526033
11.328263278497925
-4.748822214074
-17.186143096167854
-3.8189842741385
6.462342491886303
17.23893077577228
12.696907561237664
4.631263673483418
15.056883296900024
17.480669848513564
-6.918599060108724
14.819757695266569
-4.831974337051277
-5.1135656193047385
-14.038424989776948
-1.2387136922979918
-3.2873735808856037
-5.43745167855263
-8.076027800187333
0.7732623223171141
8.022305077318558
-8.275013285362117
-1.8658105572751
12.13511853404262
-3.296996630556025
-11.35897677855525
15.577135715745458
-3.996026871891145
-7.337902956367334
6.03589482385231
7.243626037631003
-8.355949553465162
4.589086118511658
-0.7305915592170901
2.705036769935252
6.769926061557
5.698066812252162
5.41694138380822
2.813142209928419
-0.5554496643286091
1.1558453823080423
13.991950633632968
-7.531704681592745
-15.675498412631107
-3.493602558167807
-4.945747464379888
-9.612599092299577
-0.2694656106337072
-5.183497742790318
6.424612943806429
-1.4860867755956606
17.845263846643746
-11.063018441127346
-6.983507840703402
-14.394443847719707
4.154266423893784
-15.407315033049915
13.54215195367592
13.989600768328136
-15.57010247981096
-1.145565601989874
7.5192450288264805
-6.00159250395336
-6.956846666260043
-18.14043209789136
0.608099766865041
2.625841006484374
-14.328546722602157
-2.383149797241614
-0.4648723643439681
-4.484209881036997
-14.808397953162272
-5.58242186052206
8.61994911326994
-1.0733226860998206
-9.088019982980912
-4.64093483314004
11.654002824207875
-1.9200312932281305
2.8978205603278058
-0.09053016523229204
4.170971240844376
-13.548312592866758
-16.21337927215363
-13.390183194705195
7.250930296876625
-13.812101851260364
-9.220816187284072
5.703847362269208
3.98155082365188
0.6349879629030121
-7.445188537865639
-4.657164876434324
-2.743048832928244
-8.575507476724992
-6.120920615718126
13.330181630214668
-2.682055413194101
-11.5318733648685
14.365662162129032
6.532807361653904
9.402564451725
3.208021820157576
7.318103878680227
-9.104597753840109
0.5943428834661447
-15.89118147361574
-11.011726279131826
-8.24209641962611
-14.210065733803653
-11.781218327627164
5.850464617997255
-8.567738391878832
7.148883603685109
-3.572063637986764
2.4262849210478334
-18.27392072482448
5.976229669262167
-4.008762914462717
13.50289060588341
7.616652505199576
15.184105969926307
-1.3948386654159084
12.298211555416007
-18.591623850448673
5.098363141981241
-13.192529689721441
-19.02686427358079
-16.036483827148896
-11.591437210736132
-19.15067953085355
19.141602428986214
-11.070846219268432
6.814880665129661
-4.208724826504571
8.610220629564502
11.505298869349138
-5.989276823802914
-7.014787423422849
-2.6379521103727663
14.842358121000368
-8.809552770010301
-13.358609184165195
-3.292796120417076
12.06967929289159
14.230436132049936
5.572311835755423
-9.93321333295765
-12.251306533041477
8.080014950973231
-8.984654569694891
-15.522218870738861
-12.345880802847885
10.830827264030317
8.402043701270276
0.4876688069241987
3.357634683334752
-0.5124069305331896
-8.076523283476622
-10.520585713436994
3.1543130986812105
7.648304074547817
-2.917966401320734
-0.8698381923879287
-4.171944065311701
-5.814709616264679
-4.54539938278206
-12.40511595716691
-9.551666040981036
9.672707855538619
3.8732895822396762
13.927021482246417
-13.129285695559352
-8.08659788219714
4.854679087201993
2.2373752385962
-13.70710747773302
-3.5171767145275896
3.9613781733465423
-12.158362004499608
-0.47461480320414234
-14.002864067164307
5.180921785533005
18.305936868602902
0.689064056910396
-15.204963350104014
-9.863284055943463
12.672532271495577
-6.010599674861702
13.81898100566746
-12.132315508157275
4.534578645304067
-1.9922545266463356
-3.7022450307429753
-16.332405662963858
10.059322754690978
1.2132309845600202
1.8116617520808953
8.221530569535226
3.343188397281034
4.689020973704685
11.307115778925995
-7.992591187932047
-5.185577554505753
19.11009946060683
-6.859906721450308
-3.912009587282247
3.158527345815185
5.158616467055855
-8.188968070595353
-1.0867141484676797
-7.72868986344562
-6.110049939328678
-8.723936164007883
-7.212399662794479
-7.108170225026396
4.0960726242167755
12.10220267992561
11.300647428367526
4.795023223202623
0.900193856299494
3.2280076858878584
-7.743068602680793
-6.444425162161245
1.8251145261685553
15.804397252721843
-12.679461447825158
-10.0352606735221
12.506328465592183
6.108648273648454
0.7849030123554296
3.6298332817687506
-2.318798451508026
10.388487300791097
-13.216026462114986
-1.256904156882397
-1.1921493982399518
3.864925098472924
-18.019772401515873
0.171553531991288
-7.29323372728764
1.2634301208789636
13.832087030778723
-17.885063583435123
11.021268174673859
18.16358224841093
7.93631272416612
15.73262290278409
-1.552874102943587
-5.411255606754272
-13.799658761149308
11.359827596686296
17.082485722402637
-10.32619181408981
-0.19796843279265444
7.548005290570541
-14.221596455956647
-10.900693695721532
11.335573417213995
2.5220140628118304
-2.526082984546742
10.19242411779763
-1.8715952890491656
5.291105393360524
-0.901157455134791
-3.325904810484105
-6.933065101983057
-15.035161777904827
17.259757359282947
15.442907039265302
-13.349892619932708
1.8565546098941914
-6.506161003820338
-10.770233533735617
2.774816762394065
18.095861225316487
16.890093848962728
12.171124639359656
-16.03802901657451
-6.4980550831057675
0.37577516341518763
-14.191514019271311
8.123026854103038
-5.287679987764233
1.4674416798789498
-8.419686167049607
-5.3813637518406665
7.009763412773875
6.000522166994487
-16.331089607015528
9.494651875349307
2.9140074558737115
-3.1121056769615616
-9.579317801973382
-0.2651356140592632
-3.3465732187036354
16.403040281490163
8.915399927092945
-8.759662015234962
7.164585938412053
-7.716482410417568
13.771525814318453
-12.273081534345366
-6.356466812359822
-8.385151384056666
2.8256916624279977
-10.577990798806248
7.141855650534549
3.5837450044247348
18.41768284794192
6.18718051520751
-8.754477883662663
2.9849333352916885
-1.714926218825027
-2.361168109341223
-6.106262818856073
-15.582487514260453
-11.945958302958717
10.271900724613912
-9.879157187774481
-17.647241535883374
-8.661265291169515
-5.962478377862305
-8.968257984870398
-9.68210888842523
3.3587325544848907
-5.956210630541915
7.046637163574213
-10.318579943116818
12.194656754148353
-8.013346791264809
-4.3313142051959765
-6.208888667060463
1.0606246650727074
-13.091592048068645
3.096124123121141
-15.654204657979871
6.872255653623323
10.430378920020742
-8.559956074795034
2.0052095821590816
-7.595469106856567
18.28047094775319
-7.0228640777653615
-8.978859479373629
-9.602218015783707
2.208198120303258
-0.45311031645474487
-3.042001021616745
4.671172974269178
11.210125738758595
-8.583090133707703
-2.0063403848414203
10.827891059734325
7.212376184264507
-6.1617155210149654
-10.169949187371893
2.783755381672216
-1.2268161350335332
7.221018116651258
8.448377855082903
9.228135056381246
-7.126840574723366
-7.0829974819661174
5.0503859417822055
-9.220768266036213
-1.5345044827515353
-11.044533620568021
-8.382523502411313
4.335400014574792
-0.012333425040139668
14.915703455267433
-19.26642720368071
-1.8311544593888158
-10.423968406550602
-9.57696166819007
14.643254452393869
-8.266321288916263
-13.382886581057017
13.042880865208618
-10.578484367644721
5.241872479337215
-8.369944464027416
-18.01079406795592
-3.9717624848822495
-12.281869507304773
-3.776649106946897
1.4606631486777901
-12.455209854144455
-3.025111158694349
-4.597298637908455
9.335126746318933
1.5854636536618105
3.3862207817665557
-3.0838905797604976
3.3495154166597794
6.6566712220653725
-16.99620168517004
16.642622411184874
-0.1466654938346631
-1.5472285951715452
10.737783594043243
-12.248635106171841
8.32958872810417
-11.329146695539714
-13.67248304537056
7.042539790838779
11.537613025966493
0.5097887517887905
7.214531810342419
-4.819794803742825
-0.7094639963118418
16.034608996553334
-6.744100203714224
-6.918100363334266
-0.9435121796143578
-11.945195491766027
-13.94920725862785
17.01509807124646
-8.932498119988788
7.727677929381603
-18.72928845581401
11.477447273421689
-4.332045896175626
12.978651775558356
7.5457551814139485
9.523820805375463
11.136541678293069
-16.690039500651825
-8.317113550260878
-8.947937902483316
-11.959167223671006
6.257555136503522
2.127644937153067
-2.737532937665929
3.9007761682030595
-6.385243060783554
14.50257053739388
6.573231441496525
-12.419672485449832
16.89447218401764
11.793071484882853
3.307757581427725
0.8954126383730463
-15.541919291092514
1.908079494522098
2.9421207754676684
1.5756788846305307
-11.88509291154557
4.794331196095274
-3.017759792828757
-1.0784543953585826
-0.6844106846652706
-12.39974983976314
9.182397962285295
10.047071154871043
1.110671937594257
7.30357329043999
-9.845861807863377
2.000995604359111
10.797452062796633
-4.606757680730502
-9.895369131083235
7.148195316703019
-8.26669689654667
-11.852763811308488
-0.7390365795478612
-7.953956354460639
-7.625942495415409
19.86877243109675
6.283687177680706
-1.1892153772202871
-2.961469838234136
-1.6490578306955095
-9.2476702787943
-2.5002400630606165
-10.029914812091242
-7.477695416701699
6.970503163494534
-9.101136013233901
0.11718419994898956
0.3642571861258198
-19.64501948198627
-2.188564622893672
-10.106177029245138
5.933346639862344
14.461188101510997
6.165728567045422
-2.6854063229287037
-18.668171816166893
-3.428015528404994
-2.476150934675904
3.6062457465475117
-5.550614127751064
1.4924451588658185
15.776665129099664
-8.261906849152904
-7.383453080248515
5.087255955962
7.935323292048182
3.332541337778494
-12.204907402453891
-12.889327195944396
-10.64532510576074
-11.288411841860386
13.18164013182959
-0.8442628368329365
9.844563289332509
9.34489725919841
7.126323193901855
3.9332345418637895
-6.387152696597917
1.820300765766106
0.9422738838161372
2.4409763327122
3.126447423274235
11.718639583360213
-8.367535497604106
13.571738960851645
12.021282604269967
-10.532018265375982
-5.047238583565517
-5.546366538230384
-3.3502240589472847
14.474645648418628
6.136194931404866
5.618649064262327
10.853441992395728
0.9221360100726873
-0.30130808988916447
1.832612950922439
-9.623573977118241
9.871779256025775
-13.84096671827131
-11.181704902294236
12.321754922996428
5.068629688427081
13.428171599526246
9.750988498169793
2.0421904775199464
13.063302704628919
14.09192031147282
-13.773786600130533
17.77183069750446
6.775704542877366
8.763106877614089
10.116381301928381
-8.218761197855509
-9.051295474912594
1.1634047884065795
-12.429251736922026
19.367338321430648
-11.76805599095386
-6.4664685773528365
-9.288115122591611
-1.44904532346274
12.301013643847805
-15.233143378218363
-2.124904302741835
8.455868914382677
14.548220677085101
-3.6983260265656908
5.645750142318391
3.0718345056497167
13.419528951437009
8.495359306852748
3.341954602790248
1.4824137101674533
8.5718302648916
-15.549069759709983
10.796238683655476
-0.43361059476107894
6.922751402925554
7.01726665388192
-8.808644343091023
7.870272407915846
-0.7714116794437924
2.640186937261448
-9.58733012560158
14.015104280082884
1.3134950237428833
-4.205171783904336
-9.469035301375408
-12.609374087027314
6.6035998777008755
18.960458911549235
15.735242802327438
12.585394121924745
-9.080724663858623
-2.5049947036427627
-12.239603501171405
-7.629699669846955
12.711319383528412
19.913805278384842
6.328172517288901
-6.601808501318656
-0.8464014183518375
-15.986106303111628
6.295327328249749
-19.13519423579638
9.159070247505618
5.834689130299641
-2.794623089058836
-9.943113167983968
12.54372098044498
-8.894992748133935
-0.4330502874271031
18.251215720529665
15.981400005173617
8.577132898601011
10.966840393724471
-2.3717068104008088
7.237534154798932
-5.250186548470718
-3.7246142949717855
-15.826927274808302
18.60603760327575
15.957264667809497
-1.4085717096437662
9.720441958973518
2.0196983535665276
2.8009396829510016
-14.79219140914389
-12.315004242229527
7.696908621471786
-16.092334226570216
1.7388056002272103
-1.2528905165080257
-10.379039512982786
3.200973330010981
-16.496974321588095
2.4209340568060296
-0.5553561464407458
-14.13365740482426
13.247878932845703
-6.587655657248518
7.26981006411251
-2.1766678832409916
-13.96453053981532
-6.923433216112351
8.742021926070212
0.6472265089803062
0.30743308306585854
3.5293467981166726
-5.885511120357019
-9.862409903626874
-17.547971333119147
-5.187325420164684
-2.939153753511278
6.751198694055669
-15.115343410137347
-4.9267979403096795
-9.48693107285082
-14.376834073894214
-5.3313742784696005
-8.05654838090413
8.457488438656593
7.232293099027928
13.467081262200916
-9.961230006016365
7.726039270209816
-5.868523688051974
-6.877925814943089
-2.303701474378327
-16.256979745168756
-2.959247672941992
-12.075251783191286
0.36523387381773026
18.56879950948053
12.222664295502158
6.158426590970947
-2.9835162023127277
-8.544226833162178
-8.573645013632676
4.9488604213364455
-7.526684429156398
15.724017716500319
-1.7006603989947497
13.609059835980768
-17.018050445798647
-4.552225250004057
-14.715009511353442
-6.335357455195589
-6.687435220088831
-18.571552425438565
-12.003563726830444
-14.489523196376437
-15.691309319774318
7.126370651788718
-8.573566592640816
9.669149748309138
8.761208327291234
2.178524297412389
-2.8416894715655574
-3.2245618512143053
-4.35890111087941
8.92950970652772
4.085065988329485
-7.217767557289186
-10.550292802187686
-13.321679811502795
13.062289418805543
-1.536372835200321
8.440982383235257
3.906801457768276
3.2238651127869296
3.2159914476770664
-4.616805625236966
-9.381829627190077
18.547178438080213
12.441662633108184
4.764942220430066
-1.317298121887111
5.126539278280755
-7.117863130954012
-8.805636626933545
16.271385613230812
10.93407534506478
-13.421185542057424
-13.619674954409055
0.07197019795624376
-4.02423527745488
6.518279312991479
2.727664765515964
0.9339020680976057
5.541508673294752
-8.859001505188372
15.160984862226416
-6.431739669665078
-10.296530411368092
5.065954740915757
9.77465864792496
-9.116545977765382
-14.69272595880789
4.790924517385518
-5.754121074307727
8.814868979000414
10.019147067969307
-5.819729461238002
-2.6904425058621073
-7.7482948344710625
14.625518222376952
-17.323602889515584
-9.271438080654463
-7.632420755068221
-11.34613321112644
-1.6979922022250777
6.4980368455774284
0.24471811588344664
-16.646531308957986
3.191122807951932
18.479827985864436
16.38088133169216
-6.73369340709195
2.984294973352817
18.64045639847351
0.530271305746103
9.92793248757792
-13.899444233192916
9.631551943317445
0.7206378072184051
4.727057016981743
0.7232008005614616
-10.458465550711074
-6.361195454538401
-11.873238520294972
14.13654091604521
0.1335917680538526
-12.183158582840756
-7.957839399981318
1.2705693819659905
9.211084915985296
-15.185798154424777
-3.6702213495776466
-13.814079393738384
-0.06904488250716644
1.4803167440666847
0.6765618940402351
14.650170321300342
11.420784835161358
-4.908115963441448
-13.53799092231252
11.727233592717939
-3.7680608693282767
-11.224351371303833
-13.420424710528804
5.238091918714003
-7.039005110456357
13.119025378208075
7.163127655659265
11.15175791189561
4.0860687788805805
-6.153558620820173
-7.449741469568372
6.011935394293495
3.295548148512243
-6.622590760042388
11.709924107264843
10.729139242355332
4.6797174375630455
8.72325105966669
0.43517933838992
1.5238330369648407
-8.872840737921013
-2.5828600289552663
7.9289647464759705
-15.679911917291532
17.38451410594399
-11.648128393479848
-11.99306482731966
3.8416416900668344
-12.71795029389542
-1.2452270716890241
5.568529738616343
-14.736745541064227
15.325595208029457
11.955759367559718
3.0179952124449065
-7.695299647025042
16.875337026031584
5.640159978145274
-5.952923201122683
-6.117862578068501
4.850575031919955
4.750713776214511
11.902298887774803
3.8505122046864333
-7.1794737862201945
3.2436319129776514
19.581760632144093
5.409071462414399
1.3831208024122998
-2.531191950658547
-14.103176539455703
9.845949764455112
-10.837264566549775
18.250316228830705
6.411789316265568
-11.280843101076462
-2.737644140807608
14.654413817012536
12.828322525864513
0.626367984427773
-16.565863078929112
-4.403227328027371
-5.043864122585869
2.8591072436859157
12.254270236171072
12.134956092170157
7.9734747772423535
-14.208867027824827
-16.564515114444557
19.96645703018465
8.410938851679234
-7.134860687465677
11.390980873931564
-8.307871681052013
-7.407429992303466
1.3079274698576338
-4.078700614848111
3.3558254805323813
-16.173806978745624
-7.747517630622495
9.165443746597235
19.001651414619186
-15.689322109293833
5.240839123710967
17.16431505434894
3.34422614582615
5.2916307629331945
-5.018236241382173
-3.3445625006847477
7.393089370794731
-10.58393238623376
-13.777447776387142
12.691012569881744
6.47092186564722
1.15227307886704
-14.506201656010843
-7.898344636519853
5.835120211375412
-15.10178881871501
-10.854182047602745
-13.001065423916048
6.514257904382191
-0.09493377448655624
9.16766908848806
0.17849371415213275
-17.15150703577375
6.624664211382843
-4.587717425967661
0.21971241834102162
12.943719136147624
-6.552343863148491
-6.13735133874764
-9.84124177838442
-13.259843640157724
-4.928880963819947
-1.880177823954485
-4.5590930752915115
7.716507265059432
-18.396014959503066
13.809723330467193
15.118740255019723
9.076792486117395
-5.7444280992737875
-6.8895442054674945
-3.842452219906662
14.530457894964643
10.893628686075106
-0.3632415490150465
-13.271838612999838
-12.673331452414706
11.634121449031557
-15.134725567769106
-6.894755345959968
11.536946715312668
-14.795236664790037
-13.311517748855534
-6.7826990507699145
2.4535785063444697
-4.631841503622233
11.152920441731043
14.998702279267945
-4.678342934309808
-12.916278795843832
14.648733330510844
11.355766998088807
-7.476251047399303
-15.99069909286886
-7.867019986851811
13.891210240560184
3.033368065222689
11.658845810635848
-12.92581693896259
-15.182800006795986
-18.69161885595331
-11.479629196288702
0.6821784370367963
11.32443271122339
7.402400904575342
-17.692081129998552
7.276781166426033
-13.642038534763824
1.412545212897884
5.272744649452946
0.7819384352352583
17.60353141356026
7.139462868383161
-10.972900593103258
3.340120666556234
7.326664314374718
-15.177612272307583
-11.109037055739174
17.573151407891018
-0.9667343964363658
-8.713690918466169
6.183172744024537
-3.326630082253284
-15.936771111657269
0.9467673363875622
-8.135151463674179
16.111764909610446
-13.16584935045317
13.653984081683515
8.481501203429513
-7.773179081938706
-4.25897944582012
0.2705906866301452
-8.400620693729836
-8.847562998545994
-0.30159385700725855
10.865560789639217
-0.16209217533403242
-14.584847232887189
-8.801760491279499
0.4721256427783924
7.82161858247942
-1.5683914012684528
9.811580506475876
8.126123455644555
-1.089130481742851
-9.621404726631003
9.385601748963268
-5.015656718500279
-3.102256126749568
9.611700882110027
-7.102085863877544
1.7574919649293201
-3.9497771675254074
11.573852508079998
-8.098345343832031
-15.193669691965486
3.906513622870796
8.010493788077758
11.02299189497702
-11.22195923418489
6.225321623243435
10.877215883141279
-6.2706024819674715
-4.347495721877867
7.601137538225267
2.372348877007321
7.589417418087086
13.71168002857117
-4.498429616261695
15.442165581103383
-14.782932956785107
-9.331972657114424
-1.94204119416278
13.688910883848875
0.5251379608346556
-7.63627344564086
-16.70964474722999
0.5071113332307569
3.1826422712436906
-15.528738249921485
6.918982866214026
-11.653838894931829
-11.499288591745138
5.775685954707246
-10.276126517606547
8.63934118581713
-16.24475335508682
-13.820531735668231
3.672750198365068
14.289263800184692
-0.8326056902538309
7.262562113855512
-5.051943688887099
2.9513903956112144
-12.295899389957274
-8.389649392604014
10.841453430098182
-17.38665029172681
-8.524683744430845
-11.583510722760908
7.208425405274139
5.0137909864647465
18.44941518179591
-12.755369463139514
9.678654062513115
-13.073359230997076
-8.930187719948323
15.848755781544716
-12.114654656064552
16.75590855997631
-14.529783381442263
9.587250025774086
-2.55604734239883
-6.523800372189796
-14.64255191325265
-3.1444834432115467
14.639467495934845
7.420383430236878
2.925976947506084
-8.808060678028525
-9.828552763388045
-5.317185484640904
7.262108391953502
-5.946185323645706
-11.233801735415428
-3.199820920677014
-19.619312501785537
-9.591992421663722
-9.24426117782663
9.083310773992144
15.597342852794709
14.761042456710369
-3.452199412040293
11.61158828463926
-12.323905108487672
12.275568549766827
19.120997760938362
11.502488977571565
-16.258388390921805
15.712169684686177
12.076631212014773
-15.357627973397822
-17.394865330871642
1.7814278184445682
6.37703561032738
9.409269207570896
-1.5299307165924976
8.269731669389978
-2.822204150242401
3.2229319961471203
-11.858356240601355
-14.247361633000093
-1.5586460339524215
3.4107918662298506
-8.335295690918455
14.849848902427757
2.7717601696234726
-5.975560121807684
8.366909252798417
-14.654067647352779
-6.9996834561989925
-1.9057418778097717
14.21179799034506
6.461232098509716
-5.727024458598127
-0.7590114458713725
16.22713921254211
-10.966177164827476
-4.862862914735572
14.970934317093509
5.09643889763414
-6.709995548115146
16.912115017658998
12.343134182256403
-5.413086827085954
-6.096421348269959
-3.36994482226493
-4.112177164353459
10.102930945451215
-4.576209390654127
15.413821852685011
-7.105643643465125
12.8461889682069
0.02257334476081803
-8.329201426372887
17.49505197708648
-11.847048592316092
-1.2093102912745077
-12.755224409430031
-2.2162575955467028
-12.563116176869167
-9.293466636807128
14.16051978256798
16.672453596397435
6.984422128821242
4.016599620649977
-9.527941872918632
-5.6716616534038025
-0.7111870071056362
6.5969464881627164
-0.3526757434198346
0.945979882391546
-15.030301530489972
7.359046923306829
9.818415434618412
-3.062387154684317
-14.780393959259406
2.07403862295991
-8.803320266697678
-5.754360937268394
-3.2182112004755665
-18.21322569326145
-7.140619231403296
-5.1765717954350325
14.54705101618762
-17.481113752176743
-16.71923798192275
2.8663879235403553
15.117103861415472
14.013693028984763
4.985892263121089
-10.073139862129299
6.665697660691921
-9.309054555181428
-8.081819539056118
-10.592443971820684
16.054615763682758
-7.596831696661631
8.481703690028047
1.3827477427904649
6.010493334065763
12.917878681622872
7.945113766600913
6.510199854907811
2.5851556237814823
-9.913933595521325
-0.43449323147601815
-5.181100525807694
0.08342723309195886
-6.314545742242197
3.133618557637113
6.674811036841322
5.795593180468586
-10.036662154628699
-16.957583384880824
4.540929297560428
14.024549049525247
-14.868196905860426
-4.665462856158302
19.83652492271225
-8.372216391407898
4.2769197408153765
5.026190478408297
13.582206027910688
-5.5065767570860364
10.156742332444544
0.49985189156474935
1.4507248596960807
-12.163175128711174
13.510443724867294
-11.944541460091045
7.618615641191397
-3.23400177946885
12.496993549776631
-8.645719170987366
-15.138242944660849
14.721465279032167
14.88932720243883
14.531190219173466
-9.037608020841187
10.553691572536076
6.244238279233818
2.78854726516617
18.575542972302483
-15.349620093633922
6.632775994255746
6.32153916839711
-10.904415583959455
-2.28505503647285
-17.026812069300256
5.029678657211383
10.29826970021373
-4.132872890723108
9.913751854390643
-12.931193214206619
-9.810725862115294
0.45174197317055825
5.02337908987794
5.7595298760608
-11.70132417864914
16.08804175269817
-8.050169184444496
-3.1121986560570543
3.37251837753579
-3.399679463361825
0.204763363584104
6.048386788168992
-8.579929362083261
6.971414629969949
4.153315189966414
-1.1157996936954848
10.667485156312887
12.912336788416498
11.3559729671777
2.6130902433442142
0.04182147691599786
-5.114993763691695
6.793018532117865
6.237880132258693
-8.238064905876987
9.29253737017263
3.942962346460582
-3.9489166731612917
-17.989865020559048
-7.652402391671877
-12.942323185026236
-0.6907200133285984
-3.298563513858547
-0.46910127942928526
13.320430547793087
-11.381221737424415
10.182124018914063
-5.648070423805421
-7.551384503540245
-14.430478014529118
13.268458059211687
9.675838605788583
1.9836059674791147
-10.637773243692134
-13.043694767897124
5.438323566648602
14.080184133812352
-11.341951651326875
8.085704916073462
-9.5106312023092
16.152592700756355
10.637999852751356
-4.310225181260932
-12.265077489082007
-5.726894417129501
7.901254660442654
19.17927761100347
17.551261175334034
-4.0110703325047945
-7.314641968254864
13.658956694477112
10.086069006761521
12.004768783492914
-13.787793031241252
2.9120108198904293
-2.8496264524049364
-8.243551057306865
-13.993649306926686
-5.022875428727513
-5.558980240530654
-6.848668060496708
7.405497053459121
5.011879175913231
7.202311965317191
6.5315827939947235
-14.561917554617862
-9.179266402777465
16.702126631107745
13.339851088442275
-18.039612740510854
4.200070936093041
-13.617849711013207
9.493042417700002
2.066334695968322
0.45035916280517696
-5.744336115102005
-16.42357139146083
17.458766816887454
-1.217160440430849
-11.290743351383703
1.8018805110560967
8.784470422152511
-1.0316579851820853
14.415110777586483
-2.6826257726444838
3.519398362272183
5.957198330697314
-1.1315914391940032
11.483081727206939
13.789240352285903
-13.550876687699821
-6.612469243207039
-1.4503722466099662
16.59018663318269
1.0761990252530844
-17.547251896637068
12.548500471906225
-12.176944374213088
2.6471379951031766
4.94208317478751
-15.930841854746758
-2.073271424036385
-3.343232992772929
-5.504086460277166
-0.8069123657415469
-1.7570857122938752
3.7189238907077846
-10.180457192156952
-8.304811635984674
-2.4343670825833676
9.683827810759361
-16.690217126776282
-15.530998272003009
-12.895093150624263
-1.7480713119521614
7.23722477545143
15.78397509694933
5.752442380068409
-5.903231156462506
7.645563460563994
-13.157325304647038
-6.34932359744816
-8.087870652646483
1.5326264539684007
7.543950652466087
-2.325859475667377
-1.3090048881171747
-1.7408566704198345
2.766267506421846
1.5716601835894923
11.970950190051353
-2.253981147367325
3.845804220680971
5.311771712934479
9.735064630178913
-12.404839769166005
-1.9803289182814252
-12.972711134852142
-8.816684075106087
13.494395689443053
1.1293108427456717
15.904785134001898
8.166007335476717
-9.852367772385632
13.034295973678951
-12.748740478328006
17.40119897684055
-1.0913692602423708
0.7510822831761995
-0.6318229121720724
-8.124816509046616
6.391784728244076
-15.808602524482257
-16.203820748481473
7.213553701512845
16.165433047524193
11.105594390373522
-8.956453144476798
-12.730737919594388
7.832748516197612
-0.8692701203997034
-17.548104834217046
-0.8370495579176407
13.134940095442175
15.622396826185414
-6.374452572586394
-9.525158196047272
19.26991084365999
-16.01970452015044
18.123159360757093
14.302802659304906
9.209965547656237
7.516570977324996
-5.522906300790535
-15.066217797260158
-3.855111807107374
2.8874579124644306
6.865637179412569
15.419800631527966
19.517643006273314
7.216381163429328
5.606020937543653
4.140568799489288
-10.000594837818968
7.824248127142137
5.108317059120738
-8.706773183179598
-7.920913941869157
7.086957935463239
11.569556079679922
0.8728772790830224
-13.051137512148276
-11.614008712576782
-2.3671721152283656
19.517086748095238
-0.028034355489148354
-8.567715456979602
4.825690227219037
-6.358334233199892
-10.748063394982879
1.3669279844579103
-0.6535781813371326
14.828798475431958
-0.17136626964132787
10.332089309044193
-12.641092334260877
7.4838831451969305
8.748206708479652
14.165734581728273
-19.258115391275233
-10.55213738618711
11.868722414015595
9.039144883384484
8.085696963382578
3.5955117895753754
-11.88469618823619
-9.959536236773705
19.371790836735897
18.3981168113492
-17.90493764823129
8.350007781762322
-14.458950443462841
14.017015597129761
-9.273754670583328
-4.871718038042874
2.190460744059568
-1.8896943497142473
-15.543886529623855
-1.343093985726407
3.7127224532343734
-6.79383832695223
4.859211645153429
3.7695864235271666
0.388567620912304
12.478148490552075
-4.470687980201955
-16.558997924221632
-13.939596164211821
-10.410387364090969
-5.007234335666987
7.278532201392335
7.457544635205368
-18.690653093154943
0.4312005035026522
-8.62852527992604
8.778092574786958
-8.217962114427522
-3.0233427824693466
-5.107626725556234
7.071477552072631
12.763133531876926
10.299177538661047
12.164067643159306
15.295784331970578
-9.542816022058528
-19.377857818439768
-9.288033485333354
-15.193788349858584
-8.935327094062615
3.840312872809637
-3.9350293785465467
3.8057330133965914
8.493882288923905
-8.1085429858339
-10.395953747578249
12.768293764934574
-2.2015631492884014
3.730009989614665
6.364555971954483
15.481627343843643
14.442174633449982
-16.50035394920637
14.571085153245384
11.730637632647042
-7.1522695627422905
11.0634153874712
7.695438924809348
-0.46041655608829446
-9.78472732993491
-2.8092104628129366
-11.144388204865406
10.614051967926166
-4.089871492292391
-9.931285027422474
-15.4275800114064
-7.728373934665655
-15.43482532583837
0.4199150164234481
14.430483437837621
-0.3785439823550634
3.874070417399431
-0.04080786361764693
7.541039576617768
10.493498599829223
-7.120153255889636
-14.77329535268645
9.494486496811724
-12.862194036950095
-13.71152797125586
-11.08171871958928
-8.784590938996455
9.512395586508514
-13.355635094855323
6.257483966154334
12.266896594423779
9.600965613189278
-6.652831794508832
-6.206122015728081
12.249694847974595
-14.677850583067729
-14.809365016350066
2.465223836261541
6.8385420894672135
9.08519471656351
-5.173927713426427
2.793653021994475
0.28360871917502956
4.126862400875407
-4.317379705446024
-3.3215875963701325
-4.973562247358851
1.8313847352409298
-3.917147144314356
-3.938374160441114
-4.534781275576819
-11.545357421179569
15.032204406392568
-9.456543622880648
2.8110967055840534
3.407615250497299
-16.71874897057826
-9.937070159131869
18.101814988025584
9.393609492145572
-0.6803500095243734
-16.19603983816598
-6.245130535701479
-8.193075998538108
4.77022549528723
-9.346508534427501
4.098853296691004
5.1400669255906495
-16.72900040309833
9.596181656735675
-16.605601785997035
-8.694805370178193
1.6646984743039526
2.697099368091712
4.9348435612783375
5.467233473104535
-10.880741289774903
10.445864638800424
-11.831201394950334
18.370512833348233
4.176367596859426
-8.681606871828611
4.370993578591812
-7.876327227052936
12.024796647418023
4.348383123560788
-0.3509198054371427
-13.875989889534958
6.802398373352084
9.172921400133637
3.2664717509928844
-5.8574830045651245
-7.270971688270902
-10.131211401733365
-14.156299748941104
17.53351433242791
-2.9138204702739423
16.971421138024425
-5.1080442307181215
-16.15477732578911
9.933129048498985
4.313857455818052
8.927945725802909
-7.645205639549566
19.405723462295082
2.7278790318914594
6.5185886212982025
1.769485424645129
-3.021684294825263
-1.375895871840842
-2.8676721783960004
-19.713123057495608
-13.790099525838507
8.113347847455689
0.8091490559276101
13.29865243858302
0.11867979253282393
-11.944067419668253
-9.691360839387832
3.260795549885614
1.6095430480604866
-15.584807769979227
-6.048158349263504
-1.3575225846503192
16.053996175536575
7.729471143041178
-6.531749064222879
-11.883981021435758
9.040945518070828
1.3879021665688716
3.6631496596716286
-6.492620283406905
6.681192514506589
-14.54889311102087
0.35874068416921
-12.422662802985998
-18.228120898385725
12.266160350299337
-16.37411073555099
0.9234415503613171
5.505720685269119
-8.785379441571667
12.14417128456553
6.130223776430586
2.154738490319025
17.765387809707285
5.806746215951315
-4.129059200951089
-0.135094483311088
13.286053418344324
10.098072806788279
7.928760049913548
17.210630702353622
10.12479389705194
16.454748954600802
-17.12671333486273
9.047573374769746
3.0036824469671513
-9.55247785383061
2.563205910263813
13.223582379560444
4.259568782913482
11.496455289400567
-1.5985960094270655
7.804697468764799
3.662600236378886
-11.119035803654215
2.2717906429112515
-1.6594607910558203
-6.380864188593126
-2.7617696576004787
-0.628145832077892
-19.133747246990975
-2.7155407945996517
9.250044492192268
-0.7790985907112463
-11.880452413747129
7.972978344593182
-7.916441554701967
11.594536038262222
-1.7201975347022722
-1.3476944953703212
-0.8515801714535821
9.621092681499249
-11.599731198411575
-9.748549966216553
18.626455383823885
-13.388662195528669
0.36248821040589024
-13.232876046814406
-11.23606504851001
8.423070718960979
-16.658831961168374
-15.338468585671697
-17.15758782169374
-11.752641898686033
-11.7013257651663
-8.241499472205348
-10.82975453488862
-8.157449527272695
12.28914966962729
-7.999436761612154
13.759016103860858
1.0895483079985278
-12.480148244170014
0.6109139242089408
12.606056680478703
14.0364013579955
-6.931983505104609
13.283513645022868
9.86996817919524
7.99313917468428
10.889523866397296
13.155969789899144
6.440164053086637
-6.322531404005982
-12.363063947727182
1.8750740369682881
-12.739027478616608
-1.1969786929998616
-1.4194744724510646
4.7787811325302085
-4.131153665391286
-1.8131939943921502
-9.547520113810934
15.52041782865005
-2.0164084876973876
-16.38100809056503
4.698965196654734
7.377294330436149
-2.1221784304897424
12.581114976033584
-0.9315619688713367
-2.5151096082751296
-13.969550688026025
-1.134890809671533
-5.4337657042059835
14.510857194718811
-5.609170969691539
4.828514807004652
6.602875610332975
6.02485049073692
-17.680377822364076
-9.02539767867937
-15.234018803578584
-3.2475522529240815
-0.34988641610132193
0.22391985219357496
-15.60444442089739
5.534890918847561
1.3895158981193734
-4.681887110034135
6.098016402146485
12.96725593504141
6.184533770547178
4.503900281700164
-4.820003156247765
5.380050465455139
-9.144326470186128
-12.755451289615374
-6.96055253992018
2.1679358720646995
3.950258511884237
0.9589299032069488
-16.044600499413917
1.6437343527575154
9.278352289084552
12.355478100713487
11.952721433126111
-0.4668094467538802
-3.543567764116346
2.3915628103151625
-10.07632179282748
-0.7063469565647099
2.3692081335149577
0.9411474303212045
-0.4716142408574831
7.828659599198373
0.020286742247980053
-15.06336292923094
-7.774061634547358
15.528768329548365
-1.9263018834602184
-13.69626944022066
6.706485604007992
-12.56880755109507
-2.4097592632185245
4.043351812256404
-2.3580483005376096
1.6501499380691862
-5.159741988717474
7.6865127000471025
-2.4845301903713635
-8.93302566943058
16.776156745572333
18.50820238245794
-13.35883522423386
-17.160280679963666
11.613815662670682
14.906363307323426
6.244182506818179
-9.482615861586385
17.585233837771714
13.522166771462794
5.761841055705465
3.810792701132162
10.737580794767585
-6.290787754235473
8.93758121263033
-3.4533443452004295
-5.247588487413855
-9.76334899090015
-14.400754995086002
-8.513689334153968
17.93008748357371
-17.93236598294039
6.312553742531897
-13.01457759604875
2.6171042222652066
-10.110851867591105
-11.592830300412837
-18.202336495695963
-10.06721152096081
-12.92279880511144
8.77437397664883
-1.9729889343255427
5.377853487544643
10.707518653784307
-14.990786652017364
-7.003687321250551
-11.99855620529145
5.464945489022851
0.24539856015221476
16.841823210050425
0.4237460228370055
2.3656532820095033
0.5712979457463703
-7.57436443424755
10.160131771771487
-5.454319340643241
-15.704884494809676
-9.33479662756924
4.899210943400868
5.055060576291055
-9.979594500467847
-6.722927957237183
6.633508843904636
6.431644396219443
-0.43661775030452693
-18.92465611679269
-7.695571632135489
0.7341541153832023
-1.4798454188452275
-3.844458456784014
10.180949050663937
11.926751079579084
5.099528387766875
-18.06481153428968
-13.626165166601103
-5.6763408964778534
18.8332841458216
15.487837058341775
-5.000236010051382
-5.216177380204406
1.0868922414769013
-5.886232976755228
4.0017167551427715
0.5162509869462399
11.207207766084053
6.545830619937966
17.29877213545825
15.117875789163781
3.4158250454828565
4.085726149148369
-10.821725856222045
5.144151585998124
5.373938114977803
17.004216133117424
-0.3636208136722636
2.568834834328105
-12.777636300151457
15.332704467177942
-18.530433907674222
-8.789381985910389
-6.378519550509697
-2.25452598975663
-3.769840732755747
-1.0913390586427114
-8.618699975442919
7.605334093775158
1.9723919707467652
15.118841168066245
-0.1720739652023975
-8.739177418369524
-18.15520323789171
19.50138389615316
4.302124770856728
-17.54921081049566
16.78725424313486
-11.557065433747603
-6.341719111237901
3.553338880537237
2.540783443410952
-4.812488560539448
13.883285771312117
16.544760981435847
-18.49480938995093
5.072328457727312
-5.95362948350367
-1.1832476347834702
7.764303959211315
3.0134877300540674
11.46761660756854
3.63054960009053
-13.83471741855448
12.403565645804816
9.367359316912003
1.170480192172131
-9.12308132768841
10.572507545616334
2.5642296055170566
5.8245839870174025
-6.4643744009334325
-15.553293055263927
5.416536662820497
-2.4744670226312975
14.294439814994364
9.56406911029171
-1.638041455631729
-0.42596713815812576
11.513011200141106
18.816821269808234
11.375078594096735
11.495984999516647
-2.329886143573832
0.9742519050535701
11.91078882691745
-3.197608809204442
-16.040604321749907
0.5705478446938025
-12.495085500398844
-11.170902418709604
-1.9229792792005598
16.697996837710807
-1.7170834363463903
0.3937870214712304
-6.685890649482379
-12.965505629012764
-16.126203768989164
-6.221140774597922
16.915649705587363
-1.9514121536245699
-5.75383236269018
-10.701749480656256
-19.284258491577468
-5.676140938215729
13.77697489501618
-5.2781565554047525
2.5232345960172724
-14.271058958215448
-16.948916503910485
0.12421455563714359
19.41325547592385
-15.869207755128004
-5.993967758940562
0.9598848985161899
11.891287689736254
-10.071470333628099
9.514684034152493
-16.322818354025657
6.867166174853323
-15.565535566225591
-11.200460990638655
-9.268642933193357
16.456795758453648
0.9724902909072047
4.920313276462795
3.8638189121584468
-13.36307926449897
11.969356282964611
0.16484223893084393
12.083950052857693
11.39686988090454
-3.7179805029579223
10.449386541597345
-0.46548425205833827
-10.535104121889143
-10.964202235359547
11.706230169724721
-11.658482532296071
0.4103447381247094
2.8862447056715115
-5.322236212686864
16.857998035825737
8.91736775190646
-7.80910692851507
-18.378630426461015
7.959968518558381
4.541427893436226
12.395424901892401
14.611835259744158
7.213111991892911
-7.358099497090652
-8.542956539028154
-7.153819393585463
10.372626676638005
0.6662051165487607
12.206475279195796
-4.4157009397739335
8.111018050309006
-2.425367707573584
9.359575389935923
-5.331117736752879
8.77276962446912
-12.630943927532016
-10.193540939383174
10.94244498847534
-2.6901908798646184
4.268990508891565
4.35191721068749
-13.472088412117582
17.76276406621595
-1.6902902944786238
-17.756174167880097
-7.313552821823065
4.440400809145003
-14.386708150874204
-11.94280113521249
14.611079040565635
3.832134866222323
-6.653946733104875
-10.737431963521976
-17.89347923078707
-0.15423978731161833
-6.3182979808869515
2.864167137742514
16.155897021775537
-11.226530298378824
-7.303192009664887
10.434120806145405
-6.609394401319547
0.4694105347251159
-6.683534213326029
8.733159108789254
-1.5755612122718285
-12.455049222650816
0.9427008154311675
12.937444140144219
18.778785672264544
-17.734296076062634
10.77571021917541
-7.681691158412816
2.9993837413086855
3.737337202566785
6.03459044262075
-17.03583128506485
8.18770467939783
-6.267384464842044
0.3952072238360317
-8.062931029853507
4.15626528237415
18.300190408390936
17.49665545247932
-10.413794016233124
-9.33209781002921
-13.625720787971652
0.6978873803494378
11.048307599277262
2.4975328697227943
-10.354012299622056
13.536997116169653
-16.262666531210936
-12.607979904538595
-16.78376527719081
8.810258944666964
-0.9971359659147673
17.606514506555538
-13.152024535789096
12.246834123345987
-3.00437345746433
1.737673038993398
-12.977262574245888
-9.499317085711864
11.485423862202842
8.751663670536622
-0.015528913863040778
-0.7598350977174761
4.056399759775559
2.543874135709681
6.149411326084627
0.2825281976196657
8.411772523981835
16.41204631748836
3.811055286386804
1.147611909848369
9.687147417361896
17.837067483408173
4.505203317473815
-12.0967664078678
-1.0251517102172698
8.59404259056334
-4.923559225304617
-8.927712648073072
9.487498256095057
-2.940844980777472
6.165111498484887
-12.660157412411307
1.3100692149539632
-12.964893160763244
-3.671263861370859
17.608010444010244
-8.109441263247293
13.32469832137906
-14.932249514899722
15.018896295866002
-14.58847429967462
2.397783235698684
-10.058437065596674
-3.9673734786164045
4.397770827117572
7.7011591374472514
2.0497420949837943
11.721786976316523
-2.2609238674108494
-7.617463335291578
-16.586822977997194
-16.98269168675805
-6.339309515467641
2.620408367319792
-14.936075797830973
12.540401965929147
-3.2130723831482366
3.8709390617610735
13.913969075736752
-2.5321869564332253
11.036327586879477
-1.614218032486543
10.306834867890506
15.141171240938364
-12.491834579541226
16.0785480683015
-9.904724963454056
2.1894133093504213
18.709213228276788
-3.1223910343347896
-5.123141570890133
-12.06816637760095
10.416768621900468
4.447537084179512
-3.6710303812224323
12.55382436648407
-9.841535060162602
10.976231763688705
7.244607705814813
7.5932170626804725
-1.794035023457733
-7.232004173508777
10.947130615637715
-15.168099563545518
16.035927099139265
-6.383255859444145
8.162015490026041
-1.3931428832721338
-19.015788960790825
-2.254397978802285
11.455558953368717
-0.21203073077512768
3.8105983935662984
15.059936415120346
12.227523007767262
0.10330219998633923
8.779074671641363
12.195447612973133
17.540991702450384
5.022749670428611
3.6443383684895148
3.317795180024534
-13.25674108760635
3.6973463767923715
-4.108535430010126
3.08389998739797
12.284921095376252
-6.99239926174195
-1.453174482591069
-0.8532816531439299
-14.780946622926953
-15.82325741936519
19.82419626880159
-8.77056034823797
7.825288517517221
-10.19465818063194
14.120607543108656
-3.207762668425755
12.3006748308183
14.756408894040142
-9.373149448143087
0.42624125930021184
19.493821289766093
4.100366504033547
-18.86249777384203
9.139083926702025
16.42815361406359
5.607853631284919
2.279269445363197
-0.7562615535761675
-8.394025890242524
5.715894070831225
-4.741043445340642
10.47480187004573
-0.3047497592508845
-12.01879360683206
-17.537985624427858
13.532984738898936
2.1357460826837404
6.621479703512583
15.261520807800823
-8.850248412955102
4.885163900169885
-10.64597731642132
4.651446529679157
-10.552416463249777
-5.580924662101238
8.950394521115694
-6.468863025855624
15.915429676111172
11.694655606887762
14.887731369603706
0.5179621463853114
11.577554055958542
8.260709132376322
3.8921335742398684
-9.156019403473987
-0.8912244528654898
9.427148231833668
13.374538474169535
-4.1086385190695776
-12.721331904155598
0.3792573674351318
-8.314605257752937
-18.746620634511718
-7.585624360837928
-17.24166170278974
-2.24483522027721
14.651353675130482
-10.075769755830166
6.7474200664238815
17.010458150659918
18.389957315656694
-1.3337536116396174
15.49209227094358
-17.5063434190719
4.470532873712508
6.834886338568944
6.804048002704405
-6.30709648215724
-9.678340995653675
-10.013427691391025
5.774427491710085
-17.26123836214821
-12.924452897070415
-15.323070950551894
-3.86580571092488
-14.083158608030505
17.09312499586372
-7.618336714731067
-0.10658469121750584
-18.170557713209156
18.555395486887075
1.9472009785572535
14.33200464876394
1.4963551385007514
-7.023212692809882
-9.310456417942055
-5.895362556359583
2.9291826799369245
-5.088261023322334
3.504273080998774
3.5021503366797053
-9.106209602552008
2.7471616141524993
10.198304530708173
10.56989967831755
-9.888081067622942
6.631791254963687
-12.764854681369552
-0.47856343695050385
5.280502255299738
15.079270818574399
-12.1177185549658
-2.2124884933072098
2.595735315899016
-2.3915468730774267
10.244641250082076
8.692579580457645
4.590039390785353
-17.557598015275232
-5.331553202555661
-9.318287057273885
5.779518701294375
14.824644472561623
-4.7677316070114975
8.818741898357832
7.566526203356267
-5.146724509511528
-12.255522002239987
16.357278751519715
-6.519581732266936
-2.4624333713121085
8.707370829552652
1.366121425134464
0.48402567624387044
3.6523443147957537
-0.7146125143407098
7.521109613257285
18.325358830849588
-7.4343823696127105
-1.150344644698337
2.1460004887693676
11.011461139549406
8.001976110762808
4.542909923793096
17.101193872470603
-12.42237247234534
-11.212066464049359
-16.655608934548642
-2.9294913184337266
8.031750456584382
6.223474844575019
10.015871076591221
11.061893782388724
10.089364235600979
2.597806746115873
-2.1876256920550237
13.416483260947599
7.801953432183302
-10.459773148822016
13.52370806741334
5.321356351288604
-3.7703209772459627
3.377190251393593
-8.035823954262565
13.697206034337528
-2.617767855443653
-0.2414505823939078
-2.7722751648839123
5.604239425493006
12.44659985773235
-12.880448288638885
1.8595694403292453
16.21289167702252
3.5971589263236456
-10.623240848243848
17.561156185454735
8.09209230991871
4.475717468003658
8.402144505388048
-2.899555763704208
3.9134176892277
15.643687123922177
-10.916007048361035
-3.721179131862054
-4.58470870481267
-2.5731783288845933
-11.013152595866577
4.112554420178189
14.240181666563979
17.137284172450677
-5.949893113125405
8.02030565061255
-10.258574857412864
10.15095830753765
19.08955245475919
8.73949980345892
-14.7032841558679
12.505953213016696
-6.96535269532058
-5.28476422303483
-10.120842759446626
-10.602936984627727
18.929325925342603
2.8216705971057303
-1.7355172562544454
3.302188590058603
15.044622385431857
1.1071998330575352
13.800480076116202
-11.066014677657792
-7.5304556430885
9.51938679125083
12.141929051440634
-13.489524307956012
-16.07589915633304
-18.77574280707291
3.2761654991048608
-0.8599473557742339
-2.177916109730593
-10.984202215657833
11.14057379785374
4.877975957898858
16.105370942770914
-11.442131816788768
-14.025071759633411
-11.017730985513145
-0.38952679814608093
-12.621241570649872
-14.16220413562003
3.236087945749991
-6.630949052701056
-13.506716044843676
-18.81115174718198
-5.353258308706394
-13.81744399369812
-7.04138141394553
13.941779251906604
2.448217578872522
18.751501022521914
-5.056488559375595
3.772202167752425
11.816684931643515
-11.207322206491789
-16.923447925979104
3.8325026641827087
-5.032049671374634
-8.972101463060682
5.574417181702008
-5.644979649260163
16.631376996690623
4.3733738811559295
-6.061129815854226
6.003729812494681
-11.824776650945527
-7.668907395276192
9.75836244924971
11.343383981289293
4.069246945971675
8.586674595684306
-8.371447594446463
-2.6889194236353133
-10.85670269862022
5.407771188804288
9.890100018839336
13.888319314538391
-4.561934687114271
13.024450742558253
-3.600625574029573
-12.804543077921712
-15.01446674801796
3.6343352611492157
-0.5002072114227165
-15.34056586841087
-13.108119147869154
1.0859379291779945
-13.963844972451774
-4.5008585436501845
18.823670042094747
0.8333146399672505
-8.083515785519024
-9.66342974886288
-19.11498371085958
14.426873214136862
3.25317274938393
0.3356373542490781
-14.326350621267741
1.0471288342246161
-4.268497154187135
-2.123456217106681
-12.754290149456905
-3.630612902781564
-7.819408252492127
10.601037346910587
17.42884736735273
-1.096847394938311
9.47280778238406
4.592374551936896
-15.21154444894519
-14.38054957525184
7.089499524506858
3.295535535850943
-17.93289163788973
-0.6812532304492745
13.325014027491637
-12.8217442955292
16.769367697918916
15.658428625706705
10.342427036379085
-3.0724000097467625
4.5445396165864915
10.762856115494555
-11.359578861160989
3.3088255720955737
-9.068488946061258
9.622863898677522
-0.31228205573982265
-2.49797450633577
9.862379574421041
-4.9485346448646315
6.3560347452412085
-6.577583330681522
-8.335319761602676
-9.600836620251263
6.83128296631101
-0.45426832025896624
0.06357875324583001
11.521194664167284
-3.5412605843886724
-6.953747118816191
0.34343865416572034
-10.406660174275128
6.708666493140776
-6.232825774744183
-6.085398212772779
14.537677222316834
7.267985396747291
-3.666446082789958
2.666516238064888
12.533783214034658
10.574475706493288
5.163181677783593
18.410632952931767
-2.9760524380213202
2.7029673441404207
-9.71307134221848
-2.791976206228052
-10.067408833087885
-11.212361993483212
-2.4993473807972006
-13.186753690879744
-14.78811360739009
3.9190975121437623
14.520855600225048
-9.824147920507233
8.849514119085015
15.66014580080951
9.82052096841085
-12.899492358975897
6.379585106891432
6.760318753782314
-1.5875295865359238
-13.500069239152946
-9.422751155037856
7.291508788770287
9.46303056005207
4.11332301651918
1.1245904261299098
-14.432905118894945
12.177627873687847
5.245103973922972
2.2179737098731933
-7.474945772287946
15.947990946901532
-5.015011418631275
-0.4342419018141081
0.6680180489434899
4.639972661288385
-2.162335486488931
-2.084913362179253
16.685839866521025
10.068005192332476
-3.0266968548882054
4.775482580299454
0.014957637748685923
-14.904399275519893
-3.1673604567420313
-9.53049211674703
-8.40043288200976
4.074648438628926
-10.130826971932725
-9.637861496931933
8.846647968931519
7.167411276780368
-1.3060811294709833
3.590746051099353
-0.10892864986054127
-16.513062189640994
-17.7727298468231
-17.25093308067393
-0.6552297040458493
-0.4686386833784316
-16.930912833457292
8.911601607930365
-6.412363305959576
15.184051718703254
-5.7688036352590935
-10.215817202402112
14.003934144312892
7.672732962635355
-11.257089504756776
-11.989362035138635
3.0252191778906483
2.7543747706404194
-16.663832918350835
-14.605929834885943
-8.713651409027252
6.3816204887289665
9.428083233117563
6.494650619058012
11.554080498764309
0.6399005707116022
10.794828137880858
-0.7760329748461037
15.10793100366257
1.3453106204995107
11.500457626649764
-8.245485121801122
-5.359866050868193
-9.520650980635118
1.503702059558523
9.980526833737771
3.988542263586017
3.5114157053991226
10.129591349185187
2.1497865955687967
-18.309408821071514
2.322379844220982
13.332870595947197
-8.123515514137164
1.7048856314579561
7.717719904242988
-0.47524718031483953
-14.899863349262933
0.5285539171858048
0.949299012322634
1.123719119679296
-14.009059766163006
0.48211042502969753
4.1181636522830845
-4.398187207520226
-10.020598910587319
17.842679017827976
-17.461370457435507
3.4367706011067223
5.850702355237337
-0.17474123509681408
-3.5434380397204803
-16.107353312741584
9.79890878456523
11.202717963994411
9.100555656204573
0.3509317243918582
9.075509022186779
10.71419289865905
-0.837054845152784
17.29292413827821
3.2366967071028308
-17.370041833429315
2.894132202503682
-4.01457603437394
2.895194171909298
15.044421497353108
-6.747734537393148
3.7543454847307336
-12.104052329120163
7.730883224492833
-9.804197994648591
13.79714828347376
-9.675081915326176
-3.1286753781995515
2.8279669126085096
12.845195574374674
-12.667316173710487
7.761970128436524
17.676760117387023
2.436555371778216
-11.520555628220155
-0.01679980917777651
4.9660098531877725
-4.501632935296011
19.808699988606204
-8.964522647619814
14.731732182850052
4.538682317621856
-12.633496681266813
11.08957389808895
16.428323040772902
-3.5677869753800158
-4.155644323567801
-6.662175993541441
13.540879956098593
12.340479008043776
-6.301540126232559
-10.377964780284357
14.653112086021698
-12.625851190861235
10.028157248074827
3.9517182568519758
-0.74614573487425
0.3269964091034247
-6.609740914880005
17.640606257453115
-3.227270082810171
17.888864841542567
4.0776848909192225
-14.736472768481589
-3.3378785619324387
16.017845449273626
2.907006086308953
2.5634988953936264
-18.514017685145156
4.680291243875206
-2.054926330811994
0.32222153843235796
-9.926454574006685
1.0213124255760035
-15.710047274884255
18.822146275317728
6.050016886668729
-0.7144317456550285
-8.444161170668552
10.599786199228422
-4.589843872010851
-19.614259417011915
-9.848049479375605
-4.743053211110667
-13.145477159889369
-7.342252741541406
15.523941549798227
0.7727801154150702
-14.628198179442071
2.2346881613755105
-16.09476093504291
11.620480981137469
-15.123870667630532
-9.457543380803841
8.418133229887244
2.4675303236490653
7.583022348390561
-0.31295481821723925
16.867947140645917
-12.411982658237056
-11.821342385829947
-3.9959078936309163
7.559771026161004
0.5992327815085716
2.777442677706744
0.23341965251682575
-11.56331155511167
13.49754726349326
8.004561901552547
13.842998367259867
1.2651048714846245
1.1139488542877654
-11.650587671843107
-7.781075534236232
4.744682581153905
-3.6177165098316983
0.32595215054364723
-17.227775123450776
17.40772342922632
-5.193634770064706
16.260604570162986
7.535625793206502
-6.160886411575522
0.5965776059334238
4.012961336636485
-6.858668327438373
-18.02296869433023
-7.20758245518625
19.054529584071382
2.8925966016481466
6.235948077683443
-3.720606624355303
-3.2640959340056797
17.061011235246966
-1.3469529346348836
0.23454631059202297
5.8623313475347505
-10.936665577591219
-18.562513229108358
-2.6194657096979928
-2.412216339542626
11.747797904912414
7.739781957540231
-9.829155473160446
-4.574577489137196
-10.48126888364669
-6.852414124245662
3.501489338301433
14.47376972597817
-5.743142063515264
-16.896639271216504
-0.5007462033767426
-17.950613485124983
4.86703613463295
-4.720939795053354
-6.0632028621329885
15.705879230257214
-3.3908863794406603
13.451954288154385
4.40460641127493
7.436427843010466
-18.128011132831308
2.9989391192577215
-3.3639620829581953
11.719910153154078
8.673351964872158
4.001873634442164
-9.251382746590382
0.2828778873772235
4.4516333740680265
-4.818296962712655
16.617397767651326
-9.497089552994543
5.068823252902294
2.828607694405885
10.706130296268192
2.368483642300806
16.028830444425733
-13.524357565116013
13.673711132997386
-1.4949251593081432
12.72783845470204
-13.76814054725132
-12.868957786229053
10.48462664881059
-5.999464815668471
-7.5017110145390955
3.475215633019955
11.253821611863582
-15.577853775348231
5.207973209270019
16.682986009979892
-3.372527014282816
-1.5254367661400512
-11.412177212947652
-4.469248179396346
10.632585691714647
-16.812283872473184
-14.406367305531722
1.8501479678844415
18.196791553507005
4.955284279508584
-9.655034633822066
2.4654508652525533
0.5373856872082152
-17.81876495181241
-9.180364937115108
-6.0122222797843
-3.328374684080818
-16.323046708701263
-0.8575621614200574
-9.046920715950602
-1.9590007935099247
-13.523171293134567
-11.359100498985883
5.197671102853336
-7.4980172133991365
4.166743898010883
-13.913217760279199
1.2950537626488965
4.6743002845419435
-9.504807340215505
8.499294017986204
-13.04109170711542
16.202683201937813
-3.0607871804678597
-6.436381083827769
1.403999242418361
-8.063864392425382
-3.2898609652258712
-7.347955363818321
3.4368961178414916
9.152081179235367
15.084545426164272
-5.570199848570191
-7.49303744870779
17.501618274848877
-14.530777995871034
-5.118519654964785
-16.42824421397873
11.46322333395304
6.440851323119931
1.8696344095714257
4.279596836081008
-11.637680881554212
-11.597585964144772
9.978531409091536
-18.536134164783913
-8.600756590538248
7.772036350806197
5.708635492561088
-8.200753767738385
3.3833979370959018
17.651933098260642
-1.4690386144619163
2.885271650019558
13.099195040724974
-4.140365525032835
6.603905962999467
10.1368883491279
-14.251667143088039
1.731416271351566
3.4128222948550864
-6.685536759423647
10.842138459369886
-6.851367345485026
15.159825515971091
11.773988570228534
-3.5415544654516293
-13.29715207630113
-4.648745022828861
13.430001473362402
12.188964793875737
2.5818795219268496
-12.507693421364019
-13.017791971283383
-1.2303973069939442
-1.0732006668538538
-0.34810058620875883
-8.426786952839455
3.6242721485481972
7.421082916840462
19.033156557436435
-15.25229253446928
-1.3822719644477066
9.099538363766301
4.523110288579927
11.778017834054934
2.116347957561591
13.69641627406963
9.363924606461367
18.14678877755795
-1.1207919223072824
-2.3122352332894285
-0.06499545709354697
17.321055343423996
11.81985109619399
-8.009765796547025
1.7231606333582292
-3.8728617462003476
3.6266791777631613
0.9770867571953487
-2.4332760524476136
-19.15288829316888
-5.508307624140225
0.6839998614893325
-4.679318095123092
-17.45926033885273
6.124463149163377
18.560685198604286
13.183498773833314
-11.015369446642858
-0.27015095784164306
8.333835330016113
-2.4417575514350505
4.227654518544616
-4.836200088427101
10.62512024275813
-12.990173990108559
4.795736338339905
14.146344651763213
-9.303166775963518
18.794321463639236
-11.969908028007778
9.637990606691597
6.510649609297402
-14.938357792216244
-7.051541764999486
-6.004268467693542
10.123696786682208
-11.32798325823874
2.5527152948633636
16.880372093180476
-10.99035154667247
17.338039128486436
19.29909735953942
-2.5591227784985717
-17.986236064531255
-17.854910131257714
9.433438751428092
-5.06230435804771
-0.005784195940129054
-18.987548468155293
-8.663281583839769
-4.163080066364653
-14.458814440975722
18.279477616495896
-9.242960080105046
18.824495431278415
-4.122816262357962
9.024629501227533
-1.507963796270423
16.33114798477592
15.83947790816255
-12.257691181582597
-9.405983273316977
0.24548242124004385
7.689099765288472
0.25507791643414807
-14.5076635922095
-0.6597870604622074
13.002503357654584
-16.365036288135897
-12.8986354636841
7.970923799857595
-15.662359346215013
12.535920394497069
-2.695532996461394
-0.6779785362908756
7.567095180365459
-4.099469558099167
12.090470955908328
-8.660990031026408
-10.147723711779188
-1.1218428577883026
2.6220008644561283
-5.3073032934202615
8.519328225464934
-10.32124290775342
10.306571336481962
-3.826065814219039
-2.1246880244955855
-2.079045360465646
-14.446649744299922
-4.944972851795514
-3.191564923856161
13.782372965114279
4.994055778058627
-0.9917440536643108
2.604717698027916
-9.846139534429165
11.858406715610625
3.0594214343762642
11.927902299132448
-0.16791801953410035
4.003775742617792
15.95623190382764
-2.1104094808746234
8.655819802444167
-15.07728907179084
-2.812183064304116
4.7511571147485165
-19.072494375096195
-6.692143353612878
0.49723885298919124
-2.8435164918300324
-18.66122761048002
10.583760717935371
9.617740097751616
15.152177787540714
-0.0828541933252043
-2.8056504070664228
-9.5038081163494
-6.613868053507789
-4.064228431642355
6.005562517663607
-4.633656789698346
3.3535047411705317
1.9639145733290726
-16.90630669413779
-8.196966010902274
0.7805649277706175
-6.976036027308596
-0.8355190392647379
-8.445090838975455
3.3123316092941892
-8.168096345979468
14.872638904952797
3.7287013704428214
7.319843015490631
-14.234084031152381
14.234335343234488
-12.173698217937144
14.632605368232356
-9.468710785862381
1.4714083094492114
-4.41475454913027
17.808907081308785
7.325116288236162
15.781764710043548
10.206156448613527
13.332867797816482
6.575491489717731
-15.65711298271191
0.06090761141214012
14.481594444777615
-18.305277742511432
14.828238465766246
-6.533444315310598
-2.057297608205475
-6.9455717777746155
0.09469570398631807
-15.477423914428753
-9.327262329021725
-12.9774447503666
-0.5858644264339988
-11.41314965385
-7.51332172999616
-13.0194201058895
-18.659848734497018
5.926786648562364
3.990827357061871
-14.145287812865318
-4.628124178204706
4.691554177583424
13.032772927956733
-3.188461756502391
-7.435517908377006
0.565973574886402
5.138649365199302
-11.601593512710588
17.206378800054814
0.39512457785222427
-14.795009308760127
-0.8076857876545113
-12.456442463847395
17.429005269514672
0.2517520937070277
5.184254540199022
-3.6859250398412793
11.525884796035966
1.225528323753844
2.7650122142016182
4.895964492205988
7.639792948407836
-15.024534259450434
8.032558173367812
3.7298980201507135
5.444813760151042
-6.4905983091917445
2.4000084623721074
8.922860352354
-16.623805697395955
16.2899989948759
14.30137928424987
-9.46068549573271
9.048581972395752
-18.689364713107835
12.735159117390879
11.02690286794155
2.3759200603827497
-6.146370389517872
6.357460714329606
-8.5485553842854
5.252361923467996
10.895080806819198
4.427165298037037
-14.25218975789787
-12.752267642075058
17.35759948089476
4.597941633654788
-12.668332492163959
-2.6889090159537017
-19.42061561136268
11.786802000500845
6.41817437973537
-1.2390601002064878
-10.822077525424145
-6.163888449648233
-9.315891323997999
14.93598919535619
-5.472950197239881
5.724939314969885
1.9924790133334662
-14.62097271421312
4.921074554069774
3.8326996613766164
-10.739411093521735
-9.575671768250093
-13.9945235710797
18.476455281514063
-0.216755481267136
1.6980891811676222
-8.461522883293876
1.3853686557753337
-9.728861065590383
3.916087626506683
-6.249164505598591
-8.566397465891932
9.266343990693006
7.723707714033178
-0.12156212593164298
-6.518322895960688
-1.714931929298117
2.15035518144535
-19.08811723483618
-2.795111802075583
-1.8399076757984758
-12.72400931753896
-17.076802458758753
-17.43267439115556
8.800540400740688
-4.782584186953033
15.197719819621465
-14.175896092573769
1.161381707822499
-1.4022468085981517
-4.767238780823062
2.2015461003887564
7.5704743107082875
15.448132292703608
-11.104887428871873
8.040828469184678
5.362788038817852
1.4132062434071064
-5.695525155013018
-11.772525313611808
-17.783156283997616
-5.031930621904506
11.988798724679977
-4.32060999257869
3.836565959441167
1.9292875948294583
4.061788608333324
9.54242147409942
-8.108475617111658
-2.9591271714185026
-6.102376167033749
5.704576763466701
11.687905244772637
-6.030778280021589
0.361274027428526
12.064807576599689
17.29975124269787
-13.733634899407164
3.590651970649467
16.494957959548675
3.835651139910607
3.6311859328606966
-2.669299442671559
-6.598213462659231
-2.518658380224927
-12.168100626177194
-16.535728482985906
17.68916645415037
-5.72286844589359
-4.5034667227308445
-16.95242728143582
9.02880569900563
-0.5495192861137066
-1.464150564825378
16.773659691474236
7.566788282206126
16.277856801285804
-12.980867397084142
-5.613393986790569
9.840025901516613
7.150816623216909
14.315076757801199
-9.487393141643297
-14.269377978614
9.582301820055717
-2.8326982894608266
-4.76019511705413
5.9622735534287505
4.574839437764337
16.916069816599165
-6.103641113086161
-1.9708530282352887
15.63159243248554
-9.382957485552383
1.3990661012155234
7.313809944571275
-18.541706001520044
-6.614130370801814
6.660549293077231
-11.244804047518523
3.2318700115474472
11.209896557581573
-4.420999252020812
-13.338443631473346
-11.690310507676383
5.677035522230839
18.268891677405104
1.9804589913887916
14.263157195301758
-4.583456634787449
-0.010621256836275331
11.59312050927781
12.598258242397076
16.157871354416105
-6.944340912134645
13.921429878057376
8.805995202016465
-19.01157929512344
-3.243935877245624
-7.364631565118064
2.3961780705225837
-8.698097049990325
-10.870321346194972
12.754708106075345
-3.3138539365297364
-1.723792370349942
6.036856426112712
7.638736154427068
-9.689762617999776
6.3736421506698555
9.84606484443924
-9.601419356015063
-6.035936125774281
0.7474293746844838
-13.047988818318217
-3.906630410561301
13.537150914864467
-9.999195661251287
13.818784784667054
-1.5655854216768703
2.863972295842684
-3.53869077976939
6.406923412948342
-0.9505184012652258
6.577344204620173
0.714457395270666
-6.4394888320677905
8.474397616139877
13.333188390298645
8.301055702560236
10.057762074996878
-8.22424027362407
-12.967533336953021
4.322058704718558
-4.425123859645204
-19.622438496698486
10.552251712040338
7.0864422264270654
13.680261356964436
-0.8479924742700351
7.761022061210419
8.79645389734602
18.29992079794162
-5.9370918034933835
-17.24194270183574
-6.35219895911799
7.164135934948917
4.758418934096089
19.893529970389743
7.588135239087295
-18.073629241951405
-19.60949458630409
17.711869942084636
6.148307076108896
5.456110778219943
15.538323701684792
11.240943465620445
-0.23228020548932535
7.643697419044772
-4.770901822525276
-4.627012921037284
-2.3814866448428966
-2.2255671855306502
6.7057049734721215
-11.485029593821128
-19.33459145936844
-2.0703392721628657
4.200176694620751
8.72182084992709
12.699371307199845
12.535974630894822
8.970535553156704
19.288112320493795
0.9845023805519627
0.15889332119885616
-11.974669216279473
18.115166063435982
-1.961016023735164
-6.983816800579339
10.80287746642431
-8.36964140515055
-4.597674514771759
-16.522650550033582
17.420358754811872
-14.582896420039008
14.774183092599804
4.516613814639075
-2.0921567239105343
-6.8482527408842495
14.900515027529458
15.85601166508166
13.384228425118112
5.66959867514862
3.8698365890362627
-2.181552310618091
0.8426402588716809
17.825109036014407
-5.162100072887227
-0.944646510571481
-3.1387312358107
-4.0237150310662715
5.110358849286974
11.476729107569511
-4.998186583767764
13.091948342549514
-3.555293634217438
-6.9976803533007015
-1.1745040242756828
2.8583940626730633
9.425486972028356
11.829042126782
-18.588463074966302
17.2721602195587
16.533745949134193
-2.574590014984524
-7.0441524166273295
8.186137538096391
-6.699334959641062
-9.398254623963814
-6.251946535254345
7.540875437353694
4.7260935998658065
16.169759455263023
-15.833771373168767
-3.919785337974471
5.2198639436527134
-1.9433320502805584
-16.077256607454537
-17.191132810140505
-2.251170921524468
-18.702898384152547
-5.074148752524355
17.305003113570763
15.983988795064537
-0.8149843847047517
-9.960738156082307
-7.923645421960508
5.862443975303101
15.541021771152561
17.33988028937572
-16.685787300799294
6.514090885643337
14.168441771831793
3.472434116295853
-8.767293731993206
11.693653412115601
-6.877809305080657
-13.016592748624333
1.854229280747472
-3.4411018602688155
-3.8787214192158537
-4.039489570699519
-5.0252411394390055
13.83310582275582
-17.292657418080164
-3.632124691233854
5.438667957237819
2.7877745952630932
-14.241587829179222
7.982700075009899
14.80027327198829
0.1590864239881795
8.543913282144258
-3.8519764467689757
12.427588342956833
19.549595559467452
-18.495751018636987
4.567257531737329
-10.068028106335973
-7.625038617922552
-6.0275768035947745
-1.0442306923860671
4.820726717584952
5.515592788270059
6.468932952177573
16.010653615427284
7.422460628577474
3.9369060510475586
17.060126482531476
-11.713120352168493
3.648335658727936
8.091685801198919
6.701888513768246
-15.72672077429962
-6.820213081954601
-18.258720264867094
-4.764865958480442
-3.7866025049988874
2.280040127302982
-0.28549161663111217
13.3842145490236
5.754521483563351
-2.5807499633053
-15.789856827421717
5.989881838795991
13.991536686206443
5.9364903716980795
4.093703296047352
8.718435250736889
8.91305238526549
-17.000841390428516
-6.088207611829405
6.386220285725452
2.816583793611002
9.158957083912055
1.2175791127532527
17.17537113705267
-0.5366481348507769
-18.0850443413836
19.157385719625903
7.851693687112361
-12.831107664553942
-18.025514674770207
14.619056439407112
-4.896679552155075
15.341463834669234
13.498101894491542
-2.424089911679771
-19.52506881136977
16.903753059957964
4.870527443233756
-10.759035388971055
-12.85823542418335
19.47027154904591
8.983787848588547
16.499094816805478
16.434899206005706
-15.003017617115892
12.151381227599975
9.009552000763541
8.305589668626617
5.470260371323014
-19.738280840893346
-14.84133335942455
16.391215144364182
4.488712870307242
-8.900889889120508
-0.370437645174357
-1.8272212639282128
2.904742421467141
-13.273985815490402
3.497370969477262
6.103283351044838
-1.5323774529928595
1.4270632680421083
-8.902016440121669
-13.394848450556715
11.843601453237996
-11.844539164018046
7.47659316708629
2.197828340011282
4.128224876578858
5.63737105445419
-15.500698520204939
-17.104713387212872
-0.8355190602913187
11.181775340512736
-6.0351921617575615
3.094709106837747
-1.1932241233194503
9.336848390400727
-8.906396125819604
8.350699543107169
9.890889928744144
-3.762665736350627
2.078686718795401
-8.160773086182797
11.792836844671601
-11.000013641944335
11.177035490982108
13.195515200330544
-4.7962424249316715
8.642997042950382
-15.231743793840984
7.591425981876367
-13.838190478651171
10.184952393471875
-4.708509784693769
-15.477143125214408
-16.069101278554097
-11.052976326573912
-3.133351058741046
-4.9012662184652696
7.47525303448713
-15.095807738912514
-17.212505800136547
-3.869876253937895
0.10127585161038508
-17.468171071202633
-11.526966945380423
-16.200296426998683
-10.190357665805791
8.188844615483658
4.035061525451627
-1.539057576293854
4.9189737219756475
14.983355775846361
18.606273529384314
8.981017435367708
9.24228604192578
-12.289788626379753
-0.7553263595821909
-13.256659230823427
-12.075743928912912
18.435462534385433
2.768390797538221
-4.202792068308751
15.808675763278863
-12.559166362870037
-13.738187771671079
-14.506438606711631
1.1896257921659097
-2.8817434903664676
-6.839084603764116
-1.4621503683307875
-3.7016621114762716
-4.183870142307818
2.7659246578363437
-0.11772392739254552
4.262609318754511
10.900834420274617
19.174174954272488
3.4913281192762957
12.700967407682663
1.6853457179645523
-10.669757772415114
12.977512587670915
-0.6992437453130151
12.433232908801916
13.879691613549717
-3.4730540499610187
-5.60241047356847
5.74865315750865
-7.4514012976732245
4.575620806172551
-13.126856081183304
-19.708843903944327
-5.052878464075483
-11.892390195109678
0.5530083543639155
12.472148548691846
0.39587514581459127
-0.5813247080363307
-4.286113606136668
-0.6957504805676281
-0.6254708101167842
-0.6489985309354676
-10.668929465390434
-2.6772003457294606
0.02597889791413888
10.168662788084866
10.906401986945331
-10.74306357591421
11.577862804768701
4.595980495941243
-7.085173084145556
-8.211454718184022
13.540225722787609
-3.28926843663337
4.704379403690943
1.8428895905863802
0.5633522635138263
4.62525404652595
6.506804606121432
-3.67884989459287
19.623035540167283
-1.3160659657200908
14.245945696655085
-9.343964980973695
-8.303413010457087
-5.463713639609923
13.402089730862132
11.217421006312978
18.647204052464545
7.293227419409282
-2.9149489659912327
11.730643574775835
11.28127825996445
-6.5122286935699885
-6.072720710055263
6.812310230058815
9.315393045303098
8.15716782914978
17.107904855753095
0.8938951694779999
-6.34922416288662
-3.462169558472852
-6.7372897331933395
-16.93514191360595
-3.959616683088317
2.58452251303624
16.07934159669427
-5.853042412705756
-1.5608674173792678
-8.179338487673297
-2.6085669484425034
11.239166192476278
-12.09497867634303
8.73510298121892
6.162903157224594
4.846574299273357
-2.5048497112893418
8.749708042464711
13.35549502815865
3.960929110763195
-13.75807096180813
6.193803782128621
10.674580349367467
0.5012394953464566
6.713918937192145
-12.75085467036767
-11.515584217492766
-10.352170343543463
14.76698629350686
0.45881286201626487
15.352999725122398
16.147368785827602
11.8618885354998
12.818976377064164
-4.990055837538032
10.253486436902618
16.06449290590428
-13.362683904194515
-9.003488990065804
-8.130231919713589
-10.98922273453548
-2.3906872180852243
-13.040350894047945
-7.275624158766893
13.70356902287972
6.6895127282821125
-2.1691984339384307
6.248559833501227
-1.4690254185909677
-1.2306023301934612
13.304005867240985
12.569154357466159
-17.064946966859377
-16.9980615020899
-7.922820943502792
-0.29668055835393903
17.77504489698005
-0.44007248922670095
-2.0985762461224637
12.462062937471327
12.129822649719339
-14.753573798607233
11.179967568394273
-2.6358626169978514
-10.608278471295273
7.70078164333223
0.45995938614698434
0.08553029743484362
-12.84771697913135
7.496390056089068
-13.854357237644356
-8.52305296098291
-9.189050389285223
-5.940911707694527
11.418355127039614
-3.7045267953281584
-8.297908081702287
3.050919492785506
-0.015580798941129341
-0.3432609323301706
-5.695071706281148
18.379732686087795
18.261219698861723
2.380969915693011
-3.2248296187661176
-3.4471905622514547
-9.195270409871554
-2.3801083990909344
5.098730295154109
3.0395124932264466
5.655511255404915
-13.890464990338375
-2.6564682500432673
6.921317438580908
-13.94453226485829
-18.93999952465865
-1.808508709983398
5.246130592872538
-10.732227175115565
15.376895168918493
-10.194356237570661
9.313927463218388
-17.799886283608256
-8.69930233343252
19.39427020195721
3.6753013821262246
-11.37453041944605
-5.053724090840796
9.229466373029652
-4.30739547338916
-9.557105292388258
9.665883155250873
13.781320129485914
-5.876861945117091
11.329295494415064
1.9355038043207111
-8.439778518369003
12.229877143149025
12.965422683651504
15.767061070544656
-11.869230799331376
18.04925137466511
-16.431535675595214
-9.854837121664888
-8.55831609622719
6.765895301744799
15.211227027441792
-7.254538441266186
-17.27318814997722
-5.22641936937849
-14.355068857992032
-12.579757483722732
5.868179887993406
14.551563676295759
2.699565713039173
-1.6812111379504382
-9.18718422641393
3.6446947845152247
-12.643303401358692
10.49921371222545
-4.5591428011983295
7.067288918620475
-3.266537391639821
12.339116791541803
-7.712553516584286
-5.12138356483345
-1.9360055483900676
-15.465743586470444
13.722010157904869
9.91722814233062
-2.21499395841034
-11.320847536461871
15.472283892088216
-4.742888100324313
3.0333124208083957
2.8754291951512805
-15.930349710307425
-5.473337163148145
-2.0407550850550993
-1.5885039609075335
-13.732863706518572
0.36990261398322
15.12154853812477
-17.70777347616542
16.653560994759594
9.006990252457854
8.55920590556638
-4.246099344334473
-4.417020625776052
-9.77490770780187
-13.840649673938962
-7.234922445402684
-9.073232927696221
-7.413729740976623
10.039135752987109
-2.291971322912393
-1.3081122295823067
15.449415669228632
1.359654901216769
-19.456562996741734
19.290432634076396
-6.659917422023517
-17.493038013577458
-8.03460228557151
-5.197325919060762
10.280401914302757
-17.69692394398125
-7.525577197122972
-9.819960054725522
-10.08444648325554
-17.53416640224788
-12.672329340797868
-3.286875590832089
13.19562959030407
-8.891140798323898
-2.9433855907482416
-18.362812274797854
11.677736173454479
-3.538405178056482
6.299569531716944
-9.704182997463105
-12.854293047118208
-3.0376789688008383
9.516680618299493
7.608063406516606
-8.23848851946362
-16.660605356360122
-9.45086315009297
0.09732456106263271
7.440106645351434
13.486959816421498
12.02649793922046
6.0133166363520285
-12.591179515710998
-5.7672321454356155
9.645126222527304
-6.258396676798162
4.516588292778582
-11.01448298490451
7.010170710117055
-12.48379348840263
3.392065429217441
13.12873782193243
-1.9743801978976392
18.00559292115393
-12.504165161751983
3.097567563444139
-12.329919760824291
-9.575772121193848
-16.08202743554314
4.514818820257362
-4.4409226461326465
-2.0036216492944923
15.13227118706486
17.746629491619476
-7.760553083345101
7.459117412838662
1.7892350726534483
11.110995389564877
3.4845052247617185
3.6539109031104733
-15.650198842426137
-3.251350804327725
7.8337076866533355
-18.79755939052745
-3.9222085256451353
-13.86631018318051
7.403889329614234
-14.8740573760746
2.3810471821497057
-3.7289692871756412
-17.42090818540895
13.826096754434724
-9.137382663233895
-6.871226251555735
-4.4056687720229215
5.462420058457352
-1.4490945580270935
6.016905231905994
6.580341155332021
-8.913326353032863
-11.748886073480454
7.092643864855248
-1.3472403953420184
-11.366950939203628
-18.04615633163228
-12.471553665057572
5.649811428562786
11.465085066960427
0.2623640027162309
-0.7528872720428089
-13.79300110447783
-3.9040628012796015
12.831768771013179
13.482998613315694
11.883125256758884
-15.51044601392037
-9.966894244207879
-6.8860928468975855
11.365308584174691
5.742359817520729
9.455244657845375
-18.719423540290737
9.40285500087679
7.065808493579923
11.65933449290239
1.8535674049407553
-8.058678200677571
-1.9611442542139912
11.801220598054602
2.7304576040728534
-12.863485392929126
11.302381061483453
0.9066141561823156
-12.595442095688492
-4.589534028390026
8.10998402244746
-5.556402103792291
8.272346368776471
-14.614017354425096
3.4620974234897144
16.31182521807467
1.347553225425341
-6.514008258915346
-10.148818348495377
5.425250542213298
3.7178802618284283
-2.7109229157314694
-8.223960343957591
15.039643529028472
-10.34222371817987
12.006083282370879
16.125825979457815
1.766747027810659
-17.149953377837154
1.481800774068437
-5.571364688101151
15.190230655907923
15.049578249720405
-6.409851228519238
-0.7577350035565522
12.633293657774725
-1.5404213119916321
7.591200488940847
-4.118001548652681
-7.726288696379755
-11.020439626304517
8.698953920411828
4.059663933104683
6.120700402304128
-2.6840327941209203
6.677394286718984
10.308164331585623
1.6906800684601564
10.65569233863639
-2.643256372453574
-13.528378495394236
15.193256652061224
-8.694111918485172
6.976432190117219
13.988326295348948
9.655116149943785
-3.769192882597604
-7.9938986560623135
-10.914037251490578
12.679613797285029
7.30288592266739
19.373261169521072
-3.8587172207828204
-1.7503525546728893
10.686107487017424
-1.2962808848972278
-17.895679397785848
-7.9828940694687835
-8.078239676076237
1.0187662960171282
-0.6143232610244231
0.13879976031134833
-13.435521636480596
-1.4067507129244459
-18.233718175417906
4.205857431769199
5.393327300644737
-9.707570437073821
8.790626298948629
-2.6402693372609716
-13.919952274022986
3.4382674729467677
6.2883440796396854
0.5385420981862404
-18.232169202913756
4.497100652698641
-4.2448473797749156
-12.779101118922963
-0.8289999645217491
-9.924719848271398
2.0572696915944397
-9.611120148554924
-12.268799338677976
0.5065290565709313
-5.873148406025606
-7.907184311482848
-0.7269499752357754
0.11094469269809859
19.2244250512379
-6.453070187519549
-12.109636645116995
0.0424725354198689
6.5444862206451395
0.4474683870352708
-2.39627136753948
1.240678957545207
14.712944618796596
6.630167436710713
-3.087490169416551
6.6895691511194935
-5.838215127955509
15.707960006749541
10.574505296592728
6.03484880319
-2.1629806759190444
14.700910348625412
-17.364757055442134
6.45525562791099
-9.96846867851798
13.666791960504243
19.08195826240304
11.499691397679127
-7.681284194765179
4.111635194767815
19.424007782247234
-12.629702219458943
10.084327511691228
18.137280630448625
-6.712701818661651
-19.258693168006147
-3.8872191359024892
-7.5378138271556825
-8.20578275190195
-14.944393929112739
-1.2775988006780392
11.949232682505079
1.88410882359638
-0.4998638459160073
15.605229515428396
-1.9062073581737786
-3.6607486912863316
-15.058241943639462
-17.135694570067734
4.435076061329583
11.103344829999408
-17.183160424126566
-19.931918445732855
-9.044613751471179
1.465109967932485
4.096206509868597
18.01033870168413
9.089952810351381
4.919359430486121
3.6567245669200905
-1.3696907316270936
-12.085571143554262
12.71159552221507
-7.635436978883066
-10.636929627549092
9.780890479191498
-11.398778257901835
2.188838435640826
14.898246358922906
10.416137679591897
13.802001306492423
-1.5463374913315284
0.5672781306801498
-4.238340570276191
-1.5160438908572924
9.143605550748935
11.629579228684204
11.078786272044814
-10.45990002626093
18.63596295846964
-12.550891725663226
1.0270154109248
-6.060500415312077
-8.28863622608467
13.058220769734424
1.0296052385141599
17.61512337739648
11.430036094179416
3.3212959126467916
4.529536190207574
-16.79005120606912
-13.592858844066244
2.971648483295607
-10.706764012469787
4.880477399183908
-0.813641089069706
0.6156723820984302
-2.6254477771928175
-7.072930778596342
-12.359270870402783
-8.83634110949528
-7.429177235358637
-3.8469887771241456
-8.707352420089139
-2.6858505157285366
16.337817753231704
-6.264204411285406
-0.2548802727562783
-0.02747197409873135
-3.97785601896873
-0.0017534544734644408
-4.68314365730847
-14.588611028435214
-4.005130786751328
15.752911027960229
4.658288908588154
-16.36778787368428
-3.939174392457783
-8.38911710258098
-10.571033477474673
-2.9256442965151943
-10.940395828885785
4.473940812861674
-9.0918052082285
13.264096235376831
12.615236675024997
-17.955775442583192
-1.240950939993579
-0.9254419050378694
-5.0201718846793355
-4.374918285397824
8.231987054292015
1.2639605735394883
2.272392423383974
-11.64580414072876
-12.270163342338801
-16.3857137569626
12.647830249615456
9.95626713409962
19.020062046097614
-3.2092562066978174
0.5566584098581657
10.658010973071878
-0.2831320537635853
-14.623404137713603
9.068863621562702
0.5331187774173729
14.703741832770698
3.5983112613508177
-18.956996897711633
15.080588722587605
4.613596907143347
-12.621311525166904
-9.081367412662777
4.532865111654012
13.989010500151128
5.267150473168143
-5.587506193888663
-15.144324745847525
-10.551638712565302
-7.176365818683481
-13.05477222804981
-1.7567104907139262
12.604260190622103
-13.580982434873984
10.450585746937971
-10.765754621727336
0.026592836096333065
8.179893234546535
1.9475176734358286
-9.302749169790205
-17.449882579674245
9.952705881289607
-9.488844652692492
13.507189323927161
8.875313724550606
-3.436334210611633
6.234046414487431
-2.773529902402684
12.87181019208223
1.9407696793793057
-11.446846207826207
-14.459947992572852
-5.864679620612752
7.366711569868041
13.276598228605344
1.0424124304323557
-4.723644768121545
4.3225406188485875
-8.401053597184696
-6.074681535894714
-5.188881027173433
-13.027732922532563
-13.182422052850292
6.70434523953435
10.156841078692006
-1.0723339713741655
7.985992476704834
6.666404155719159
9.263789923651856
5.319308699549354
-17.14535305391346
-13.897373549036496
10.428005075788638
-1.315031552826831
3.612975243895934
-4.021682120665826
10.683976853113412
-2.3108737323271544
-6.4859659430640635
-0.35006655296272066
-18.753481492399725
-1.6268647029858876
-6.643538752249894
-19.7697380217653
1.2662019024561162
6.910514283493316
3.947603796856375
-3.9928716480921116
1.9962285968013693
4.84917212874247
-13.436070117951147
-0.5222514060265675
11.016668871862208
0.3382555923505562
-11.57300492034946
8.955540197901986
-15.104933349199213
-16.697302677041577
-3.651358166910547
1.5340481116617446
-5.7086933305425305
-16.122271821824885
-7.559465455839309
4.139183493574347
-13.878399808113715
-5.284010429242124
-2.163413941122859
3.9922677563253983
13.621440980036418
-7.318366748932228
17.411837825855248
-7.833166812331303
3.786555222611086
-4.061997677636426
-3.9379758092426025
12.882407266011908
5.465672452881553
-16.3612766617214
-9.604462119953869
-1.1015755446844449
-11.337675454329064
16.387882944697502
-5.61890501431728
-6.599111163049424
-5.045306015225508
9.107563992912898
3.284062621482425
-15.245689976930993
-16.64227379329803
-6.533388438018319
2.0909627998526914
17.703581582772763
12.939510480156596
-12.861042790056393
-7.572771720101745
-13.462638909273052
16.724987056380165
9.802332233733512
-9.114393516473795
-3.8171826466195387
-9.995151872930606
-0.5993344604282325
-12.013300032254914
12.302052523675885
-11.643369180000334
16.946674879995285
9.82589684883688
-2.7530068660778793
0.18257814907197273
-11.954573857579529
11.395821581482219
2.5183168992456166
9.72112483241627
-10.397744586746322
-12.900898886345816
14.9729952712789
6.060848018329859
10.675588991107846
-8.023554211990902
2.330662593913133
-11.790051440732546
-15.010929030841856
-12.65371951533087
11.331088787061596
3.53871048201281
-9.420813967780255
-4.686501372681994
11.926290178699302
7.042431894556591
-2.1527242933689137
-13.562061950463407
4.104417654989927
4.14442422150988
10.756965607735642
-16.769814177597475
16.117604065009285
-1.8344169950877027
-16.02187295307512
8.110196295142567
-8.35709268783688
3.4833667415028615
2.107698968020597
4.722837893605493
-13.138448747533037
8.258392787702462
-5.690467969353825
2.3983549873600287
8.220211273361643
13.796053380045375
4.02863068886113
4.694498852388009
0.23298194570150976
11.517419617623958
-5.000302253595479
-5.918826394522675
6.7057137493796315
-15.931920613882388
-0.007676791542223457
3.414079996390699
-5.359007579497305
11.601351198460867
15.363394487887234
-1.8483652668879704
15.841037432804706
-16.25336801021528
17.91388623452516
-5.65230950698031
-3.0097750395767804
-16.18783764817557
10.975921271274295
-3.7351879885925903
0.9265852760508979
3.6722997938278557
7.017130130042106
1.2327957351703982
-0.3198425916817332
7.71701359421753
-0.36784120426103356
-2.226587540067106
-1.904109747755891
12.249259174115275
-13.260154326721333
1.3233826579749652
-10.423743676855647
-18.53105395875411
-13.076130850780805
-3.516846268203145
-5.05114404025223
-19.384756375491122
-0.1174036208213266
-8.55975006687139
-6.991024192771279
-19.0164650654269
1.440292681711357
8.42570500921048
10.048427104768557
0.5673516525517611
15.461926506393684
-5.862601784052972
16.092101577713102
13.076155331677684
8.728572104699246
-0.54237603924492
-11.128670182950751
2.298838303363755
0.22000831452558622
8.795660246081603
16.00643048851803
-10.057262349668013
-6.996588359413804
-7.066816389683017
5.410281465552282
0.4378675363708588
10.79249021977074
9.854317756237824
1.67909192314682
-10.149879300704885
-5.440093539555612
8.547083677750372
-13.008292954323151
9.006611325094664
15.701844467781383
-3.8229670755802645
13.687467156559936
1.3558187965000885
-16.959230422875436
11.625862031618057
10.889544041053407
4.014973230768372
-0.8390436277202419
5.264849399781886
-1.568025828774249
-7.973875497766181
-9.959017256779877
-0.2074114034815723
8.679623919800658
-0.18123738731298114
16.299997901690286
2.2335016134456414
14.095507168098898
1.951190303560356
13.356562398070658
-2.333888984116105
17.503944831225027
-11.433491367397524
0.7370370913251141
4.03387713992097
-16.798209891851783
15.261925493627622
-7.283333037093418
15.51695661304842
-11.180898434662708
-19.443791086705957
-10.786230504662868
-10.275917255170118
-12.370700643737756
-7.547960097551198
12.225631521104123
-9.39250787245991
-11.880820039595664
-6.634425246238544
0.7202656829509869
1.9407887532781118
0.7688020925174298
1.2161985131888196
-2.1454213733437966
1.107518849738447
5.280852470003286
-12.7801801688866
11.810932536135399
9.768758771783876
-15.019979603645465
18.072385937595115
3.3117578869901023
-12.563072587085474
9.878461002285153
9.263617952356388
5.012322196746299
-10.466008750024713
14.705435313331929
-8.195159408986774
2.1244097486723508
6.0318699900133845
-3.310166143759556
-13.454312373260892
-12.30477469439224
-8.108560697120462
-7.382664284270246
15.01114821116072
8.967924355401493
3.366920338395234
-18.37388958767995
0.9182324468777958
-7.941583192361807
-14.388535353257243
-8.269839197636207
-4.645218532217376
-14.787628087104952
0.2701756883926849
4.631956991425448
-12.467719728590097
-4.472225816645033
-13.847991678594369
-2.063451703459474
13.38541931996634
-12.769398077763864
-6.810405954308237
9.820705372590869
-12.869178481790165
5.083944147121278
18.017432950347608
15.9929455658081
7.820632139311185
9.56694975763407
7.520244378404642
-10.355462350588082
-15.208497895006523
3.9703314670782675
10.302631839777252
-0.9244095185111864
-4.081342041205482
15.187080251963193
2.013545796873353
-2.365100243337069
5.844175579764772
-5.741871629957693
-12.003981721332492
0.3468011685178791
6.840785216029006
-11.043293644135078
-5.653288300295089
1.216286624898007
-10.681062911164853
17.180033737362262
13.827871278055918
-6.818600486828385
7.635967187584525
-12.088182621276095
4.58590858468834
4.172337251722932
-8.51573462477747
12.265234056962736
-5.5277174596037275
12.051189722697004
15.622351857377883
0.0778469139328807
4.33771770255188
-13.556739175899397
-8.441610262565307
-15.831048845782355
13.987046649864782
1.461281320737268
7.409305020112737
-3.4985292323648336
-1.9725202294810593
4.143349421829234
6.236067972140862
13.329017023671819
-13.174847116971906
6.440776240243454
12.302425004120213
6.4773444110848715
13.87686161225586
-0.4778683340008409
17.125804794830948
14.38433368249541
5.959319121321266
-4.809241159783418
-19.126311092513866
-13.994738869841346
10.553581316765015
0.7312206591990487
-3.7448815030649905
-6.960119129599939
-13.885942878033452
16.7490141139858
2.598902729817721
7.960225296122671
-15.66814691303754
-11.278405307916588
3.1509382826906402
-12.957869703047328
-3.7669638339518245
3.26882798796423
17.703927498437064
7.527213640757066
-3.137948630297192
-10.740468127990571
-10.078458592674114
-8.641784762190555
11.536370863781666
-4.484276991097125
3.383542691974815
-3.977787958593306
12.052794850573882
-14.957638257807698
17.9152449765363
7.1469833887513925
4.765468861523868
9.03658957862267
17.48834417969141
-1.238924848678878
-17.568030722121026
-1.5974010143518185
2.9951110663575444
2.029460482480861
-0.6348510599962416
-9.729047381999372
-4.881053708867995
-0.8719745281821106
3.466473917679017
-1.4620397312746076
17.67086673201211
-2.7708889535278765
-14.999668882556275
3.2000678966455753
16.735835788030993
16.970567585800122
10.0203669840505
-2.937377594071201
11.689003251260813
8.672533043062494
-6.139630808311348
15.712388107007527
17.7083809775044
12.706037029764632
-4.309189046184478
14.191615854877032
-15.650197038921931
-19.571094116232395
13.684896560885033
5.044370989318063
6.623901788716229
15.830993709916509
-4.619269807678895
-9.017108210471578
4.838323904979839
0.24444973381978188
-11.885966166381326
-5.112525160641119
-6.728498757678165
-3.927588395568757
5.267413904345438
-2.8529838226084063
-10.89714996517021
-12.616432523712135
5.7791319925197815
-11.25953461878422
-3.5574228341894116
3.963505986411569
-11.026911979813528
-3.493308382182733
8.928713245469234
-1.2531556470520384
-5.407323001201989
-2.6135158470188453
17.474269996542297
-17.414928130947153
-16.202718529308854
14.42018341619683
11.976226296899208
0.5684875436667914
6.126994843376156
10.341584796373079
-1.4873095284232403
-0.8328987087014897
4.851612954467164
9.217838487782098
8.159876958307851
10.941481793279884
8.669031774684967
-12.039453078104845
17.327628987434007
-1.9067304357192578
12.587524019002641
-11.193380282125123
-13.848074256079917
-3.827860707600648
-13.775716808667871
-1.9411525250673025
-1.2542396794670203
-3.9815719102377085
-8.688628651891614
-17.346334628948227
-18.69438279057053
11.215574176539157
-0.09075854143700912
15.288846191580244
-13.357254440660093
12.718203750894412
2.360718707597171
-11.28905281258683
3.309959458197176
-5.656500068904107
10.450348437804644
0.43709407350255364
9.43636406872202
-1.4674238733220204
17.87366280411559
1.4972549023077475
11.202955205856412
7.283884343452815
3.1793582056391467
-10.728490897910783
2.0630675561432055
3.06657451592185
9.388144139993855
12.700571867846824
18.519714436857406
14.969337868525123
-17.118489480736926
2.0340815486549886
-1.7917014196903196
5.9455802318771465
15.48999627913887
0.21294117371300927
-4.216274230092572
-4.292780683936289
1.5656113082103058
10.456142863310777
12.408062692564224
-14.999403421090797
-15.40465548127025
8.04557414791742
-16.100546599737864
-7.536359564148406
9.909824084356107
-3.043403170309114
-4.5344338975888485
3.0778899263570865
3.1223461925692146
1.8278503564381638
-0.7620899824822447
-8.077507233318727
-4.41833309852914
7.19840130297228
-7.670466869311077
16.54045375057318
3.1907542246115095
17.512486382519555
3.985349497044243
-1.0938636958668302
-2.0118202722954
-9.332886797337439
5.49351420969576
-16.903996906059085
7.121584280669942
-2.3835712586183746
6.360590790251557
13.97025046280712
17.020309238284327
-7.207589101300536
-3.755807712853375
-17.066742413226816
-5.672840201989519
11.49662055866275
6.16918567179436
-10.126159539381531
-8.396800739827365
-9.333302317514807
9.663138613925113
3.93716507388129
-13.274171508399824
7.899812664354377
0.04051048710096201
-15.866807923372177
-7.443190370072798
8.664327474042375
7.726230320383663
-4.505368130816785
14.627821902159193
-11.494175776302583
-6.4581179002977525
-12.240610344950833
5.875580235365504
-14.789369302318745
17.673667395260278
-11.265555368249368
-2.683540413075773
-8.700756016777069
-16.902953563485372
-2.587933129784005
3.016301600410112
7.23595529202273
-16.77582597438801
-16.969024072888768
-10.942365456858095
-13.941819392483737
4.006618457167272
7.536044382386562
-11.454119480058532
8.087014233924842
-0.8921674406765336
-14.510543918072448
-17.16943832380828
-15.511552849094953
11.25188252100062
-3.8939340091832513
16.86138333709464
3.851809651561799
-7.694460630024177
-16.39695246089898
1.9971447727840603
1.7626374959830533
15.802455128279648
-10.46084260952461
-6.979137046223297
8.422411847534926
-6.654306995712482
-0.34290088408089553
11.554292226176221
-1.034017933675982
-9.51166218109714
12.879946233122089
5.151128678237902
9.687892497800409
4.2074704217696794
8.477118502478207
13.897265907565258
-6.5039279442836015
-0.3066481679002617
-1.1692366218918269
13.966568464322679
13.673560619047628
-2.7611758400307593
-10.117539030804117
12.303444491935126
-0.10582174775243573
-1.0651167727122255
4.379065091010375
4.862997897481462
19.111037520079613
-1.9085752058586742
18.58334416302509
-2.3388286068670356
18.682229971848425
-12.411996852937953
19.843045191125942
-3.8575527967446552
-15.147547658821061
3.5707403993619073
6.958537575363318
4.2550134906792
-9.214542210718385
-10.981471598734252
17.480877482430873
8.413406181972796
8.221747001020725
1.5190460210322632
4.582724474013317
11.840109178272503
-4.580337729716616
-9.983953439119878
6.3456839184851415
0.7441090499751452
-1.1080936912156483
-2.2941769493722624
-2.0045871847201955
4.061718278916991
-5.684016172349401
-11.804695142578352
5.07790767016453
13.662815976622353
-3.001709652211425
-12.914252544026082
-9.117996349639222
-7.845801680817434
1.8613976150787164
7.074324243332687
-0.39697299963507515
-19.040997150147327
-17.31204215843897
10.27463661826818
0.7337106968851299
16.219946590046014
12.96709442661492
12.862168300007202
-7.009589943285705
13.019262897282076
9.467246873411321
13.284899899507398
-10.337884375564423
3.2892091398885657
1.7632531463563748
2.383915206616386
-15.459473995777435
-5.835814759262744
-9.436460150081416
-11.63444385056963
-9.867034142450297
-6.52398575226306
6.631591711684333
0.38724591105347006
-3.9024343545085776
-6.651059078335241
11.877107558847124
-8.051680399014922
-11.769029516271194
-3.5814231650640904
9.840887468417796
-10.925702982225427
1.3264445506372826
-13.953238623438056
-6.424263983312732
10.29403859480604
-13.252141960803304
15.978002075302104
14.73927035693254
14.956458812155079
4.016463444155435
-8.810111898504333
-18.53500530826276
-8.448334484197748
-13.611131323569039
14.757123235066503
-9.436301243403213
18.61984582287409
-15.865340234308787
4.17065386572086
12.133839125455163
1.601612244429579
10.769898805620837
14.573908103989007
-9.538648606208938
-6.982706971491874
-16.190231192957494
-8.008192080931948
0.08117879321153161
-5.03480829403606
10.983456748420183
2.727560303992955
18.916769196961614
-11.77647266859255
6.006931755001778
-2.481765931774626
7.262989903823251
5.039892064864363
-1.3368389622456573
2.523965541333451
0.5622095972452782
5.310345233486436
8.656629822661666
0.9893957953356828
7.104337232187755
-14.914660844788376
1.5420482593574139
7.090094829958716
5.699247970734544
1.7987332779020266
-14.370735781074828
6.918657341162397
-3.2798621993002346
9.770451419384644
-10.24476890508595
-14.38118137049974
8.618945332001138
-9.020391891381912
-6.978146576816879
13.820326963245499
12.477791279382611
-19.41879172723213
-14.798701044849086
-6.957956310596023
-8.080469230553723
15.287319069842235
9.51544740497558
-14.911881653346361
4.660761151808762
-10.071156709062912
-9.482618802314068
16.08408056514653
-3.8187715716088952
13.226764388365371
18.338342622639903
4.818940613280152
6.736795574383287
12.53219356123631
-4.9252448024751825
11.059841175193501
-16.80520266994448
15.037880169783877
6.272791829537293
-6.929427103524187
6.14168255993034
1.6519477948398287
-2.284967534355525
-3.3914659327592127
-7.982380016044172
12.14525642223722
-5.8432850495548125
-12.865917390731115
-1.8828147695513904
-14.69460604475208
5.110640979470721
14.651966403104634
-1.4963601836542488
-3.716810700484702
-17.47011557785887
19.134958361902548
-15.051279903088162
-18.108491353846993
18.51056752166173
12.503384197645158
-2.006108386036067
11.68310674124879
-15.02767619608829
0.4808650194024498
-3.272596231068562
13.628042193854505
6.631777036210914
-6.256631573561132
10.530742048653424
-2.589162609584573
-9.001578556417678
6.893102756993207
9.285267506773446
0.11879975009732265
2.351843646344199
-10.700659636396205
-2.6356246068829514
-16.721204927283946
-14.682738475657642
12.962128811230006
16.16141200012416
-9.114440043721642
-13.876170430692458
0.03268916621604482
7.496909897107447
-10.169149982011902
2.0297650509973932
-9.768185811303887
0.9139052360973307
1.9375820170410456
4.217924330583288
-15.502394290098739
-10.949656450909554
0.2811470150305407
2.7772112121954855
-0.6125062355376778
5.573583740063354
16.04472247562058
-1.796741984573346
-8.066254827256854
0.15170616833198014
1.402007206336427
1.1493492197162731
10.096123497148414
-16.51340756085804
-5.193217874534994
-4.875932713254018
-0.1355623261561447
-9.034163048275566
2.2587351643927653
9.018680611054208
11.997053794737012
-5.653317579855772
14.034161742265477
8.499941521848859
1.4107136471820174
-8.237206275423686
9.837823740991539
6.214994677857774
7.255836539425234
6.007277356039306
13.759793306240587
-16.22821421170362
-14.727996566713285
-2.9695755662246457
7.836272535111496
3.8402354501527234
-10.501277746468782
-1.7278190370631963
-3.499473210336885
16.65170789923387
6.61014011638996
-11.924994197598682
6.68521181984226
-8.193881378385294
-8.8057958083378
-14.29940509440544
19.636952849328477
0.3039273689770196
-4.648596983593766
-18.04749749880262
-3.9965603944346744
-15.605962372739755
-1.3094127050627609
-4.944426231173639
-11.72694622269831
6.496917571187405
5.2040184950319865
6.638568855570927
-8.40848890184704
9.720513487375863
14.042544729553498
0.5325204009197145
11.251232061662018
-12.938832805496848
-15.922339892189111
13.311306067977254
7.3325077625747666
-17.333330753070566
-13.007287927784994
13.948186259369535
3.6034833482151
-4.15211981926985
7.198758635174528
3.1291371260968295
-8.677437323376058
2.182716330883974
-0.7861256890240907
7.260108946823759
-3.0604703317284185
-1.4732467887391794
-8.992213058240937
-1.4347415174265505
-1.679189748338075
-9.806058261593869
-18.180988936362223
15.573727224502875
-13.137183184217404
3.8386204875951297
-0.866900271213605
5.167726302330471
-6.616654771432448
5.214284455320859
-3.9965635449187618
15.203209757157115
1.1056230685628416
9.977357130498529
-8.833419330162796
9.772382961605095
-7.535385771651713
-6.328185575435705
6.808013195030428
13.11061355212762
-7.183472782802923
-5.274091197831689
-5.092197503505883
6.642066078710469
-18.417648939773127
8.32929998979286
-10.224896661138528
-1.265885443557038
-7.686985529489676
12.822204041775851
17.248719968402213
-3.7111295647157707
4.175755571823357
10.21232870324336
5.768573457625305
-16.19923287494621
3.7390791350002788
-3.668526860205015
6.619499017622553
-10.11743382897151
11.795205880157784
6.734810335248832
-13.920547000667431
9.159466701379559
-13.86291624673326
1.2034328363486644
-4.383702178329468
-11.757202028965951
-11.037129138780426
-10.785578844684885
5.272352493024153
8.997763049936287
-0.9341504398597347
-6.785549053232157
-13.519356868164568
5.921198411442479
5.194592743183747
-10.097473525740453
-0.14230842760836762
-8.973946146319486
4.121115150445138
-2.6428749812767567
0.018188549228432778
5.933784967467864
3.383761564766035
10.693965823826137
18.361819025534697
12.872003073751374
0.7358516143248497
8.615421175439812
5.062976201424987
4.419821721099036
4.172445788322177
10.242887587155279
0.09544589931774305
-17.137444906405396
3.566147633299514
-17.083298846592616
-1.0695501914794214
18.434064667306103
-2.6168972457830395
9.052422602007223
2.7207603563180163
-10.372932200666607
-10.290840371865347
-8.657410312850587
3.5433347999671794
8.212117175271322
-6.520748551646533
3.8946330628214425
8.950406249379222
-18.72087138038581
-17.794469393415106
-8.954821531253971
-7.521756561846518
5.490551169070383
6.220732730147083
-15.696652346457737
-4.012860600762494
13.12793270800365
1.667171623656115
-3.7573819081243163
14.760286733640243
-5.8586437471686335
4.475968246484641
11.465800744926712
-2.2769662408648856
-17.216680307594384
13.074114718893902
-11.003570579077724
4.434977298117036
2.5690820332217617
6.234812603262866
2.9256272987454444
-18.629502397689134
-18.739598318687126
6.920754062047025
0.8208871946131018
4.385806521605691
-16.403439498028494
5.7962098966626305
4.979242145206998
-17.526920574985382
-6.054528127656953
-11.403942458599682
-8.225317916423222
-2.692415347384166
7.096758404838804
-4.57248870119449
3.809815596208572
-6.348788042350053
-16.75097418919045
4.226673917842077
11.5435898185028
-2.4833886860452203
-6.930453974206674
-14.957992024289027
-2.2051087488174925
16.18835191208402
-1.4602293863489306
8.091060912585387
-3.194823108618102
-2.7408396115867166
13.653487322853868
-3.1285606325553097
-11.518240415775363
-8.811224902215528
-15.271272053362532
14.683717914892464
-2.311281013973669
-6.2166655188614275
-10.857930503224056
5.237429091794284
-5.635029407871391
0.4546220774937962
-7.1128615116078935
4.592216446551212
-11.090188768308334
4.43963847173237
11.059195947469291
-10.694206633883388
13.035346456503078
-13.27199328900284
11.919118952605727
-7.996290035293302
-6.222956442425551
-1.3151086912310825
-4.513824808468945
10.050609335014556
12.918676492924702
5.318785185387003
-2.1990554832715996
2.6116095079240047
16.717588473153487
10.103939594120178
16.426467612701124
-12.786031314361482
7.488846119088676
10.003413246930522
-12.116167760308663
-8.026240952731335
-10.312158922718968
7.027169361118879
1.5463899991744305
-14.582570398564414
-12.823979978686719
-2.070769636432703
-4.763014661499895
6.880377343146402
13.851449555855316
5.539870066216819
-2.3053180857741316
-1.8304159022299813
-0.1219313756716006
16.23618346637783
-4.757795912796918
7.700531618800304
8.449465906811826
-13.825690689327981
-10.840362213536459
2.929789737934956
0.41302269190376356
-6.104776375822827
-4.802075535419977
5.550261172503614
6.858097360833158
9.326882429108496
-12.151145143933881
-9.220794469280383
13.783057537967178
-7.204459264826658
-10.513173707552157
8.765678658643628
3.396838657462226
-15.397784829130327
10.751282812910594
8.514374560970968
4.297546576083473
7.337545874531649
-4.882318146734522
-14.577391080687125
2.1245452026557294
2.444808233414252
-8.894752905967053
16.213086587790297
5.598007215326962
-2.8051312583796184
17.877024231158156
-10.96218067219508
4.7211937850735035
4.073170097806489
-3.590800340170717
4.578598139510269
-3.301614459971528
11.871384200832962
3.804615685827119
-19.14434120522027
2.425366145472549
7.178499570955336
-0.5730750505232208
13.165264891156715
-10.267906085806835
-2.188572842520447
2.7685555276243785
3.9124486731118617
-16.981784277804667
-6.645629684710062
-13.727160348790212
-13.452957785184388
0.997252090853284
5.198361209632903
-3.2646570589870034
7.243080157579516
5.645163756922749
-12.575504448714087
17.253965054964695
-15.220968169703585
-1.9691781432182098
-6.364300271501393
-11.968438002447524
0.26358021352000727
-3.9523440552403395
-11.493237682344864
8.731119392233838
0.2408815351586241
10.815580239752387
-1.368447566739398
-16.776560525974162
2.654283541787934
-7.239223610468878
-7.982525181612598
1.0301090232208523
-12.909203769599891
-0.08533296487673059
-12.955693818986283
-17.258959383747406
0.8463661191410924
10.675960789763025
-5.555573766629267
5.869980882590475
9.092844214470684
-18.084752071974783
-4.411719708680055
-11.559642056100461
-3.2411347402169466
7.298782469973802
-13.936626338524913
-11.97181419388086
15.711109492247267
12.070230221563317
-5.153750714666996
-1.2442150751214907
2.434503609654712
-15.818397590636286
13.534834991197014
-7.833783412838787
16.00844702716271
-4.427946220791787
-5.2433668305367505
0.07085671367366705
-1.8326410572302467
-2.816075052939442
8.628862245928737
-2.943899206329643
4.005349524841018
-15.80507024439001
-8.928805139227338
2.4477702607647513
-1.8929573538249305
8.937607953928467
-15.618866643868001
-1.2736054792246527
-11.834704997414198
-10.17484384398214
-5.842420787200872
9.643335643472108
-9.217440261292195
-8.265246388408583
2.0922461552287506
16.162043864960463
5.640073478383575
-1.2528444038039033
-16.638830136858907
17.430977381513454
5.8674175670616
-16.62443989764421
4.1101197560864255
13.6899067643318
15.519033199409819
16.656894289908465
9.362703574528283
-12.643171752650046
-15.915781306844567
2.8253208224705535
6.679783737054513
-17.37961534824821
-1.2609211806145102
13.777392251266724
2.7396682617029686
12.960656113934574
6.214824155929498
3.046524174799844
-14.682762572794827
-0.3020810826445359
8.143149911591095
1.97523137147619
-7.633118112394602
-9.163277543229261
-16.520406937813185
-5.958551250607871
-4.925084064133214
2.1292611176379936
-11.114299098041865
-14.255210221658317
-5.294037648343923
-10.875897418591252
2.9873242597568606
-5.682263930954311
-8.416627404547897
-1.310795467163647
12.220281973059727
-14.679708819729633
-2.6790539154918345
-2.338391125620082
10.099642769066733
13.930587480531285
0.043240997467083035
13.811606346674136
4.348391835097475
12.142166066925954
-9.503101949770011
-2.911569265731269
11.861302043041889
-5.959675434109717
12.600528828171132
10.936727645454317
1.2312386192801994
3.02700279940508
4.399407567020703
0.31033503296581644
-11.13682136503696
-18.095843128600897
11.998189446435914
6.259950504241837
8.19720798475545
-9.482252125968936
12.016081109444315
19.449003107729542
-5.9557249857850065
-1.3630389569384254
10.508890743316023
-10.616496117539263
-6.461531125890995
-4.602740473373572
5.557659312208927
-9.154408276133932
16.374102423821018
5.25247079689416
-12.778566523470477
-14.388331319008609
-11.564370408114328
6.370890526370785
10.672628005526873
6.348990954519522
-6.43027984917871
7.486181724573584
-4.361666711776099
0.2865156045856845
17.381296806697943
-13.780544970642934
-13.765929274251071
2.748573536517049
17.24553368056116
-14.123332833400113
5.754008019835574
-2.661821014786158
2.498041140272292
-16.07839382432325
9.698129730637028
-10.785631095563472
12.984682425287366
8.500412333421142
11.814112962230634
-5.702701309309975
18.660894915544194
4.328965131571005
-4.808816989997221
-8.63256032736538
8.95549146306068
4.716575329866837
-8.586965320728757
-6.5906754399517675
-0.5165100419532155
4.4667053257952185
9.069713494734742
4.691941698141006
-14.431796452698649
-13.549050286130008
10.880104527642235
3.53793478263484
2.115523784121015
9.307241141160462
3.4737052983691887
9.16404397202743
5.043301880330519
-11.09280521374981
9.315228973826782
-16.921519694845333
-11.905090833638377
-8.395627224861983
10.676946424896451
-7.3081048989898285
-8.76244829796472
4.211254592447087
3.4258316137047453
-5.975447725664396
14.193037551394578
-4.066027749881233
4.012980170098118
-0.5549030190210985
6.295012329868967
3.730546816234435
-3.7700545501935157
1.2917883396493421
-11.784940845154638
12.604372206753427
-1.8371116346362366
-10.653569756420673
7.587831300425993
-1.703665714683342
2.227904663014536
-2.6630955949195108
-9.116504082067125
2.3077866598868892
-17.887165693727187
-4.473093967706037
-7.6258868790904035
0.9433085237752447
-7.2488808481535765
1.0893053085033515
1.906023071905699
3.8946110008731765
12.704133816635986
-0.641808967985948
4.089569085403714
-4.155806574433772
-0.0039500448374418734
2.4556164843026456
-9.944485194772259
3.423299625735651
8.346013941679908
6.45063657499074
4.182961452709162
1.1112369190346656
13.721000070160901
5.4908361654482984
-3.9984736404461727
-10.88181971187685
-3.7584460148144423
0.5755669625735177
-18.367686692510613
-4.840943316975934
-10.716632783251342
-1.0744294165603143
6.7297257147521075
0.8938316810359017
3.8257617123783976
-0.24455899114974686
0.23284730218424537
3.468477136244518
-3.473977457856753
9.927198448264969
5.857854291069738
-1.9816366846096007
-5.837370109588125
2.128479079743968
-3.295056126543239
11.248357417508181
-12.335461555243448
12.52445457072016
7.186822692027041
-4.802165317957753
6.130542561913721
-1.0123745795634176
4.566893624784879
4.973417400189172
8.46805870211276
4.596502901413282
2.776010304903225
11.330819052248822
3.706280873576962
9.140545916667106
-8.041144908592372
-9.009430955536985
3.1046918402553962
8.405292865970754
-8.15078690202789
-5.794604364584625
-6.541930337647104
11.705595470987996
-10.902091913582515
2.71625444752379
-8.461087812894338
-3.0582045628006123
6.4871837894883075
-2.241057649006854
16.07825991639608
1.3712059579752187
-15.225989382094284
-2.2794707574895137
1.0304146754002343
3.2160549821810975
2.5570928205075427
-10.4127561763762
-1.348065760997777
-12.833188827405744
-4.251302297343857
-12.0862806141841
0.04041255711748856
15.649901644798828
12.653844395618476
-8.472604890402652
-5.567062124917034
0.6475196075059843
-1.8223950409386032
5.381191052625752
0.4524173894286279
6.006559006657832
13.253606213553862
-12.725185956470034
-1.5172250081545946
3.269620370606814
5.553046058636171
-0.8118696163823756
-5.263547256437773
1.7629159048141052
8.987284590599137
-1.008288506708267
-2.5399155660409276
2.1949070342668215
14.723178731229456
-11.256520848281756
-5.343567389743509
11.336011770932087
-10.78861359598466
10.07129172613762
-0.28366393453299515
-12.693414336740627
-11.463318668069183
-1.3417180158960658
6.295289362126798
-7.353600003106243
-9.74590829440274
16.515388797337998
15.140415267137735
9.855926383630411
-2.2241294876363096
8.95508126513927
14.03393609699815
-4.944130647387044
-18.792269873249815
-18.226208616388057
17.789709270505675
3.172666057140918
-2.2133977173670205
-15.127381587924443
6.114582089862186
-13.306447727018552
-12.038903870804536
-16.954728979770422
-10.51307010991978
8.925842536021563
16.309114909030235
1.768548313066487
-4.934404134766483
-5.948261786621118
-6.456286697474432
-11.830569483438369
-15.84387250393843
-11.190476580592097
11.968936154552894
-2.7805832952108953
-2.5606709209627767
10.059207097398248
-1.000962146204456
-4.400120027627765
11.671767782300405
2.9532466490862883
-1.3798867572005786
5.652675630865785
12.175540372730941
8.919722942013417
-12.27387509593505
-17.839918620898906
-11.488198452192115
-2.789283535533286
12.929074658699049
-8.455274224826091
1.2049101593428915
7.537335835498891
-0.10926570481867742
14.393630003318684
-8.322431061817133
-12.052616990999502
12.97637471609198
4.10666284335327
14.359523864710221
0.423138664301185
0.3365221162118969
-0.380909120347223
4.3492157495133945
1.1677299460778248
2.043081211332402
-8.318280008408141
-5.11047060982724
1.2125499007547982
-0.9079626340586561
13.600340681323111
8.278087615510035
-12.417603639348712
-10.423510162409059
11.893423088466262
-2.438721911755381
-8.326220448086868
2.4761148317379353
10.50503058719006
1.7957707398621257
-9.708765763777487
-8.044052015570289
-3.732056597476216
-3.9682749180943726
-13.24327723410211
0.6444261907946363
-5.334968801405421
3.9783587991771765
9.21952099980593
8.475750553298784
8.284609208647108
15.060187944582447
-11.069959987543845
-8.146331491250978
-5.581744478244716
-16.479874876391143
17.445307740349588
10.794619747627838
-13.086244302074933
2.721281962673442
7.481572027316462
6.050766964822297
-12.567115073475385
8.001336602553364
-11.914205120611047
16.805164246335444
8.197172352206369
5.454371221587212
11.85657999344112
-17.97830126354699
19.82231767038167
5.174033870533864
-4.15926856764061
10.491325953111309
14.683891086478207
-6.465217383943252
-14.14055602106789
4.213474665090005
-9.809368955377302
6.6472143060670605
17.13267135239079
-1.1450792644925638
16.41839650222794
-2.2065319655353823
-8.82489245165929
16.916999709841487
-0.4698694244851151
6.786197279946403
7.805157357261641
12.397699969209432
-14.992610905655294
-18.1545348982072
8.079242499845245
-0.9671880309657923
-10.359429785122114
8.52082510116265
9.980885736397461
9.688754014984898
10.89424916157487
16.718398855927425
-1.7293668321574125
10.60378376183577
-14.480235111829314
-8.081480821839705
-3.9481762201477495
-9.94839628028272
4.906730847786036
14.250143134481053
10.014012203605262
18.527350395321555
10.83279078683652
3.46051924520886
-16.982804404566643
8.308006025628565
11.277012006498293
15.731841053337874
-6.166032406821172
-13.69371365390259
1.4156492277661945
7.525387735381871
-0.8934037380231032
-13.67128565129551
12.939026278573014
1.6687357564201306
-9.640259969378516
-5.04654690250656
-0.08273003876244917
7.391618942401241
-15.222498204327893
-18.266289327976338
15.545236662361535
12.605821772088927
17.110247296784138
2.323752998118212
1.689262331078418
10.150085517215413
-3.128903665417367
6.983341623549222
-0.5652503406474467
12.832439501531555
-7.898071840259038
-13.204115566861438
8.191010401405588
-11.572463986603147
2.480124147267173
-10.452421423719104
-4.6039199964106245
0.1433689473717653
-1.8304899900608789
4.51151504562507
-7.679519268921701
11.837185825018933
-9.593978394114039
13.599399345234268
-9.649218745455675
-14.244293809889824
17.90006427337971
7.409681010761697
18.93808279759505
6.802794114575216
7.8339426407199015
12.953906877058843
17.43703667947288
-13.957283153618155
12.59470168679606
6.632588446680626
6.7997453949699205
-18.660198808967156
-9.427028880518884
9.347209573557159
9.867548054165434
6.193064591676636
-1.816729625141248
2.334712692775983
1.2927783678108107
-17.265192649149633
4.699937744031069
11.249104833833195
-9.662457906570998
12.080795905217096
2.5956037919101127
-14.034653878564628
-10.568550692272986
8.761271910615037
-12.77585386713137
8.413015113651841
13.348101591542648
-0.5940463933479497
0.5037040671217495
-15.591064549743017
-0.47705621639902646
3.8866386226577814
18.509387016194
4.512175527588506
-6.914335831885376
4.359124556798078
-6.973328791740721
-7.100357347930512
4.320658417486561
17.41850532420104
-18.319295778041123
-0.16835109589189262
4.734673941332534
4.172923743437664
1.8738227868077963
-1.890954596900199
11.641380312178342
7.508101218741991
11.319796320204613
-2.9788902989875097
16.0447980906964
7.164272660359154
-16.074261224183953
4.187988809575566
4.243843860477814
-10.970703570330747
-3.079617029551637
0.8504011347951956
-4.797252841286715
-1.772116628836348
6.2851405615238045
-5.998094621477235
-8.946791883837268
12.198715092618642
-11.435541621939327
-1.3226521443089276
-0.11046298238596246
-18.581460321069457
9.58476576488812
19.44795269957357
-0.8091505154876731
-6.875412749210291
15.763063910293903
-2.6165224070025483
-1.839478689401285
-17.64928997096344
-8.043295740522534
-5.112761018294912
19.534079658023412
-13.704769608422605
-6.172582866967253
16.494239136827794
-7.539739370712653
5.614349935565859
-0.5603725098975701
8.655499201868533
-9.961232480105899
3.3547980945173705
-12.387040301774004
7.5314571464155025
16.36958387138817
0.2717501297551745
14.670249501918857
15.618322809641358
0.2239100194943452
-16.347810655967052
6.932938991969785
14.30913454096168
5.896567241784109
3.0637917936617693
5.18547419201117
-1.9148175789770365
9.204214276901272
3.80449165234222
0.21391899236017453
-12.332215362499056
-16.017331446390564
9.848328021104287
3.2774735233364503
-5.210724420762281
2.9845651897392425
2.1295611864405855
11.877583824305454
1.0712617923607202
-19.753798549613023
-11.12371280439097
6.270841485209654
12.065909208498905
7.277781361940262
13.618358407071437
-13.098344044764486
4.50254839310717
1.569715494163641
-4.128619093164103
2.783164615417516
2.8492165969942747
11.770568875102837
-5.948122542928114
-0.3519768505324859
8.638034742352097
13.082136348751638
-6.682604649430568
7.243883527634394
-6.607486919703478
11.087269354329326
-9.53197807974314
-16.10924585656772
12.026866938142618
13.709460499343221
-17.88355872775789
6.649829223007356
7.279076320853521
-1.2891805252615822
-18.41779047226987
-3.698846539556441
12.68700939722526
7.868426855589105
9.584281997318124
6.857541961314661
9.525485481057647
-1.0816058440966596
6.319819629910537
9.93176593930228
-4.209054837284896
-6.798326076828948
-11.002203611446102
6.197896259495263
-9.04471948447833
13.943479612299067
-11.908720939009516
5.290394942508087
-2.684718604527365
6.093120391794747
-13.801089010384421
14.813435001233175
11.548783456174322
-14.810041228871437
16.274225635751932
2.9214138561523386
-5.200975308261385
9.506290866627383
0.05642266422200547
-2.659002014012013
2.97987457834126
0.9519578290520347
-13.019202910915059
18.59298023424427
-16.30766193299296
14.96422300569371
6.748456563681934
-4.343357105772685
-3.5047863143527525
-2.938660064989203
0.7466967788728105
12.900159277230344
7.248239864909662
3.0176895842096654
11.368055110805702
12.498761652238642
-1.2396582348493066
-14.577543171789873
-7.956227900422911
-7.6548141828063185
1.490612651436676
11.434870130998613
17.412246787325365
10.749455613721599
-9.74069737184652
2.608509906631266
13.737493577173149
-16.069813292980218
-16.91555378408182
9.761913110668312
12.928522915655659
-4.234046755823584
-7.902194076683862
18.08703787726289
-8.858749877770721
-11.711576407913759
-7.128558945745155
1.239387762840945
2.6253105996421624
8.869073657101806
6.710660113078737
0.9228950518068187
-14.520572094378188
-4.458818931333482
9.00425098537546
11.981530861384465
2.6181093316997446
-10.483171631113857
6.0720390732441905
6.934206762299953
10.310808424270716
-1.027243824870949
-0.15788594230884043
8.451577081457902
15.11997622676967
8.020462181383397
12.53719919922953
-7.206519282021222
-10.95602665749817
13.03602614497241
