-0.5652350735966261
-0.9240166410840963
-0.013872482161828967
0.5232290791258837
0.47091548887857265
0.7681942550473223
0.789178211004404
-0.22712139622435354
-0.690072212412956
0.08088502413729935
0.6837182569092588
-0.2588208365501779
0.2169685835769238
0.3811285587511305
-0.5189788010078082
0.7595785833918824
-0.8713803388512236
-0.01654843953028145
0.35128513980841924
-0.9124373598663806
0.037470824689092824
0.9873807405827789
-0.045500409207906795
0.42343738896616173
-0.7967600917344594
0.5781682447887369
-0.33665048762940447
0.45611756997575403
0.5218692998896387
0.6557645662817279
0.9460477638983968
-0.036024816937039725
-0.6197863106739642
-0.16137821889468557
0.565389274023626
0.36029857952663286
0.8765585315860994
-0.35451401210032024
0.5098752532638583
0.11629089746448155
0.3027975667577751
0.5989700979693783
-0.5367610433059978
-0.38433273039951826
0.6343576685100324
-0.5551400916182516
-0.7328230670638466
0.5270455257996591
-0.04246820186780072
0.936852626803007
0.05488583184376346
-0.3868829386038959
0.6356780874028998
0.12367200641403069
0.46651120750268316
-0.45928326959722665
-0.24548025976141247
0.5867384897178194
0.5551908223952752
0.9516271645432415
0.7834450912662971
-0.0844449738211122
0.12631272137101998
0.8177197740392679
0.2177304939891482
-0.7660582709083892
-0.9338543399238746
0.8657564499748518
0.1109859996420785
0.8481726154848233
0.7419931745171002
-0.7028345659525603
-0.83833728399105
-0.4706564480985099
-0.4595361551417024
0.7525030562368573
-0.20674032936055559
-0.07237035905118712
0.6278653759007911
-0.31755930907783214
-0.7381434074694538
-0.517259085791843
0.6558634516642111
0.46431792515573034
-0.9349784571001731
-0.7489343560764038
0.6788406005469876
0.3659289497867685
0.8605577584056768
0.055931057214617864
-0.45168474523103785
0.7396878334975171
0.6550655729132944
-0.5506417749944484
0.507479859608805
-0.8379878993173103
0.40579034242880246
0.8694654031551545
-0.12217779872157918
-0.03213717692475539
-0.12205557571912594
-0.8144232272010548
-0.23899164608127257
0.5726753435746033
0.4195324076878198
0.608787882996545
0.10834428534171771
-0.6551604324906092
0.6409742609734704
0.23395563410021789
-0.3332854341050711
-0.8802909719234083
0.1505601994584119
0.8357528760855488
0.256023344343786
-0.12178418144183173
-0.875712931542941
0.40891393354810346
0.23243576138610755
0.41382379554122173
-0.897345094405367
-0.5090882864974977
-0.18780191422433437
0.4396995054452512
0.4393874646494845
-0.9985108141038121
0.18788948709858044
0.09193044322866246
-0.4893030848446931
0.7181126429866633
0.8081852595694418
-0.9552422867921433
-0.7486326047112417
0.5953287908414531
-0.5375268910471901
0.9872125102404116
0.6207257338299432
-0.29157043178324016
0.3913971555295453
0.27388872052143287
-0.5668270890612463
-0.8545776331535896
-0.8687671227469337
-0.33944380551460085
-0.5347490454151709
-0.37933364658938484
-0.6496168556523617
0.41011398407009364
-0.4336336418551214
-0.160350308317517
0.5908952952662512
0.29057254982851366
-0.7257021931634742
0.11419383872013955
-0.31601715195162716
-0.030910386629129084
-0.6906125668064811
0.7872245536529372
0.15842375693081703
0.042555836485287095
-0.7729772583087398
0.39839430941782794
-0.6550630595062448
0.8174217669524995
-0.5553299256338883
0.14882235756267048
0.5178686402708107
0.13479787224320855
0.6501834571229547
-0.8193629255386037
0.24534862612996147
0.7580699425166456
-0.9988310211631074
-0.548484719525692
0.3193986882012565
0.9539208247607601
0.652316267952398
-0.7040919096474696
0.9163116203939591
-0.7739208920734651
-0.8569959472640154
0.08414291401752469
0.3639673117384447
-0.46830820711928
-0.6835248081785947
0.1817527436321576
0.7506611305906833
0.6178848922150203
-0.8915800607394426
0.169005154476459
0.41074865372017155
-0.14730287512982276
0.6994450985065297
0.38195265218298496
0.8725212834923212
-0.2271213319771817
0.7065808793964804
0.3640229886185897
0.49029193145378713
0.6416685493891998
-0.26545626026742947
-0.8517433163215509
0.18837616453529524
-0.7683162171860816
-0.53526020138022
0.22001768327929702
-0.019910680523523103
0.3702928380312643
-0.3883476171282184
0.6754639630890734
-0.9068186641067622
-0.028796028910268025
-0.5122643697256757
0.6282682505203427
0.9096412522662114
0.817247133146448
-0.08865895748417486
-0.1294776630909765
-0.7416876452025226
-0.12809321166307666
0.6313653343647048
-0.28789506171820967
0.7895188543131131
-0.6355790435953824
0.6382763686379057
-0.2787590895245156
0.20578861565967735
0.7317043682389119
0.25201892126521996
-0.9299650637239266
0.6706752474179268
-0.0297476440991961
-0.21466926468384595
0.0525864949331449
-0.6416765545540489
-0.49155771877253146
-0.15556028047202855
-0.3193407033942087
-0.8790411034086103
0.36515905820047484
0.31801543124048487
-0.6183784361735276
-0.6100776696834149
-0.9822491009000602
0.762105735001904
-0.4428182057182462
0.6716186471472073
0.23861009681174294
-0.8708056036713053
0.5024981888163361
-0.10573312344915045
0.15758048323618343
-0.9621311853489963
-0.6860994075083335
0.7818534301624442
-0.477881878897084
-0.7738031481552988
-0.5355094843188538
-0.7511473073583423
-0.2614507593083407
0.9545674105612493
-0.39777815954894613
-0.12817154364750502
0.6712806488977447
-0.2092455811150564
0.5424488620739345
-0.1052290161176461
-0.5325940277088539
0.8084294393289869
-0.3570766116163429
-0.7318480429960734
0.47051183068019414
-0.30105383526433316
-0.3253318446934009
-0.5495734602278671
0.3829148942900637
-0.06304559663381507
-0.9080649413265564
0.11694856169007342
-0.5751897896745152
-0.45538350169849273
-0.8551249606880572
0.686582195165327
0.46872710012952296
-0.03851658737900756
0.474363026084222
-0.11800890846237422
0.615352714343715
-0.14485740069804337
0.8249491551162443
-0.6201299784620733
0.6313819711526061
-0.6574987072296165
0.36143837322789685
0.9520682066822145
-0.742798807494763
-0.5603440583223331
-0.6812536549268878
-0.014032108684216388
-0.12228832259083673
-0.4536716137188081
-0.22870372718906193
0.8479139599971333
0.2613755261387453
0.2039533569266675
0.21914498883262795
0.1310830115958715
0.30120156819985905
0.006541817845192556
-0.7410316378047539
0.18043873052925885
-0.8235075510252329
-0.07655835560123903
0.7670073665799364
0.7458305020463404
0.04765240726296783
0.7129894417904427
-0.416829240244375
-0.8542361829815213
-0.8005813844677145
0.4050055480385487
0.9500705301126565
-0.8870547516068585
0.680848420602573
0.571308659118477
-0.6419896836794344
-0.7814247199238887
0.030887674533816592
0.6248802113314532
-0.7713275532395318
-0.1917805571732481
-0.8387932120940839
0.7462787004179874
-0.9101700707068394
-0.7043201693930679
0.22016043650894387
-0.32283825669183597
-0.8642199214804478
0.5112637340416653
-0.4965186233903763
-0.1386594537828805
-0.6632277488631692
0.853606858038666
0.12029883773604086
-0.8456851730202887
0.7864883166251357
0.23647188016763138
0.6394441432519106
0.5143518543530649
0.5109353224826355
0.6006107653278918
0.7823146688176759
0.8535443054565067
-0.7452815287332987
-0.614042852941984
-0.2726403876173932
-0.12221032479193687
0.7702927214473
-0.768453689264954
-0.3451559661989427
0.7004867521060977
-0.314083496873343
-0.5924326801851242
-0.8402915738084042
-0.5580307350691771
-0.22002160434053142
-0.7415651292071067
0.7017218137162085
0.03265556234932171
-0.290555556486705
-0.4456892218998396
-0.11450994566428463
-0.8207967551725877
0.5383116739804249
0.12449036083190743
0.743476424182223
-0.8821560932200099
-0.3283994889588956
0.7849742872574015
-0.07488096208164388
-0.4523068112589059
0.2271311713925848
0.6632239257936602
0.5391796967337859
-0.23350857005773665
-0.44530533147987006
0.27447824024395745
0.5700711179799702
0.004627326630301149
-0.9775021980954481
-0.5127390486897406
0.044349312805543085
-0.2617657508827989
-0.9693588698135173
0.11473300530880391
0.22020434004794462
0.26236947243339703
0.443469603532278
0.9055436247394955
0.23186855878659443
0.28754360640679644
-0.13038796580121403
-0.5051967076897492
-0.5607996857160075
0.9761445786073383
-0.09379485415163166
-0.6285139056791292
-0.19047806584744698
0.7197018579995624
0.6641029161721375
0.4907996391580832
0.2503266542172797
0.8310342387271
0.27547335722662153
0.9500940531529661
-0.4248463241368629
-0.6710606791145678
-0.14150090049307446
0.5694908704114412
0.582538140843824
0.07599896643244815
-0.4254572260012402
-0.769585076800133
0.5870370006592337
-0.8136645453553868
0.6500993385593546
0.2545149333151262
-0.03013423112478175
-0.8626048159492585
-0.9991797352389102
0.9445859003819197
-0.8741443558897837
-0.8031248764882636
-0.40381084256920163
-0.6877553077813601
-0.26658424557338134
-0.45446926023294765
-0.369806065721784
0.5875530194732995
0.0062643291269279516
0.32305068723690367
-0.4395969947376689
0.6889452382344405
-0.29075952249319176
-0.2985085558841269
-0.6103005380942271
0.6475227216954047
0.9366094065347319
-0.4595255013232834
0.6970416515588422
-0.4278876521833388
-0.5944760406298916
0.7416386292001199
-0.6463819710234507
0.7251973354429104
0.5473786853535484
-0.4650101415577325
-0.9943032236291429
-0.804728056968246
-0.48576820260296966
-0.4178510176247276
-0.8820479288008023
-0.04760300631424083
-0.0076476980232310695
-0.13071693764781842
-0.27950424736251284
0.8330224508274098
-0.8265955689276643
0.3871014829166442
-0.19803129506649264
-0.8065172832956798
-0.3707184222873127
-0.33832077339267225
0.18065487715612868
-0.8950732286084535
-0.9798511700489247
0.4548022656355118
0.5228636818467618
-0.48288418124087484
0.7450096923821254
0.25013016117521225
0.8370404098742491
-0.32894893949898274
-0.2861601242948891
-0.29710375260605265
-0.44252700468270884
-0.40814513188867535
0.7581127387705308
0.7644504750517664
0.17455665885931496
-0.7572615585707101
-0.35279489316391144
0.6183191059075269
0.1006693598241155
0.08885701860432178
0.8146428251965424
-0.9150393581299378
0.8369819269836156
0.8893061666527226
0.6002577037870299
0.515402789752463
-0.6821134962999362
-0.36998883452893466
-0.6204192135146059
-0.0720295244036191
0.05047536869703227
0.3271137615948448
0.5229939860816524
0.5509530436819935
0.0800411681307502
0.5042894785509805
-0.4435043221741504
-0.5703495852768055
-0.14373480354043924
0.7011715576407491
-0.3475083272410994
-0.33403238107104505
-0.004789833330694318
-0.5249273639663402
0.9549659545962019
0.9594835428682389
0.6639248170966885
-0.5285551316656761
-0.7126323545169505
0.2241217485114721
-0.09659105482824791
-0.41988374699586795
0.9308087911297935
-0.24296644742605158
0.7998711471370047
-0.339588185142168
0.7708835842771223
-0.03483313703582614
-0.15656905416378367
-0.7914502811855212
0.9696116043646092
-0.24828092199028454
-0.417108383211243
0.2856880713717816
0.5575763121555485
0.4206390574150237
-0.3028140291634493
-0.7997741084213837
0.44109956363784475
0.6822648244262085
-0.7796958970674019
0.3006317661652273
-0.43253426387061633
-0.6650695047906571
-0.9052864582222736
-0.3791516137700502
0.8827981595340612
0.5669860762098672
0.5505283731642313
0.8960308532383886
-0.4175042257565896
-0.072181286991096
0.7945874957744958
0.8164348309512443
0.12652957125847147
0.8750541777844454
0.8040217495089433
0.1279082584761157
-0.3870884728558485
-0.6088555940618947
0.2284108749519713
-0.9011529281266144
-0.058842698850512916
0.3886575213458219
0.8275711032540153
0.24581653562375824
0.4758878938751678
-0.8750158482605883
0.34494451287987965
-0.6165640402492824
0.7790554914753506
0.8406381099477368
0.4922751251087836
0.7323083451711847
-0.46975343589757884
-0.4607883035281595
-0.584524194080078
-0.32594137662738265
-0.3461981238627291
0.2376241008235467
0.3497794599093424
-0.525174318361264
0.5882317553375663
-0.9605570237919366
0.106676042289865
0.7326903354293478
-0.7377176510443351
0.8024884394847861
-0.02997235790565049
0.10985804967938977
0.010758965062627612
-0.632112280599699
-0.01922185716965557
0.3423074341272975
0.7568661875472331
-0.5036306011258964
0.3363138555611598
-0.8591057605351413
0.2515136768360115
-0.09579586188106029
0.21795227050105875
-0.25329975999217746
-0.7724307445538542
0.4151231549998048
-0.3442783864194671
0.38976351699213496
-0.4304498743845506
-0.556348374081831
-0.976588471603382
-0.33616663397041385
-0.15462213111477305
0.19809648227203158
-0.8504490445870919
-0.2090655114053405
-0.3909399368940807
-0.5443248202092986
0.4333115269100952
-0.34150585377834103
0.002037790757460827
-0.9649819317834859
-0.3036784827683423
0.03718595003524727
-0.20819244004674212
-0.6483815887607581
-0.18176436870160123
-0.36840624072714234
-0.2434092516125998
0.46715958265716767
0.23407636555094852
0.35208295928620836
0.32843460115433715
-0.5141215837561075
-0.01441882394126407
0.7108095663070254
-0.20245295463318483
0.40133890185291365
-0.12097449769391666
-0.6666658579811211
-0.12811008296604623
0.6049793381585711
0.9009044671620465
-0.6797022252938142
0.4226012700883529
0.05769306593160075
-0.286087601315483
-0.583413834882212
0.6010985654183024
-0.5744088900661279
0.7336195301830178
-0.7374374450877365
0.4506693012625469
0.9235419858118763
-0.4808775595662929
-0.4996658983450412
0.9183639059089598
-0.06175587968684084
-0.26846791650384416
0.44156118089451213
-0.7423993365932797
0.19163685676801331
-0.18759403807208633
0.2707419860879002
0.9371407543953603
-0.774826300715492
-0.9318689808264415
-0.40884442093916307
-0.47552289929091746
-0.13643900236300982
-0.40512908822782456
-0.9245030239800649
-0.09909114163729707
-0.909082303747852
0.05474956012510544
0.7576117731385157
0.2184459021736015
-0.4716431210349223
0.9166445477309897
-0.2896994386060081
0.1757336044645494
0.8276479961475414
-0.5078322796424112
-0.38903435047928275
-0.3279891116378208
0.9384593364031902
-0.22624985964183794
0.4742666097190774
0.6432598730333414
-0.9644359427376722
0.2842630109353499
0.9952134696619651
-0.4420287792823577
-0.7144368103790724
0.024697299932306946
-0.4671921557006051
0.07277632178294116
-0.6203324587140332
-0.5892208970483973
0.18265287606778674
0.31769837474293927
0.11431587961192623
-0.37792631330044874
0.8108925975203773
0.009657322021237879
-0.42958251065831654
-0.9132357113691195
-0.07917423506711703
-0.23499487131158733
-0.904700477257299
-0.08314102424116851
-0.6861822363033551
-0.04645397568554672
-0.5838417185256394
-0.839627863977778
0.7148188705624998
0.11390068755919906
0.5369869761487092
0.7406492854628681
-0.6346191243128768
-0.04440733841100459
-0.9930706940009427
-0.2565167980645657
-0.7807506931167839
-0.28407073849823095
0.31402408609229676
-0.48708123602991643
-0.32017723717154895
-0.25074630069384546
0.7486609837801422
-0.5292994939683238
-0.39426257602830844
0.32472183809739524
-0.14997009298313602
0.431556369435968
0.8730208090689814
0.6808954191300801
0.8435901349464255
0.5623634833482926
0.3305315390023191
-0.3745749596668379
-0.5241089835666324
-0.270174067509965
-0.22503752804046778
0.3597138018301569
-0.5116867944727562
0.04877868825301337
0.03240709812211687
0.7636871301462038
-0.6908849777632153
0.20304665537340016
-0.04670667226872241
0.08167988816067528
-0.9896307622424803
-0.47769651927406936
0.7572325389713744
-0.2430454903356395
0.5097418943998587
0.2896991265264504
-0.8889296035256536
0.18825776700757846
-0.03801392566824472
-0.8269746251002112
0.33293587722996004
0.4336742347436035
-0.8011640377374354
-0.44464196005409035
-0.32486605600180674
0.5357874596093369
0.21441627285343925
-0.9877336647106558
0.10051274193285499
0.5210324519444784
0.584357329237847
-0.22964410448001993
0.3099799386640037
-0.9086369184277728
-0.5465354218357995
0.17481850690797485
0.3117905283678387
-0.8346312778069809
-0.6490237586709195
-0.01554492184430715
-0.3660035501950202
0.08131114679495277
0.9196393949946137
0.7177007190742827
-0.7054985860422326
-0.2640615596571138
-0.801738930075512
-0.7047633341127189
-0.23710015580503807
0.4034967743057411
-0.36391766376362794
-0.8557669411365276
-0.721929216430602
0.46313752855980855
-0.78533139159508
0.8553952059689763
0.4332832135298623
0.4571853294709458
0.2088585110289863
-0.7853724866842365
-0.611413046802275
0.10488731386831215
0.16004780533053342
-0.7714712587931595
0.05241310993796743
-0.8583580681245435
-0.7217665416046763
-0.23375950680783972
0.4404863646117377
-0.14943126540981883
-0.04327734350936368
0.4601581156358521
0.864794245940534
0.7850998199570814
0.7184299607466785
-0.06442668087069434
-0.22411928513347548
0.7905021917031398
-0.18063682675463122
-0.9136986275937481
0.4495861982750781
-0.9379213205767085
-0.3394989233826128
0.9288677931248085
0.9729254504604478
0.6565185852239178
0.4842583892460293
-0.5623644225606151
-0.7462720906482282
-0.8713368385762841
-0.3991617603168739
0.5131562581696324
-0.8647065285546403
0.5784657613627381
-0.10763533762443342
-0.9031190615499375
0.9611077873617706
0.8880797746185508
0.10398572845672237
-0.6105392146209073
0.3032938970389528
0.0454728811435399
0.46189556830005746
-0.2508204354651721
-0.9930726765257688
-0.39576460407806424
0.509884754573328
-0.29546941594637405
-0.11188695586189067
0.8951339691811145
0.9537685993329795
0.5476988593480787
0.40575587691807835
-0.4811166322244233
0.6964868269483259
0.7408029646566823
0.10885461383071521
-0.6724884277046635
0.4719846709793026
-0.2303929534835595
0.9374326725012003
0.034689039526659214
-0.1439834802610688
-0.45873712285636964
0.24655099682144066
0.6981837343179437
-0.16641866753649526
0.9131431073431787
-0.7487092953515461
0.8320358884977426
-0.6339768610061822
0.9929828539321548
-0.8148469919953689
0.1800841058635519
-0.26510234645230907
0.04558615900469736
0.4442347174130923
0.5060604509536735
0.46049408077563697
0.7411792872544016
0.5382825404567628
-0.7558704798421216
0.3230817941405932
0.8047911273008543
0.4650341722040489
0.4117787420894716
-0.2345383782310297
-0.9336841949457821
0.9217381404071181
-0.19719378757204964
0.6757324322040693
0.19553334498003896
-0.22144456096127083
-0.038490178552995684
-0.19980765827445565
-0.018662767419790338
0.5018283076429357
0.456163618823862
0.38631970716657893
0.160649636791785
-0.8048625782524073
0.6908241180177748
-0.40705232360277427
-0.6248594206260926
0.0456726507778341
0.877128679422779
-0.895705277415219
0.840181492554114
0.0059349196909845294
-0.0625996009749902
-0.8445858129425555
-0.056389607301804506
-0.3198433336195859
-0.33949918553408237
-0.05220235654825758
-0.08810299300306036
0.8972368430449
0.5031157149254901
0.6058218649226735
-0.11601188344947456
0.8775928140396749
0.683476851481853
0.9240728015656089
-0.4510174987743114
-0.3825505184168642
-0.4309373527316044
0.699362217649569
-0.511697407133356
-0.6964610225190601
-0.15670767444807487
0.6979602815285825
0.8186139431148476
0.34664244126819665
0.4005911226894987
-0.30664691470222716
0.6035254693387163
-0.8471732981537139
-0.5248052073183704
-0.6343166730007582
0.015722465310985118
0.26787959188005556
-0.05113867360858841
-0.2929677570845331
0.6367704738889617
0.12175609554736894
-0.9615109542469633
0.5213617247695208
0.5259191819152277
0.20036080341982912
0.977306123252226
0.8005497147155615
-0.5769472992748292
0.7508259739210613
-0.700476810540787
-0.8352817332154989
-0.15309398704946042
-0.14680923234346782
0.9587684422510174
0.15925119649212166
-0.46613365828987674
0.0192300866217652
0.47617565142093066
-0.1739522865994925
0.5697037970726639
-0.2540763662833091
-0.08109285552055165
-0.6837810931541767
-0.8352478336536806
0.7606407303475408
0.12051230594038133
0.2254657287694472
0.49021387061021
0.0954875218125746
-0.49054049869324434
0.8382646446222973
0.6999704693460345
-0.3851886872126136
-0.6421744020270777
-0.014236790401730346
-0.6872114907991779
0.6897023145016633
0.8531026917493845
-0.6937370631008422
-0.6580778181228899
0.795596950747091
0.6434323579730971
-0.5397424147759418
-0.5937391901574814
-0.5474165335342652
-0.9824122416987651
-0.9717763426881848
-0.49169395847368297
0.5221365772493258
0.826995193949002
-0.9306930670954434
-0.9412843485575892
-0.772317518235194
-0.5368670691214666
0.2997346474045798
0.5227758622121742
0.4498819608541371
-0.3903810949749911
0.058586900205875335
-0.4695960565845146
0.3434861420440788
0.7189366212688317
0.16272896168882267
0.1416504993888951
0.6510215844076078
0.8241909382410365
-0.9507977133502964
-0.17411994100020345
-0.5369678379135069
0.3641059913949031
0.14037914017867653
0.5683785511739159
-0.7842113153779604
-0.3464391413862343
0.6333855577844361
0.4820200441126045
0.45750457216264906
-0.5447270310845177
-0.6457969658728325
0.9043084722350795
-0.2679100293713047
0.8890053002098985
0.0622929253425383
0.435966411248717
-0.1806302366029452
0.647212991350008
0.22498660878027582
-0.6941844776580502
0.4346502894055773
0.25343899661418096
-0.7579785297452841
-0.7902043072229489
-0.20216759140648718
-0.1337029740398179
-0.33471156250719225
-0.4550159169061294
0.5465547565848446
-0.16878673127907834
-0.5532622225874478
-0.8204809438483285
0.18517628710014622
0.005685296830511033
0.22459357982449046
0.49877766899456033
0.6485170019392913
-0.5797774607888102
0.41204869391404053
0.05057013492842533
0.813385311906411
0.6015429006410201
-0.5248235951299496
0.6870236838400127
-0.8382095786787787
0.32500109113628817
-0.9986025396065377
-0.2888709911981415
-0.2628060368624177
-0.179784052085584
-0.5052054943257356
0.038478614419262425
-0.2553276950371379
-0.8747064835366355
0.10873535815856407
-0.7417392943592864
0.15580413264155332
0.5929131473025925
-0.33831982547269623
-0.6728970845431013
-0.11119027873115611
-0.22122808384804485
0.44620757730880556
-0.29342968643495265
0.17034705140757753
-0.7068985752194549
-0.828617237595731
-0.5721397578206366
-0.43367709115313685
0.39723310960504143
0.044281879232503686
0.7661660865841134
-0.10343741755921994
-0.46049334672408077
0.6441000360102934
0.8458801519144192
0.02073751668136205
0.5843636550258485
0.6937044294498127
0.051836358664217014
0.9895367388071776
-0.7316108842695705
-0.9949344031920795
-0.020776073717262006
-0.9584232625238823
-0.41138500444444503
0.7979178589866165
0.7270469282149096
-0.29311522675473606
0.7227238104104104
-0.8108262432385734
0.44746478553274693
-0.323386542373006
0.16208025621329175
0.3246223354525186
0.10265762591996459
0.49095348550975504
0.007940058476147692
-0.6197601608606494
-0.09368422098679056
-0.6793556236438943
-0.1301365685915735
0.47185926850692644
0.9863507471672325
0.6592273487236253
0.41890077334001935
-0.18527034984316193
0.6310761780599253
-0.5269761531379958
0.977261841690007
-0.7282525186466691
-0.5086228599834551
0.9875130559800669
0.3423422453267743
0.7312102656703385
0.5893184720399133
0.26592763199916786
0.21377729035035672
-0.595153035346614
0.6366112843085754
0.6540783152876528
-0.7079599819070951
0.5127946954617235
0.3252908198487932
-0.9406094463941052
-0.6602806811814058
0.08027126839354241
0.03845840826369453
0.01788133982379895
0.6814010193088149
-0.21877084856190324
-0.5908951669489865
0.927294873901711
-0.736392231380391
0.9737530618195407
0.7790763066220182
-0.700814542836561
0.9271458760963988
-0.5311009335708741
-0.6208132837292192
0.9625471073761968
-0.00802184968513186
0.41665917145473885
0.7457924482375766
0.8363239522903039
-0.6204753672475176
0.07391639966813476
-0.08732456859035218
-0.9146409160685559
-0.5176549585293182
-0.3613476166912573
-0.09776669828303175
-0.9359906965101494
0.903243731369838
-0.14856568423816
0.569933930726511
0.6789486275830278
-0.15123823872685394
0.19939382158678653
0.5748427000086801
-0.3764467179575037
0.7323015625823152
-0.5222733385155115
-0.5310336375093797
0.15978410924360614
0.4094263514789461
0.24323361265778812
-0.6698928966284402
0.11699832631638772
-0.4704708036956053
-0.39490882323193366
-0.4761538397540203
0.48251453647145826
-0.34915043367416937
-0.22547249256636348
-0.1064972237144431
0.20333230410846018
-0.5441638071411986
0.4182947241661258
0.559276852309188
-0.9790019226144704
0.7673083274787109
0.30247816998587007
0.7291742923398673
-0.31976231395459315
0.887223102783954
0.2032651196357243
0.8046338501283957
0.296590105353831
-0.6944793967265932
0.2565811571953942
-0.21505694459602637
0.7129014799457375
0.8158936072880025
-0.2274236551450021
0.4649918233741368
0.30622965927055174
0.8273196201242221
-0.4787259900701984
0.2250904126966255
0.14975697458215567
0.08856805652435697
-0.03958250077662683
-0.5771315716620279
-0.6081822657247833
-0.18238898767042608
0.7859951471200771
0.4946061590073102
0.2033668771037165
0.30980433416362485
0.679179873459825
-0.25878464659438166
0.33839079322396187
0.357022868360051
-0.6290511606361571
0.39541465597880304
-0.23204535169055296
-0.5281474227208954
0.2019603601252842
-0.059342533307937644
0.7097983520666357
0.9391878708706393
0.5995833475778662
-0.2295868886839089
-0.24908043861831572
0.08401494194074133
0.8421399448986281
-0.7295063527276155
-0.5640902712730734
-0.44411050006234337
-0.04185659811992533
0.6709713672960125
0.9581591806501473
0.13412865151986506
-0.6727460890701479
-0.18882393717290688
-0.27850496413906745
0.6934874413482558
-0.6438285971923101
-0.27573076685285713
-0.1417049194400138
0.2860294407474918
-0.06064370216645051
0.006751331662960347
0.14415614391989856
-0.4266956627742093
0.8366065194806334
0.49284650301192895
0.758510690718179
-0.3687086355409297
-0.03765575228313797
0.627984739887707
-0.5850607145630696
-0.45330072830994805
0.04240184626732605
-0.8697814336222264
0.9385750428755875
0.841733331969914
-0.5988554402555069
-0.18206879434678822
0.5608425581105738
0.06063107251165567
-0.2890419754223921
-0.6685482173383502
-0.4532493773809845
-0.23998917105484455
0.5240832061416242
0.24042390278738462
0.1599999678303763
0.10401717273683146
-0.49076384133414225
-0.25842546271079
0.9982489737755781
0.3842251261847019
-0.9812235930249475
-0.2049985369716184
0.27454275755491053
0.8432603682718223
-0.338606243885239
0.2699992911785625
0.5438391739229169
-0.12117757029699118
-0.7315034347818228
-0.7940764752916095
-0.17808280850557684
-0.7786330285307315
0.776834454671614
-0.830105055839497
0.8065070759306798
-0.539420624410876
-0.3262347148665385
0.6094922103462566
-0.9157915759120259
0.565031115621905
0.5775395667635662
-0.9171670402337222
-0.6201088387818965
-0.9190658429064279
-0.42021979165230255
0.4301851981681537
-0.0546334029406401
0.692478125166098
0.8560659505163729
-0.23079260714063543
0.45440500844189713
0.37612837807864624
-0.29221050473879556
0.7933268951990596
-0.103313207708016
-0.7244310691884227
-0.5060289071747325
-0.7669933934447382
0.6960005842808968
-0.5219357446833287
0.3545648641090148
0.6867648090355102
-0.15218531662517656
0.9853371583082943
-0.6917966916322609
-0.7121245542841702
-0.7912881808061925
0.5946095097795755
0.4161275450752399
-0.9215148352377448
0.8369335275014155
0.20574470369647066
0.5202997766394507
-0.016530284325483324
-0.5120541988874849
-0.3034313134965055
-0.8791080340611633
0.19552047093347427
0.7603542686947805
-0.21643427424658462
-0.40477964183795934
0.012043402833347634
0.7652776950642906
-0.2573255204485809
0.6886583609544777
0.3602313872805915
0.6801336457909704
0.3179920070693822
0.05623817023691641
-0.8498531007513084
-0.6950766487495603
-0.7755867962954938
-0.7423593145001853
0.933033521453892
-0.3142918613737054
0.913027683424748
0.8046808100139308
-0.6105768830685608
-0.30336373450921156
-0.7151509792606034
-0.39250444194326456
0.053311840511350454
-0.30999321200820734
-0.0957569323421421
0.46562945261334576
0.13989335764333377
-0.9844725493305636
0.2842790753713354
0.007403731149330023
0.5614482396292589
0.0330053125645786
0.3710505260026053
-0.5718590983630287
0.9722295448085534
-0.4081524122641297
0.8591657315666743
0.6794344674003996
-0.7320006940257866
0.10412293621071059
0.3897159077680848
-0.8687896505780242
-0.2893616636812983
0.321135766942688
0.9044872464667213
0.9573559119411267
0.6448797943572465
-0.06827366612445039
-0.7046277108771973
0.9072252378174791
0.4168993848038616
-0.6798648105377816
0.8084511927179816
-0.6644837881199912
0.3210339892130679
0.25081486818136817
-0.17624058432056378
-0.8790591148299313
0.12089850645644272
-0.1315832812569732
-0.26071154214593417
0.36149862748694694
0.9326545700184116
0.05655829030263369
0.9633418627295495
0.6119840641340272
0.8545713743150152
0.7781528138807893
0.3591540218699278
0.8878236640180379
0.5471420258969057
-0.6583756812851683
-0.35884735847017063
-0.9357172265590907
-0.3297249385179105
-0.627398852467264
-0.5243775648459075
0.3101920273269895
0.6957572803784701
0.6225792155434783
0.655666747397743
0.7626224339127113
-0.20721829477634507
-0.6876349279922916
0.5647963219764645
-0.4266663110267506
0.19651646212222937
-0.5911877189778414
0.2954345205450475
0.9796748195653574
0.5177916916748495
0.22165749745049126
-0.42553870307980357
0.28610666571697546
0.7171615701307605
-0.7993007695856688
-0.007067973426900435
0.46537110503136836
-0.33825137781337017
0.4786051415313732
-0.3249137713345256
-0.10383591206942608
-0.5093294559072716
-0.4494350041785006
-0.22558245934790191
0.14809741671678428
0.0974321042788133
0.354532009456451
0.09155510693250586
0.9048183593138326
-0.04735865430866218
0.25541588752965233
0.7065694221743823
-0.4660572966295094
-0.9874395598956076
0.981154780402185
0.7672925668119978
0.8968483784763944
0.20194250707314307
-0.5634469261353812
0.016066303811387152
-0.40053004410637094
0.09692946436498348
-0.48771606274407553
0.7041847707208673
-0.8162294664672863
0.24655070465495474
0.6117216765561877
0.6301176500628376
-0.7022803179201554
-0.24839510231336023
-0.2626781575131407
-0.2703804627613117
0.2694706198298073
-0.6999882085410715
-0.029022003092307222
0.7357573286090823
0.13451518565926668
0.10863783599176682
0.4573320173263345
-0.20870599658089442
0.013880547283078361
-0.18605157485832205
0.2534792133528159
0.427355844686269
-0.7925913987418445
0.5700058075462451
-0.2728164587034899
0.21613219048375035
0.1320697237911501
0.4545302329160526
0.9452938202780534
0.018720870013057916
-0.02655207153960483
0.8937812551455021
0.6258509716607012
0.06730751004471978
0.783732779203144
-0.564806006770126
-0.8186507013646662
0.04926607353241032
0.19665298169796971
0.7910599272196579
0.4210545635738966
0.5109837701744055
-0.6088149850658692
0.024586803894048676
0.5675754341490152
0.3381417844421618
0.7559126750198762
0.32391722255991806
-0.8485993859883327
0.6423506074737464
0.07329072555701902
-0.13657850427741686
0.8775266013704087
0.17145294385780496
0.16524954419232854
0.01432027131384093
-0.7818021646359014
0.3796399910417489
0.026641087148257744
0.5986080911676622
0.8060536687173248
0.5499490287739913
-0.6832261039005334
-0.6348073052927916
-0.6466232834921993
0.10010204982248964
0.18306450912975278
-0.1325652574695241
-0.8403413390848937
0.859207683110902
-0.5977359486675694
-0.9523515868843238
0.2651985235063806
-0.10745575155566162
0.6036613431474092
-0.07746739238116486
0.15948369221299627
-0.5620779194234619
0.6084991953520301
-0.5950788465198733
-0.6573102335213162
0.3494029532672145
-0.9775396192547822
-0.7751649817606417
-0.5974819352692292
-0.2311095451689768
0.47415355067024867
-0.23730492097528802
-0.9591230909012702
-0.5625787014696775
0.6889736342160435
0.10637798169497632
-0.26659034816231864
-0.2776479142755662
-0.3620010953687632
-0.9710162161235543
-0.5793395501483456
0.4833769326795311
0.8725688953789306
0.01645420427756503
0.751593747698506
-0.38425557928552717
-0.5440103998750047
-0.4046045430932818
0.12432382380242031
0.8830606614727989
0.000356040601589046
-0.108688284054608
-0.01369433777771919
0.22519742793373118
0.4301869325717681
-0.0017027224207050746
-0.9519060323162583
0.5317026009842881
-0.33476388474234514
0.9010122477597619
0.5768750594192115
-0.21308908280045571
0.9161238081841806
-0.5377425011402328
-0.10654460792317161
-0.46073901050556465
-0.39995396110634684
0.40665002808249345
0.5104920599435347
-0.9587063443134469
0.4317624202184381
-0.36531734847804115
0.8021945880995053
0.8726868419449103
0.5651111296609838
-0.8399367951772265
-0.10556773591753481
0.26571874143822566
-0.3777782898526175
-0.07148895806507492
0.8615936222376779
-0.047275094326352254
-0.4882293536801795
-0.5612343383954527
-0.3298490740190575
-0.427888362098132
-0.6497618290234728
0.30157035882761946
-0.3912236916620617
-0.06374762259556577
-0.8541773651157788
-0.9432631639115109
0.005178660241313248
-0.5967052423352033
0.9199382390572957
0.3911089365644492
0.5960757191573238
-0.4847451863811883
0.4642731889729108
-0.0002739316367002342
0.44183837015391614
0.8930195669561567
0.7314075992333499
-0.7285440700319323
-0.824382798008879
0.08771862591865623
0.2990387116168857
-0.4883958720812047
-0.6887846187991121
0.5750576289054578
-0.8493061712026395
-0.23487262397860997
0.027521050518326783
-0.4407908916385146
0.749634842083512
0.29975181983308313
-0.49563434821128205
-0.03270690170598964
-0.6566646010620655
-0.359299380202133
0.6270221386086294
-0.5497243336669894
0.26363765790350996
-0.8637595651172684
-0.02103594671086875
-0.4112314824419781
0.44049395753900994
0.3237557732121815
0.656403854792219
0.35055904817221467
-0.8590914174657801
0.10846611246616338
-0.4345288061916165
0.3903177221998299
0.6912869361423423
0.1360580058245702
0.5555447337391853
-0.7670758026531068
0.17153578238698883
0.28604011528052337
-0.39774345612540046
-0.9468531061352431
0.02656318280235705
-0.48648598361221757
-0.7027937583551149
-0.9137189281859416
0.29516781648317997
-0.5239848833484082
0.995933830962044
0.7987394002969153
-0.8450303532531471
-0.7921764326195443
-0.12573306949211088
0.3389208141802694
-0.42702061947576514
0.994930844572128
0.3908795172392333
0.9387502951716354
0.051409849513812514
-0.7275962574950919
0.21191410248870754
-0.7335019039243527
0.9697817806272038
-0.08273464769622042
0.5954879474704378
0.19318910960245372
0.857648571656922
0.8527733381429601
0.5888884911972712
0.38572408866251917
-0.7374815864559416
-0.7390897288641398
0.9533352289876914
0.9536644925539434
0.7523618895011857
-0.17772307895084086
0.8965089533584708
0.10712120495450854
-0.8157773529976292
0.25675312814638573
-0.9989666556573247
-0.9305531201811572
0.07410624791014019
-0.2442766083856323
-0.8781127646377399
0.9686846886014218
-0.9791908881042192
0.1363920268903247
-0.13278204318301745
0.01419105434948862
-0.9198671572086157
0.9079316485156076
0.0022688691397283
-0.5571231494791702
-0.33306012248739914
0.8827758130324436
-0.017244181309608125
0.1671892483475343
0.79581128091112
0.9838525316589726
-0.35722321336333657
-0.28789223602045216
-0.8956953945475361
0.3702347883399246
-0.4580140776469054
-0.9949896679872685
-0.309838954443345
0.11723625636759558
-0.05233809705149114
-0.43161164751084374
0.4215971436248206
-0.5698936604003949
-0.5690024370686908
0.878015642150548
-0.707052108336149
-0.924130495835856
0.40663476278811844
-0.41753398582280477
-0.5489832807635234
0.45918211402066544
-0.33706781197890556
0.023867909080044113
0.006002361850675537
0.17105572126741672
-0.5870815254003446
-0.9125336983558918
-0.03931997298117278
0.5772139793629354
0.5565063710182553
-0.12979250755037974
0.026994138225655252
0.8126841217615303
-0.012632216292372926
0.7493610951811938
0.5979738936958912
-0.49558471325434267
-0.10886027942654851
0.09133395451292672
0.5711267979300348
0.4463593120559923
0.5532606043910892
-0.09966025549092138
-0.17063360020347504
-0.44589741053174253
0.10274965676320343
-0.05758992709098095
0.18904286617903682
0.6839537613459111
0.9605220993954682
-0.5256679586772829
0.13174329044219846
0.9681925977393557
-0.4027155484356777
-0.2050880714614384
-0.8992576971042313
0.010258241291599711
-0.7021858724092864
0.9725305826153953
0.12000406227941979
-0.23313643452428257
-0.10323641768023432
-0.19876931794799316
-0.5559549840729537
0.9539585372830947
0.6063847320658337
-0.08163750291293886
0.7639789666768851
-0.6400330814264357
-0.12583609734607248
0.9498130367115956
-0.149164224573994
-0.6579799792899328
-0.273186991542637
-0.7353386835056259
-0.1726557584863639
0.9014631115387371
-0.3428293065949754
0.17942121075460982
-0.4276629034143771
-0.3958191828379266
-0.2604157106565926
-0.5926410956101342
-0.6785052247710965
0.4517493655402492
0.3697811515548963
0.7858158219936835
0.8683012527811632
-0.13300548550241956
-0.4681431856825597
-0.37714504862737125
0.1550355290216284
-0.27387110396396125
0.39549949142691215
0.47319097811627525
0.8345043935748342
0.32791744538950707
-0.23967336674171227
0.9130333745481124
-0.0023721396279386565
-0.24094657992752316
0.13019711280166488
0.00885637621129421
-0.04132498451670235
0.158731245715899
-0.45341905537019517
-0.4304426345278624
-0.558424578821504
0.48556162280944154
0.8583540731981377
-0.6470558191676458
0.2158058280387063
-0.8536278153495418
0.8686675373049451
0.9040113726326208
-0.5274401990078323
-0.5280455003766344
-0.7043418223972776
0.051711039857940636
0.20891702223659478
0.6105757451570648
0.992267414468217
-0.7406707667679054
-0.7060451896265768
0.5397537356783381
-0.6878224339644372
0.8020802585964392
-0.3851369000083319
-0.8002658996059405
-0.9697285242077036
0.9348664920429618
-0.44229773729959915
-0.4706424414672919
0.15094061216322482
-0.22239819311706585
-0.7002594204557098
0.1832331192462701
0.7820136671480721
0.6519293294100107
0.5809539040275499
-0.7244939991030823
0.5792434155142958
0.4199683103208642
0.40052066823627047
-0.03138373979044887
0.5753002845941528
-0.8164208227207871
0.7050373425460826
0.26818494538600435
0.1012046380240376
-0.6618684341277346
-0.8935660669005611
0.45863176516883963
-0.25002603739031
0.8559645468963027
-0.7542533526812991
-0.9711099905538391
-0.865239407483009
0.23641638748698568
-0.09656161317955735
0.8237351908502775
-0.19498139828440245
0.7355555987422804
0.4917438029663579
0.8377071773272637
0.14564270267931204
0.273413678977603
0.7364598817873858
-0.20638198600712665
0.3544473341927056
-0.9703271125781983
-0.724942414226785
0.8242488773927364
0.32526247103828754
0.7511100460683554
-0.5868355896341614
-0.20090493781976052
0.020830329166533542
-0.45563537499174256
-0.8453888791721595
0.7117347048365577
0.9272918762515141
0.3966561814110372
-0.48803624761465725
-0.844803721418868
-0.8322383193412716
-0.4573593876229863
0.5625921308917868
0.2344211097695939
-0.4137713632142923
0.35829848359935357
-0.4082521552547072
-0.6505107763996144
0.41699983374524474
-0.18373675961253655
0.0906229491601569
0.22071413257054204
0.0907590400829808
0.7257690078433293
-0.5527721473450878
-0.24935729164130133
-0.648316480267585
0.23642712115299808
0.22898587364765136
0.4166673117142316
0.1363881562232574
0.6977986777604801
-0.3194276746594205
-0.5356791790542251
0.10454484790983717
0.004168460547355266
-0.7525721783151984
0.26954527189560895
0.9857367933729413
-0.057923247032677046
0.5935325228936471
0.6308219967038714
0.24720246782875666
-0.23088067927798422
0.15554386156757743
0.4243540679722978
-0.8337400531769479
0.3757601047739673
0.5687887778226076
-0.15485794552965768
-0.5091491415757459
-0.5270934933030375
-0.2719863681553812
-0.7554751248648822
0.8960833065638859
-0.1810389802020157
-0.2511355679198184
0.10291739328411602
-0.41540098660626135
0.6983829544953546
-0.1759360440317436
-0.6203439574453622
-0.15527822418971793
0.47440580536979254
0.94391339183483
0.562549001025823
0.9438899127323124
-0.9982585406175203
0.18568394977985428
-0.9949205607863403
-0.4579629356482773
-0.20489556114093507
0.7697875817966244
0.9338863957961129
-0.9037622007367326
0.5776582603096063
-0.8292050485274536
-0.6457880253874668
0.2517045388316251
0.31740912885830824
0.23655532830991988
0.5448515547180195
-0.808078704792104
0.2962261388571139
0.2319568675729633
-0.2474073161744545
-0.07075090272067859
-0.2521284595952319
0.24913288451820392
-0.8602776365511767
0.11610802707064999
-0.7150695473057478
0.049566531516638736
0.5197501606401091
0.6954100286143561
0.3283496429903701
0.3882932349559091
0.6913406298506275
-0.08707944936357088
-0.9067944554216725
0.4077080385277988
-0.6256143324694622
0.6884666260881352
0.18002702436541626
0.9682045774061234
0.3908626209708544
0.17646571060250643
-0.4721836198865329
0.7045709264137637
0.11016989246533977
0.9236903229404488
0.05650678761069354
-0.2147069364605809
-0.8351336122783107
0.224744377893934
0.002177107674478427
-0.2578357259858362
-0.20276886987760337
0.25750189047329103
0.43639886781771514
-0.7472599397963241
-0.6240386570738093
-0.7961628295197511
-0.476142421173507
-0.4479966051862591
0.5423990109737018
-0.17585745459295327
0.0658733891810337
-0.443932068311302
0.7285533886818129
0.7633752745284043
-0.8312437175812343
-0.7248128153229043
0.01039136568742681
0.47385261233426157
-0.08990798621687475
-0.8492500221820608
0.0008134661262329146
-0.967482582824606
-0.13360398090412504
-0.5298763235647302
0.9505596634691859
-0.6300649935884928
-0.4921384647537722
0.8270132296702551
-0.77875508670245
-0.07490071061202494
-0.9283306338594034
0.16992980610891176
0.8095028916289733
0.45180742032743987
0.8603558747698925
0.7359416680359046
0.4599348103230151
-0.769941238202097
-0.8514895151424129
0.3058075291855666
-0.24376661365687508
0.27832138059475414
-0.4381385421734628
-0.47600927401290377
0.9370507384104971
-0.5592859132477366
-0.15348288410594896
0.5091359508201626
-0.8588627257898239
-0.058305931633316835
-0.7655348740839003
0.94381117973671
0.007975646337673423
-0.4628129762927641
0.19633645015577916
0.6578599450896292
0.5525201482887666
-0.7921785616709608
-0.4635277023844834
-0.5873409790586774
-0.2417220309921907
0.8564598671019593
-0.13122457546255592
0.8595692736358228
-0.4438665695681986
0.8457505366713143
0.2955170431910384
0.013794934126919293
-0.15842969265238072
-0.37864329857320994
-0.8020701505301866
-0.07433421201869117
0.8273373108430995
0.813877198809421
0.026608960025503156
-0.5872042960587763
0.92708302541811
-0.820750064418201
0.9721913514790228
0.0032382572518428925
0.4261091415152709
0.3740960645704459
-0.3605610803602778
0.9600942223925143
0.3200789686678608
-0.8529513558238392
0.6153616104783695
-0.08681790777321555
-0.8834595033047918
0.8887826418234059
0.6527219472002304
-0.22213391122303583
0.6866865212969444
-0.8677800153068497
0.8367818464944986
-0.7610694521085941
-0.957263594120049
-0.1438986083932592
0.14552048722560904
-0.6706063799498234
-0.8690711845354193
-0.05964951135652078
-0.2013262846102561
0.4264821599163086
-0.9313743234523378
0.6129257364092302
-0.3246144316927048
0.19688823749986273
-0.738087818182129
-0.812074417035606
-0.0024781115615797765
0.4272638947901634
0.9330786041239298
-0.5349726855866154
-0.09163158668196407
-0.7444538482562987
-0.07666028196044647
-0.4791880261566875
0.5458409924436702
-0.034867460585085906
-0.7639436926550361
0.43424643928522755
0.6392625281774509
0.5417827516888296
0.2706090165464506
0.35448012446637384
0.8468759951342507
-0.31408271159760826
-0.7286392200258708
-0.315514723088822
-0.443341828888756
-0.5034930579595528
-0.08696357033411084
-0.7333889447668513
-0.24549901266326268
0.967348637214832
0.6249428066279371
-0.41652880648656615
0.3343095938643077
0.9187065323787199
-0.39210758001606816
-0.08603807413473212
-0.8567202636890349
0.4443559399644867
-0.6261717102260781
-0.04197151252970609
-0.3560785293891813
0.2973870020375127
0.22111717394192013
-0.8918947772884406
0.9839609021788385
0.9113745891951881
0.13877481052453006
-0.21076735968338808
-0.577097948579206
-0.4359596446049586
0.9369449118161819
-0.3566302651037909
-0.7708738905520999
-0.17317032594180298
0.3325387133520314
-0.9704361249708577
0.2856177909348488
0.16768927971070183
0.8401265630713666
-0.11032133774779103
-0.2814996917303088
-0.09191475689321164
-0.9740982189885388
-0.2116564592338827
-0.8238581377147017
0.2567025945879921
0.9644041038675799
0.1969707834879934
-0.05947424155339563
0.02018810663473175
0.5538354824412807
-0.23895849060164887
0.6967429319508862
-0.4146252829972523
-0.12081722240479406
-0.009229892889643883
-0.379718871579298
0.819305761264813
0.22101332784336963
0.43169172451504617
0.006338327587585587
-0.687390705747421
-0.5400322784770757
-0.13964325747567088
0.29585669185496244
-0.8722101022879558
0.27974131542587355
0.06507984615590104
-0.686761814513024
-0.2095404243406079
-0.6202497831747305
-0.3434981775717892
-0.6596072304567963
-0.9732037357029483
0.16355793808983551
0.32951959933903135
0.787511084777512
0.04789810171446482
-0.45771832008387053
-0.6095496056724441
0.23643310875679632
-0.9806754265990951
-0.06279710030192058
-0.6333873864309478
0.4083703745781582
-0.1692927853195922
-0.17536049405112003
0.36498983295523124
-0.5672643059255965
-0.287550783247601
0.7005837766374375
-0.3160037441113753
0.3970068564219138
0.6628287613347009
0.621977086731818
0.5668279047656224
0.6938836472013507
-0.5233215488451982
0.6589978249381119
0.4567381972459546
0.6821224981199876
0.23132667525448203
0.11726949726958817
-0.7698358964198315
-0.019857517422285444
-0.26496708214226705
0.5885343701398902
0.6274297615553758
-0.03804706487752885
0.9981626027995381
-0.8386481372949409
0.5965173727006634
0.43695515488813325
-0.5227834637015885
-0.5177064278098591
-0.2430491785479437
-0.6926720206121422
0.8475496645462877
-0.1327332455094012
-0.15440759935794982
0.5181432098317026
-0.45065203781181684
-0.7729278674374949
0.4413141470543833
0.30710847480968645
-0.8424383167429974
-0.3163899378724814
-0.6304267733429276
-0.008379771908825528
-0.2712460957691146
-0.6044263067784257
0.27285317337868475
0.8873109458321741
0.1338505687558719
-0.7246780173380878
0.2628448435049788
0.8750399054461684
0.7186206670145492
0.5302610613618388
0.45083432394786377
-0.30982802757396255
-0.19216027353973097
-0.619984219342978
0.1738738979771108
0.47987173254044113
0.531749650350185
0.026047492411206415
0.21162232520685487
-0.8844314275561488
-0.03461453374494833
-0.6526841018491363
0.2985902655656117
-0.27357615598573387
0.6831895103609903
0.6520215085378851
-0.06239436393845733
-0.9700018474915995
0.7297105766754094
-0.1225102883220393
0.8856940484771564
-0.3474472556668797
-0.537369819183716
0.7929415053637183
-0.5034122037618309
-0.2304432566582441
-0.5257576513216136
-0.7121693593093343
-0.8232762086922052
-0.4917916552226045
-0.8084629368708404
-0.04156232100120331
0.0251038382375954
0.21856281827703383
-0.5935076680090641
-0.8395670150216487
-0.6151571344361804
0.5791703744890305
-0.7228321834308177
-0.8252670811056746
-0.2296105459683095
-0.1811686555690756
-0.6029970648151753
-0.10898937091925219
-0.27262175916451387
0.45842894944074497
-0.6057781187533691
-0.38608425586263323
-0.44719860717374427
0.330356762814609
0.816540516439852
-0.3293576618770012
0.7866979457879136
-0.6884854212073703
-0.32949542319038566
-0.15961709228974164
-0.6924126830001216
-0.4762466120315338
-0.5813106530928438
-0.10964826641055483
0.3828609456272698
-0.16557673319127084
-0.7809105677308238
-0.21681911127414877
0.4779948626749636
-0.8430527358893163
0.49972094518388066
-0.17410783942923136
0.345017830484026
-0.4381715218556375
0.9180846509601477
-0.4995570662239431
0.8934355903977621
0.6333683730543892
0.397620205120234
0.7902870046699811
-0.21876455460800848
-0.598316053635172
-0.287460439377841
-0.8151464058594253
-0.9455570165103551
0.7382014111679627
0.1573385199866449
0.7536920914714215
0.28707662828221975
0.10424901537632955
0.24404571320002388
0.5013905885718694
-0.07914301121233552
0.9118821517949453
0.35679594264416686
-0.28791111607421904
-0.6102279034699543
-0.8790176102227681
-0.3146436929549717
-0.13286672353446682
0.7624314954575175
0.6393346912902345
-0.8353055232871079
0.2929053112149789
-0.09198031948211285
-0.7964387325776483
0.18263998067477405
-0.6693971310582776
-0.6252260226975727
-0.411932458212297
-0.7094733842233093
-0.33276416976346834
-0.6252523757738189
0.07425299182255195
0.5822347571439697
0.12693310326335236
-0.5912466247817844
0.1412229521523607
0.5522661260313706
-0.14019919679178405
0.8419740399941432
0.5566955632532268
0.5537006845410922
-0.7202385902842008
0.6758752837754965
0.5555233589325924
0.7842182454514671
0.42798939877026265
-0.485065987416392
-0.05223628317570113
-0.44498568531288407
0.029494767246147226
0.2910354926440217
-0.9460794169655165
-0.8704993284206579
0.6263992724946562
0.5760330417167063
-0.0014274202815041123
-0.5304863537244253
-0.966036135652105
0.027937461812588143
0.4482001810405322
-0.34624797968202703
0.17046157339974483
0.6079488891098461
0.8475037279810302
0.9631457277337419
0.5620189704951143
0.7772147606919061
-0.16760075234739033
0.7277093183813161
0.28693911528787286
-0.6122363257872961
-0.9503232429370836
-0.22660521058780814
0.04190475372456969
0.5237847368557974
0.9613082363720895
0.4885562952766888
-0.8911261554031892
0.3597656967466753
-0.1988357390106945
0.4969719311255395
0.6085744783806455
-0.6385780604324369
0.5600323919902709
-0.24499636808343492
-0.6012033538324535
-0.08371933113015423
-0.92277773073581
-0.8562476180833218
-0.8340006085515528
0.5006856170499178
0.48537653055560226
0.2047912373596373
-0.00504116331141559
0.7570507751695632
0.9801251271038839
-0.24650334844249594
-0.9981211279394944
-0.9105224310529058
0.5330677350239383
-0.7665087728953327
-0.5640693144626096
0.3535697455739731
-0.41337930708283954
-0.9740815656374865
-0.16530799311189887
-0.773052572520078
-0.404840071114402
-0.6369849540752627
-0.46439328501734967
0.2853673736182306
-0.734482270715956
-0.6463205354829581
0.43969129670785356
0.8938815583388808
0.6066879156821193
0.7400387811768457
0.4601523906972445
-0.4162283363070773
-0.9229076880043019
-0.1321152911662519
0.7636098322684642
-0.5025406895780392
-0.7187313761186852
-0.6922969081850816
0.7567281023598076
0.47120819297925004
0.6218557580048555
-0.16700584251166833
-0.746387028066066
-0.6714231476118886
0.35576860419260153
0.7199331681149149
0.06997414714673043
-0.9338278159894596
-0.7601253728661402
-0.3940477573735573
0.6122824748117603
-0.3120247305499928
-0.6890235286821212
0.7638073631440443
-0.38647002083177656
-0.3709929047159292
-0.35118950074705996
0.8548545782093199
0.43727940047402203
0.21127069702387774
0.5927662751296355
-0.3405783970748011
-0.7335543770260768
-0.0893320584498675
0.6830466887351386
-0.07090234751653035
-0.25940640649197827
-0.6895517730213865
0.9400236120795187
-0.6833633112972884
0.5397823090996302
-0.8992396646805126
0.2755204086974411
-0.8885686640444576
0.7618174745972315
0.3599025951035955
-0.18956159739458728
-0.9060264291478222
-0.5804687660410373
0.40068177844965974
-0.29216252097588236
0.14400667510444182
-0.5541987720017679
-0.8645318732845761
0.09093897429788506
-0.7711788209008353
0.5748290515752862
-0.258339881723134
-0.31048487109685863
0.8356172931623564
-0.12688306311131092
0.7468840831056301
-0.8047201476222753
-0.24104946734352017
-0.7419985763912332
0.760377577126885
-0.6520314971913729
-0.9034366986937916
-0.3701356296491069
0.8640555255804282
0.4704039949092257
-0.9703415283250195
-0.5996696193932377
-0.3049131971941096
-0.12147669331565146
-0.7793837359259385
-0.3972507104836818
-0.055221306906888194
0.8800838084735437
0.45237159696200063
0.5728648599157516
0.8136077182893294
0.6644619509858352
-0.5448229765798025
0.544286291379858
-0.35806856419457905
0.16556506352086778
-0.8311321242456349
-0.3722418531520538
0.15029097910127087
-0.4864507547087582
0.4233137537252182
-0.2572846730270538
-0.1992903881657908
-0.5289199158636864
-0.6998904736206418
-0.45240176700808216
0.5758923545523443
-0.4690286890741541
0.09857349909727568
0.1796163382617857
-0.6244827098385635
-0.6831936570176428
0.6336711047934862
0.516017990853123
-0.05234049833792153
0.522199571685707
0.7980339844367405
-0.8458632744987676
0.5845799209052299
-0.3978538466917528
0.11175887976129073
-0.7788652465058554
-0.19980003584679562
-0.19775815455994997
-0.14097994580107545
-0.09929108215004731
-0.3516210346762222
0.6339461455340587
0.8645324417491607
0.406079137888937
-0.8975179635334886
0.6711263307611796
-0.47780937114740135
0.1249934956286193
-0.6251949344594165
-0.09792743595443315
-0.28507163166479954
0.22265260390713848
0.5433739378648136
-0.4745231257727219
0.9299025975659118
-0.4098037470003595
-0.23647310750468256
-0.7851507294973739
-0.07079580368912998
-0.35473407235774895
0.04352249220546279
0.5291190123744365
-0.01620287448697884
0.44162470715382446
-0.5886969396690499
0.8349635766249992
-0.7786922810366427
-0.8407435894988626
0.7290056822646563
0.0371161999546833
-0.3664380060823873
0.6130527850034632
0.921219601863598
-0.3256064322643111
-0.5688648349804504
0.5409596482200982
-0.921328500214502
0.16156233850240098
0.08862309482568595
0.7496051803964358
0.7605332074860994
-0.32402212698219984
0.5975087709256027
0.6231848206248931
-0.10530900730106582
-0.01074755555290946
-0.5984410169723656
0.6433163539923686
0.3043022762142031
0.12930680929719718
-0.9028144591899181
-0.15243453564782344
-0.6032790093526623
-0.9971064607097417
-0.7025444101676425
0.38179920922952915
-0.5353484162696105
-0.8102056646803314
-0.9338734978473667
0.11061960147890833
-0.2161247011038456
0.6092581038600909
-0.6837001364910622
0.8568802274157785
-0.6033480668824132
0.2551742477820545
-0.07680764812773999
0.037853660134776215
-0.8201327265917434
-0.18382790198257182
0.38552596506774167
-0.02952049025041575
0.7672540441273509
-0.08751093005545393
0.3958156626879313
0.2719373450943412
-0.9080579742321692
0.5377336932645961
-0.8246937246245634
-0.3781250912457928
0.7772290203729996
-0.23246086752337888
-0.889105647598981
-0.10608449654102264
-0.6157292968190056
0.8615568596563999
-0.7793113704310668
0.17075606718908223
-0.4617451431068353
-0.6061363432561021
-0.897555338731427
-0.37012243483610086
0.29849635157467946
-0.3093823309532856
0.17473427373903352
0.9184734904844033
0.029440527032944256
-0.30835953575176156
0.37113028517966823
0.05161365908320029
0.6114774606989914
-0.7349884681051607
-0.7086366224324322
-0.7391975428773975
0.802287953426275
0.5791038241792223
0.4837904190009019
-0.311179095879224
0.7214049859091959
0.03574169919047832
0.7537637599965055
0.2960377854101222
-0.7661342387575136
0.10380021215571915
0.8050837200672414
-0.06685894461285208
-0.5156274209798448
0.5241153627082508
-0.8915375619196019
0.6648563602918385
0.3447518217718724
-0.6583023811405899
0.4154612200503633
-0.44672998562155475
-0.04433338389637715
0.7159280553005974
-0.8677980650207904
-0.911125832089993
-0.13908414829100305
0.17748551800056772
-0.7955417424211301
-0.5988440877467581
-0.9402542257817331
-0.7017238477964185
-0.5066503304698433
0.6805463031908842
-0.9426454771275551
0.1779951058342198
0.08657407246757695
0.8111900374499125
0.06288395332734213
0.05098739887576999
0.6325665160171351
0.6512253742999106
0.010004628084651282
0.5166655451962086
0.7829015435292608
0.16427700829486916
0.5095943473039841
-0.14048840064270685
-0.46541341176209816
0.2568127130676483
0.23169409425577772
-0.9526812312349233
0.7571248857942391
-0.03036395041587128
-0.002642581301692867
0.025583613128250915
0.9489296353726315
0.2659534925218183
-0.6556203285307538
0.6414342624766511
0.3289248525139885
0.9466949839356148
-0.8228914630795059
0.2699390800446749
0.10596820437769927
0.3938443688558503
-0.7058530155464984
0.7425544514085406
0.4884713698131567
0.6827475989893804
0.7265254772863854
-0.45003431430381374
-0.515949747483017
-0.8112646489171842
0.6405116708824707
-0.4864207719869086
0.5387413712624408
0.1756617051352688
-0.3115640040944649
-0.4168215863391133
0.12536834198248153
0.22783958110056626
-0.29164394634144614
-0.5344852554591172
0.3646404208061692
0.21299193202420605
0.3803965745395419
-0.23511988297620248
0.3567595106630331
-0.5712726898318244
0.8701505117422543
0.12215054882722423
0.8838173768803007
0.47216351730792816
-0.8580166871622159
0.5249070304426366
-0.8732635053643873
-0.32086912538330753
-0.32295878901937564
0.20978593644328103
0.8425650824279182
0.9282435572390546
0.6934832143028216
-0.49891523187283143
-0.5353750204076554
0.11644674577273781
0.5765538603066344
0.7352400854286861
0.3199705665680673
0.031639435238379095
0.250661052418825
-0.28287679064829546
-0.6742091722680106
0.9915172507359695
-0.6530794531824534
-0.2561891237291255
-0.6994715586009399
0.15991477867195242
-0.554679595479737
0.8782120118733192
-0.5679619634823317
-0.22951419359326464
0.3179008017083862
-0.6378964346382338
-0.05017476096114638
-0.3988524491560524
-0.8108420345373629
0.09889396020512457
-0.1558438991385801
0.8208677917589117
-0.651704046202597
-0.594955647085855
-0.9030286793750102
-0.4384838198686794
-0.9139775964452165
-0.836455888437975
0.3163951714356664
0.38094522711915857
-0.8171515416657139
0.13194233117778661
-0.9442056212696665
0.6153939298530268
0.09589284005883426
0.3888036884205008
0.1290331792030305
-0.17294964479825986
-0.710693002999445
-0.277260842781472
0.46815707450141636
0.6328076355847123
-0.6842698582451858
-0.3209770310097438
-0.7502522098349756
-0.5654709775296698
-0.365662745532242
-0.49988907970262797
-0.2933011702368625
-0.6876299893102309
-0.04804411195683536
0.4704945247284429
0.5398346446195094
-0.24797632280553622
0.16598333248814479
-0.4411185116691453
0.062468323294929635
0.2743909997030608
-0.28257619013711505
0.40802870255855545
0.015745184384261056
0.18385081383749272
0.6890519383678008
-0.9635194643077946
0.9021549420674363
-0.037757049928821236
0.5914582436063098
0.07395770080154192
0.5752424910396312
0.7471142063776064
-0.1827100833158236
0.08959429986144496
0.34828758971117535
0.21909489668341284
0.0036958089055228495
0.4214332836977623
0.715125869441872
-0.7888106725693977
-0.6702149701527134
0.017572830051382063
-0.8159344534169943
-0.16497073758527622
-0.9041944260115288
-0.2146617749609729
-0.4551097505879548
-0.05492415750907415
-0.11850759483927571
0.9542631839000957
0.834870249514316
-0.9703776876585897
0.44692128295788514
0.1795589739793946
-0.2711776123844663
0.8339931148762904
-0.11934403277789307
-0.5506540064951961
0.8147858011422214
-0.9975142872374329
-0.9833737913402193
-0.05284607301563566
-0.6376474083861713
0.7608613280420454
-0.40470022365364866
0.34177029817736365
-0.6870506637100103
-0.13784421808453245
0.37285690075630595
-0.541082850009264
-0.7441260927797232
-0.8919591158234348
0.9063638166700921
-0.34996022656459846
0.9642615368797133
-0.496225767247105
0.6464299267725062
-0.6424521149188399
-0.32689348168836624
0.23555888157772226
-0.21210840147152338
-0.1057785667108659
-0.1267065036471882
-0.6853779776571407
0.20603534715913882
-0.4959615994902501
-0.584787329928238
0.016673758932047394
0.5898026403265706
0.4050072477216729
0.6553701143966867
0.410080856424134
-0.15524855851810132
0.1972607621804137
0.24161291805687166
0.11234587753601172
-0.8158361768953317
-0.5430235442983102
0.10383412247200542
-0.38546271328991716
-0.8257663192965398
0.14323624071428048
0.3473698820178849
0.6694272062586349
-0.5187351435698473
-0.19674767873912635
-0.8213552797795323
0.32253800969588026
-0.3266840372144985
-0.6169412244636637
-0.5590991942494844
-0.6772240314443293
-0.17198276464730008
-0.34736541060439724
-0.48832761473694847
0.6561361545488313
-0.4753734899591065
0.35461437914836014
-0.8976462762139084
0.08349867254935704
0.863686542956785
-0.9752232252244951
0.016173204997599715
-0.9634635561650879
-0.8953372339533447
-0.10503171569062877
-0.01958041728021325
0.6276435916140296
-0.3449013401615197
-0.4410781201304978
0.21650489849881147
-0.1009090665239217
-0.5204324687141528
-0.06210524688613966
-0.5123918235509929
-0.8901826303757138
-0.1581971954979971
0.1734270694341421
0.5138585020527723
-0.40605144114047875
-0.5815054561080556
-0.8236324608215134
-0.7685709247001795
-0.5212964085245713
-0.4843834223508171
-0.3757365710128721
-0.645367764354878
0.5350015333443349
0.20021374983618578
-0.1735731569962766
0.003664099066515201
0.17329221635538078
0.8488444227732193
-0.5059507433893198
0.606404883484763
0.27561286097295246
-0.08074351271233648
-0.7643303127071819
0.9660022540771224
-0.3547444862876291
0.4700179949434326
-0.014222112770228942
0.136593871431873
0.7881789877977796
-0.49923692368557154
0.8536864813514529
0.10604088040940345
-0.49866111040042993
-0.23113759338069026
0.20632162226206777
-0.04712099485079125
0.7238920911948511
0.6918813745889437
0.3361280213335896
-0.9042245776001472
-0.4791838645294291
0.9374859162791483
0.3509269467474561
0.16653327742342228
0.7655434614638257
-0.7453199190968617
-0.6633721342896218
0.34182508351673585
-0.876207308520377
-0.2409223523614311
0.08177322326789367
-0.37131385144268375
0.6055822266008108
0.3863519005337047
-0.6608724653613689
0.4146647611559358
-0.9747733034483277
0.543035955765204
0.5524365009692366
0.11678869912509963
0.33937929118947857
0.14558108053369878
0.46594020599511
0.34214536802637324
-0.7915726735609144
0.8351558351328404
-0.5655107507414187
0.23356053049061523
-0.7474891259328537
0.49188734118031774
-0.961168134609865
-0.27595747498533124
0.5907752359948149
-0.7407850287766496
-0.038461599550179984
0.0704289886214978
-0.3685446572541216
-0.3175055174567064
0.7381295839255051
-0.28817622790231395
-0.013698858619142327
0.17210337663177155
-0.8409174564464588
0.34528951336052455
-0.859067114750744
-0.11693147772146308
-0.7745568232920842
0.5521422065689096
0.043238563520012326
0.05272930076712278
0.7207330342304192
0.6489785273274098
-0.8844153171250372
0.23349831197905163
-0.005295098212876429
-0.2633759302715517
-0.8521083154677518
-0.028070673403496598
0.5097175187456495
0.36750595380475926
-0.10698871608487519
-0.6835332707604361
-0.0852927839746822
0.5459589278476396
-0.22342085646277843
0.056410019777508744
0.3582553549825604
0.530988077556794
-0.594868582123791
-0.346941453007525
-0.6108259663813544
0.5509163705206613
0.3301723094719774
-0.8734789770131678
-0.4335038586330314
-0.48679232213387386
-0.6576842271107315
0.3519618551582836
-0.8341869157899057
0.6114016846740817
-0.8094084750202328
-0.5465063037778657
0.8206542226206213
0.17779980362359882
-0.36036234413862994
0.961743069897389
0.9835467256952549
-0.043949884126572136
0.3102255561634377
0.11541650236800265
-0.3422843793775746
-0.0777279429306974
-0.1353033037644394
0.7522711525599228
-0.7849346439381283
0.48114001850275007
0.337794985534277
0.4867314305823657
0.8005074699030571
-0.7299672178304232
0.22227887410521188
0.32000126861557004
-0.9992196581761561
0.008989617744304774
0.5359364972393387
-0.728242630814957
-0.3029594972607897
0.8775257440361584
-0.7164692076034739
0.16098128219064378
0.46834384073110086
0.2262207930606724
-0.017568406938527088
-0.5193858430473299
-0.3146021309448246
0.5573471826460507
-0.296299439807067
-0.9601135185560294
-0.7555127006127813
0.5122968881919728
-0.06879509333002348
-0.473774845074706
-0.4108732731236257
-0.8891851372679515
0.506996434712859
-0.5538632656087235
-0.3660725984539398
-0.11311816724881214
-0.0009682596101183986
-0.41977760196949265
-0.7730795353659234
-0.6223031349204117
0.6666191128064085
0.8392376170794272
-0.1615220021684211
0.7400822392807631
0.6130551692373392
-0.40123990438638557
-0.22186182831149645
-0.7371140425421401
-0.8194739680253477
-0.45103830528794736
0.33255080221644284
-0.22184512505647752
-0.42517769863582827
0.878254088300111
-0.5101191185139478
-0.437107223638061
-0.5172724635641266
0.5277498586758178
-0.5134781983345373
0.9513551160117375
0.9795488619235551
-0.8858268944389839
-0.2663264157133204
-0.733067917147947
0.317584015468244
0.9857610936885268
0.33776744189176294
0.15583054136884586
0.3159441316803532
-0.5332655588345144
0.7693722807655887
0.7051995779060651
-0.2669128032296374
-0.9152295199978524
-0.9998666931970195
0.815466526934114
0.7077912382126941
-0.4798097624904406
-0.8193297906057075
-0.1074292949652853
0.22577756301901586
0.6221659733605078
0.12403003793493887
0.6567826183383095
0.2884972393623578
-0.2579666685488791
-0.7516157926524255
0.3235654303555524
-0.6106172020117829
-0.7860142590531096
0.0949885958554022
0.3247774672692126
0.9931431344968497
0.22684017687622007
-0.27677319044335574
0.3349977271829389
-0.519808364715534
-0.48639589927081556
0.9646364938593351
0.335838346263775
-0.20436858766877095
-0.47857324732047807
0.5940767292902344
0.03995901582801843
0.17553197058277098
0.7098187072219587
-0.19257318963222358
-0.8642697978532758
0.560958464175473
0.43489033470388183
-0.8793773423832629
-0.7762568876740976
0.8609612751454893
-0.49090453103042947
0.6446432771087983
-0.37834931360845653
0.2853521767147511
0.39467090669389304
0.8934156707737685
0.6610813866905161
0.007349179264951045
-0.539015065459928
0.8363445104873717
-0.16090149584435906
-0.8995017729957626
-0.6599522703635086
-0.7037922597334675
-0.07261349492369144
-0.9428517773260321
-0.4638887679516854
0.8397669187001353
-0.554935682018032
-0.07172106328080842
-0.6431107862466082
-0.16645944142766209
0.4873059399140565
0.12501548821266348
0.5657306983063384
0.02456789262443018
0.6451214085255677
-0.21409623572641104
-0.12490723359789904
0.01098428490558093
0.7200858937122796
0.8737217226705266
0.3655711585105077
0.3981119711826134
-0.4559268094592805
0.7534372135469894
0.8613655380969973
0.39298400713895615
0.20166526591123912
0.3050516768538623
0.4547226898814137
-0.8626077814899379
-0.19668002717668692
0.6002358071642634
0.34628022306254974
-0.937514574554356
-0.3580328687723822
0.6567936889748041
-0.7835943595850472
0.07632655669040529
-0.386394612203515
0.4615857387465556
0.19497608432888838
0.37668384751378153
0.8087738515336531
-0.5511612460970842
0.46228869404146233
-0.07138422815833981
0.7925867379475302
0.07119557020871078
0.6229533788373214
-0.8658429365196176
-0.7555837846636799
-0.595751425717305
-0.8241068047833964
0.23934668954052266
0.7952481221945131
0.3511631683824176
0.36840507625143115
0.4548431528147008
-0.8108401944611672
0.00872512011912729
-0.40007866588679414
-0.4878597035483911
0.3800043541309602
-0.20267423143216812
0.7786829733581642
0.7613470601161081
0.4387259040522495
0.3657487153331902
0.618486930904925
-0.5559231378420006
0.7633587633738
-0.6764879707215473
-0.9347424518347287
0.8192148466937577
-0.16075538161134673
0.3248270772680173
-0.4723676535422277
-0.7080367509616806
-0.5995641619079425
-0.9122002981340539
-0.6132378562819214
0.8930896767047228
0.2593633594136934
0.7982746500168513
0.9158301559808556
-0.275935140267651
0.7446243653745167
0.14764228911185404
-0.16816722068898235
0.07451539446860893
-0.4559115948646276
-0.6239810730936133
-0.02272409603418137
-0.46663024801340475
0.0026323497825279435
-0.12390652576011442
-0.17215608879217928
0.5868581834060075
-0.2146191951328757
-0.5025958577082333
0.2288849880646557
0.9818933289405039
0.22872550321966625
-0.5874483990079719
-0.28544669033063746
-0.552256877634148
0.4116078121014841
-0.004959643987448789
0.2989184063597316
0.3319860969827369
-0.17089824530248368
-0.40776663924625894
-0.7307091067721722
0.6346036000550016
-0.11140453251498293
0.43235525792906176
0.5897589693995602
-0.14182035750739347
0.8382859246779825
-0.35319795293806316
0.4363481941191057
-0.9760703729861708
0.5769700134699965
0.19592306850402183
0.2953422916441182
-0.8772472072830634
0.6280840782332056
0.09911946599197459
0.10342857336744926
0.8303483852778089
0.15938580386027498
-0.10563997447694104
0.24943569768713017
0.8283912129340972
-0.6714619226915834
0.007232257823053595
0.46910728561436
0.8271561174192473
0.9639412113472398
-0.9360402921019529
-0.04911337546158206
-0.03856829711086447
0.9710209921599513
-0.429993472925239
0.729156033187517
0.08077797504224667
-0.6593414608863123
-0.6507750826639433
0.5408031766560439
0.7601295195232958
0.5459971854801361
-0.7055568909202229
-0.8745977300837124
0.32148978889958096
0.548070162317208
0.3443826119950233
-0.694772183027886
0.9068744100348505
0.013424441212446899
-0.8218557806750334
0.674085725962113
0.11439157291958571
0.5013667894459882
-0.22484535538566425
0.19120530090928442
-0.5591934240268212
0.9045051366165279
0.6645336958527797
-0.7104238220436264
0.08707421163631356
-0.19992693243711365
-0.6777125828408831
-0.7407848354417805
0.158602821024027
0.4705990678610823
-0.6862069746233151
0.9573153381050228
-0.6828082211563388
-0.6364541548195839
0.3984379007877528
-0.8650431361437686
-0.16451029487532767
0.8447722911999609
-0.4017354687341489
0.5347735463476517
-0.6977781125585831
-0.28762278030503163
-0.20046785183504467
0.11062526488402902
-0.9032660472552277
0.7547818257356425
-0.4072947359527191
-0.9054225058809704
0.8640596409147414
-0.6377768890510024
-0.40445711926082384
0.0928134419616155
0.6870335241464405
-0.15693745594653324
-0.6487793536483426
0.9149590711043888
-0.495193177107174
0.8974670652747908
-0.5312499175116763
0.8915323410349925
0.1957152678600705
-0.24802992471343108
0.15084105713551324
-0.135442734894731
-0.09896334029813868
0.32165652218801694
0.006471518396382451
0.5154093576747538
-0.5532506240088921
-0.5226622656014932
0.26953810981176957
-0.14858392589538097
-0.3461689538953526
0.2279955912147906
-0.3256840752929947
0.6650946423479668
0.6228094715263075
-0.6376051860025367
0.72970793287136
0.4999380480715039
0.15206551234231366
-0.2402199833147355
0.46265769769399845
0.07858340953396552
-0.5431660750999148
-0.36121318152123094
0.2016001870993557
-0.8117409246502536
0.805029687328635
0.22509465405219714
-0.6983462576946465
0.04778437503533577
0.02366198456527138
0.8893436201371417
0.6886109781953829
-0.1408071203109848
-0.9843290188589029
-0.32903203688709104
-0.8670536400204966
-0.4419786360856691
-0.6172278433479322
0.5620534961300626
-0.8234755688181044
-0.5708668081180469
-0.054511182168196615
-0.5759426017422778
0.4924523340762627
0.7901599247284851
0.6858629391626752
0.944816035121288
-0.9998020979000053
0.2531007427396174
-0.6220834655753359
0.6325229271254165
-0.7194040428205148
0.4190058808825923
0.6908907592927757
-0.27010114243962263
0.41758916473944235
0.299158675020117
0.2037417648866758
-0.9158872561340387
0.4580809918317733
0.6983049938831872
-0.6586802610306276
0.13193927217737728
-0.9576568078114449
-0.8475078978938457
-0.6770090107512139
0.6690557219146179
-0.7800460953539518
-0.7185021552666866
0.038015611133620494
-0.5762421715372256
0.08052098305262093
0.8053789134923419
0.48478224190233343
-0.22429131346369613
0.6008494443919753
-0.7596046523108102
0.9618150589193629
-0.012097298466684303
-0.45376886124124266
0.007224574788133289
-0.8778140254085274
0.6063043343981864
-0.6166695367993037
-0.16326051178099726
-0.8749786663051442
0.010873792861478417
0.6385981797584224
0.8346463397380259
0.6390211456174502
0.4157679909932097
0.29056991328070714
0.2093662540520468
0.13812234097251488
-0.7142798593329464
-0.2228660615228308
0.4037987833895318
0.5256770079549702
0.27901335897599877
-0.5467784768001586
-0.14150965471846078
0.11280538267959371
-0.5800373466331878
0.5053401108093453
0.32091716568537626
-0.22766882549144443
-0.25730543976832987
0.05798460869869509
0.43322277142122073
0.6957116464931324
-0.958218211329155
0.5627668205340215
-0.46888607719275116
0.10356558338255001
0.5105128375085076
-0.7762647500305502
-0.583687317681357
-0.59115720359923
-0.20441045458793852
-0.29065610426788635
-0.5049361956813697
0.8820988470642649
-0.7486290955383579
0.9023592814464584
0.1419010056965258
0.7272873624303843
0.9093871106836466
-0.548037109438147
0.16621089198266115
-0.26035092724374087
-0.06851329831718507
-0.396392852150497
-0.5330772250463798
-0.3256706344921411
-0.0561522599264945
-0.8098320590734436
-0.2307117787902778
-0.22350918314199272
-0.5111137781179674
0.8455038304535771
-0.6154071055806853
-0.14213777864925928
0.8969417941909926
0.0657817028517136
-0.34144687187801703
-0.8860557303274768
-0.6174197536722316
0.8932851064382732
0.23444245448373766
-0.5578451896001604
0.015376003496747793
0.15683358463927344
-0.15980500441210968
-0.49639299474632564
0.4602424337873575
-0.36985996497971557
0.3335354222632608
-0.48719251906315375
0.4964700197951184
0.5022834508566111
-0.24436217417290332
-0.6127972489083222
-0.21054605875030802
-0.26505351042376113
0.057942420582894325
0.11123683961856186
-0.10716676426276155
-0.43342083086917316
0.6334021759194837
0.5745337221945324
-0.12888791512280925
0.0672766177055706
-0.5778814016116764
-0.07611484074325792
-0.19973996439414893
-0.8727371336987023
0.6368815530410882
0.22910176422367826
0.7783957956060713
-0.934023066726916
-0.8047961044450258
-0.45460311561706707
-0.659364599034639
-0.32361529216194473
-0.7314441426848576
-0.07149720391876559
0.11369450385417468
0.62669070977935
-0.5243749473356875
-0.13991500489715994
-0.09314508658415231
0.3569095487201949
-0.48814533928987713
0.40644111852975373
0.5616998726907907
0.40892141807426247
-0.914433076853638
0.12155448385612404
0.41483804305995
-0.05258970100602292
0.2798482820919326
-0.8055916301212926
0.5341175775133132
0.047230708803884545
0.7269488708696807
0.8703549280266
0.8439549309830201
0.04126061348910493
0.3256859900308062
0.06412215090660199
0.7397647194094626
0.771563532243796
-0.1019539045186275
-0.12581856188368462
-0.7009753656985367
0.860487232041144
0.5533075474505194
0.06552359610279045
0.5030450866081119
0.9586605494161596
-0.9404580051684169
-0.5273878918830023
-0.6760935020671284
0.9013177394104667
0.8898081575321215
0.7247630376348904
-0.564761277309497
0.41067491691335906
-0.17310445373302374
0.3051346877973401
0.8845345334144564
0.02229694797304333
-0.47048071373837075
-0.863697275896416
0.9769490487579795
0.798057620329777
0.6448146826391089
0.17312173831588576
-0.5293613011004964
-0.8803605072390008
-0.6555067575710475
-0.5770652898775563
-0.034472177811828035
-0.9906665658652077
0.09130394423144945
0.11196222105345578
0.017800102358155184
-0.30910913332766393
-0.21043199799794948
-0.6025806567290245
-0.43754354536283135
0.579480736914972
0.43753399631140605
-0.5870722241544882
0.9134601681230434
0.9205811842653568
0.45156919344457513
-0.8692489697326838
0.28626035958905255
0.34843439041800855
0.7077439344422419
0.1822964890757457
-0.20190284768460276
0.2694936513581338
0.5523670650994531
-0.02273510780151534
-0.12654927005678063
0.06378189981761598
-0.258383223544402
-0.18001947769687163
0.750971502654242
0.7411301289405058
0.2721055009690102
-0.9716972741811426
-0.8123647817274771
0.9659656742192583
0.6283544162327981
0.8959063276802205
-0.6897795766169115
-0.1409135885371303
0.343908926849443
-0.09157129470138826
0.2708541290704341
0.5839650682598119
-0.2913449592248382
0.4510482792348706
-0.1782641092691202
0.31307510873102873
-0.4170782925234739
-0.2180741981228474
-0.5086780004071049
-0.30251480922310847
-0.12769579697174332
-0.13109837218113124
-0.6464640742740888
0.12612741140497807
0.5234471581570289
0.4196724922581396
0.6220834280281706
-0.307781024443187
-0.43848516905027957
0.9122338543818279
-0.36876852948278693
-0.3241403134878267
-0.3540456607590184
0.9741273635669427
0.6088729125706035
-0.19777811821484909
-0.9785760475282179
0.8996780710342073
0.22281289029436563
-0.055067164256644735
-0.5310667100623766
0.026832590284877382
-0.9399942856141461
0.05359562604649405
0.18306399844592577
-0.18385686906373325
0.6413516720930805
-0.10100209737474063
0.04133765948098064
0.6016876599175728
0.036024516792805765
-0.950959222605295
-0.40803296298050706
-0.14521655084464774
-0.33122816252583503
0.8145278702237639
-0.498413423241586
-0.9963125600358705
0.9863791426891106
-0.4067221735773499
0.3025157702321482
0.4875835772512908
-0.732082460572353
0.4933054433148425
0.6667746137730631
0.15885221364234342
0.857611448822093
-0.5923765077144725
0.6914098387349984
0.30147398277427967
0.6530238373809839
-0.6385991622042123
0.11372261461257845
0.042508302034689055
0.2455266405810515
-0.5113279516924072
0.3839647225349365
0.6337378888632484
0.5993680867696012
-0.5419444958676348
0.2032280218323814
-0.08151564321379527
-0.25703760040651114
-0.06910443747668187
0.6615389509021719
0.5599976527422029
-0.24824561828835964
-0.4041437296692961
0.6794807319515872
0.31299594982080475
-0.35299659631588826
-0.693758091442206
0.5199441657218129
0.681137409981979
-0.4859529189849058
-0.2911147761356695
-0.2685575049916901
-0.28947869391018927
-0.1602763613520205
-0.02907908914389779
-0.191524781442446
-0.22508705089776038
-0.6228008071594396
-0.8920537137834167
-0.9935607521868467
0.8129305841858971
0.8871534385435393
-0.30365947811748095
-0.6049139394762979
0.23474469696274164
0.38183622639715775
0.7452861373463272
0.5013990546937327
-0.6042270459507526
0.7434928997374314
-0.4388777412600314
0.15340927346516706
-0.18820542394675138
-0.8911858815952732
-0.48677921390141565
0.6031803892986748
-0.09059451132660042
-0.8488264314022151
0.2409884566266877
-0.57691229577143
-0.8083454754433832
0.08556865209546229
-0.8845631487209529
-0.21961048764530208
-0.8020761607093101
0.5554801351844675
0.9461155937621294
0.14786849042965947
0.4782817889171744
-0.46105928207424346
-0.9512571952980494
0.7131750096029164
0.45048397739771584
0.3538288214535828
0.40356713012564255
0.8732120140962417
0.6515809539479639
-0.5877754457745709
-0.8050076781081501
0.7100749733368514
-0.9711590647623891
0.051213633320216514
0.4674744298176886
-0.72425760783234
0.9540861197118067
0.35374805259622116
0.8372057234486655
0.2715277870982624
0.5153561315305056
-0.10930284924932626
0.28593770530632423
0.23619943019265194
-0.017287816195087232
-0.5133220452593491
-0.28813401189098947
-0.3720512960431838
-0.3789908495696466
0.9825421666946135
-0.6001130944018547
-0.37313924538129123
-0.9632795822908697
0.5954260847908941
0.9490624856561475
0.1320162785296273
0.47002898721537684
-0.914365446506958
0.2739228519060132
-0.8107721887512902
-0.16312505689253406
-0.8664881542690032
-0.26123680062643523
0.11921667594451914
-0.0956057963685644
-0.38221489086618077
0.08303328041014271
-0.8218844094201864
0.39080117064639247
-0.5299368877355561
-0.29594399163582047
0.822236341031329
-0.47763738124560967
0.8328154280177557
-0.574880278087462
-0.1648715462959094
-0.16966029333917168
0.5206850566128468
0.5993374170690686
-0.5975555684793766
0.2891748753642716
0.6178244724277082
0.5277499737462441
0.36872431925417953
0.9404036915068987
-0.9365315490694579
-0.5584057379228214
0.4857791757416892
-0.600576063002478
-0.35292313014791576
-0.11944099686032177
-0.17006016337730737
-0.6737958009277056
-0.9670828478567342
-0.12012335405646948
-0.07088468010928144
0.004341429357700702
-0.22715518352708947
-0.812584262839683
-0.6352558260268061
-0.11640318248263042
-0.44683013628188056
-0.07013170057845479
0.7949151991748264
0.03789537021671103
0.5736739347244166
-0.254456335932059
-0.7029381412768843
0.4490970299930541
0.77977511073143
-0.9762375553486049
-0.8045676003662448
-0.49014983882325347
-0.9000324732359526
-0.09610573993610981
-0.3116725446777839
0.21819503808840734
-0.23510400256015698
-0.25033615772646506
0.769023253836925
-0.9733140871812567
0.20211480263542486
-0.7645709651055488
-0.33508060744149826
0.6597218574040111
0.6848629856156289
-0.2554128373539582
-0.3025493182971094
-0.5673796283610208
0.7532657435361081
0.1865038525489453
-0.04540878101474497
0.07038782695412976
-0.7913075629104177
-0.05272774939747974
0.7578933881849583
0.4374643506882666
0.988397149102677
0.9314621336702007
0.9169965388514595
-0.16463738352433885
0.009431673069443744
-0.4104445147986337
0.5551352128610966
0.9464255233125695
0.7768943561226608
-0.7526406904747984
-0.8756113366540215
0.49101552877259474
0.10864310662476506
0.810314944174653
0.1446299834986199
0.8684418739783151
0.06769003224396831
0.810276417061322
0.7251325938923951
-0.572512592883299
0.024511488568248332
-0.3500454927601757
-0.2266632998957372
-0.6984828655102715
-0.10290728241544789
-0.2127722848090586
0.6804925282004217
-0.13952980145988914
-0.9708416874217385
-0.9891783759095215
0.32675710873104213
-0.5632392662137083
0.6684215468019399
-0.40824455135602156
-0.9247343264424488
0.9565724873143846
0.5662396675270029
-0.4971822351650958
0.7109043325538047
-0.3949831761468446
-0.3472912053129521
-0.15773341915580494
0.6094816772545686
0.018373584688408197
0.7019566977322145
0.11445322881022633
-0.9836652291556318
0.010598298357730688
-0.43635237569472424
0.3302275625847455
0.757708693997516
0.14770707158659893
-0.43175762816259333
0.168523333485185
-0.9584199981688919
0.7161940448738698
0.7837518946436597
-0.015510944863716127
-0.4991155403265129
-0.5935581881118078
-0.1758209735708769
-0.3478899109839484
0.3031645315687362
-0.47014348764281366
-0.6200724186705289
-0.4239853576290237
-0.7233398536541963
0.7400319697500171
0.054869182112148994
0.48976158795898084
0.09123795757431606
-0.900157150760272
-0.9656213882943633
-0.08083323333594622
0.9734633706488324
0.22863581352058532
-0.7831369638034482
0.8982842912504788
0.252444742685896
0.09183752163097503
0.47335141209314757
-0.8950919292393322
0.23842155355580677
0.9134524331041486
0.17017493090596877
0.08652552689912195
0.6395869006397752
-0.3272515744190042
-0.39998404488669476
-0.8160129626892928
0.8458600769901075
-0.7826752270121138
-0.8136172689512043
0.45847588917194415
-0.6865250346818295
0.4557531940885415
-0.4708282011041596
0.5188299019364666
0.5298232632915498
-0.9390869126768191
-0.718523966209221
-0.8764153753231312
-0.13838003812272046
-0.8932016800550416
0.8609676069798784
0.311788847442395
-0.6237904824443276
-0.5985654796629426
-0.7416635816117216
0.6433711836596767
-0.5858753284242829
-0.6509386199369028
-0.42063858957743705
-0.9719495608149326
0.7374626743130531
-0.679832102458012
-0.4446538747738637
-0.6699706444392509
-0.1919406971773595
-0.42995009706864473
0.5141315650096884
0.983245919574184
-0.8286475722835426
0.7353090618841746
0.1654482446339422
0.9151547355098812
0.36114580185342826
-0.03447108890853113
-0.5962598164280818
0.07246027551174236
0.9168926040665859
-0.6927013740084582
-0.9412118106736121
-0.6480400514226307
0.3040690337874235
0.9034020264915018
0.5540131120901868
-0.9065391318241199
-0.5019333383854289
0.07080759616010573
-0.43714134928055626
0.6386223301559518
0.3041707421272861
0.8907435566811002
0.5115523059577061
0.28953378945427866
-0.6706494117811324
0.730587394705115
0.13636808368363432
-0.5834940142223497
-0.30790720098577956
0.38195791293728437
0.20078696412135738
-0.18626679992535924
-0.1794502141236112
0.7657921215141301
0.693766946504766
-0.4338508885436478
-0.9641686845360704
0.9340788998801336
-0.01929103835939573
0.38964808265857337
-0.6603365312062426
-0.9412983930681266
-0.2724246668045412
-0.8904585008471213
0.5547581639339589
0.7538665149716414
0.4879950884054215
0.7493063916482784
-0.7045503192378345
0.029147874944814203
-0.6569910675714855
0.7531511500879257
-0.08383745769704189
0.21036053783622
-0.00588276295948123
0.6775128190031421
0.614185135580536
-0.003938855376419606
-0.1506757038662579
0.9241024203382627
-0.05126193555970549
-0.4881327005501875
0.07090529727876727
-0.12868139828707445
-0.6701305343105365
-0.44171315957959645
-0.8590783012073797
-0.99148789145346
-0.014870657600037755
0.9013065752599272
-0.9712125714403023
0.879080919916138
0.6919665193281372
-0.26196665846805417
-0.06081879343713894
-0.4217243168270507
-0.3713849245869662
0.21335507828794936
-0.6198775938021085
0.27750134630507267
0.6511998642388989
-0.12653332084860056
0.4472049671632187
-0.3937941028263489
-0.5998850386056442
-0.032553790071532814
-0.16748284780450637
-0.10675780986168125
0.8922631197846682
0.2871835424634051
0.9850684036582096
0.4691870440386944
-0.17146728576883902
0.3998218476709918
0.5057605954587608
0.9378961687139065
0.45907704294266766
0.2953867886216469
0.9466920865984546
0.12790093079471665
0.7613658943340725
0.13816263809806448
0.7759211864382878
0.810189852668176
-0.8003933233073803
-0.4739127062525001
0.902270759773442
0.7787103135744456
-0.8147276673525707
-0.4876373512867842
-0.32478608243371604
0.1723749381961047
0.9407797485754895
-0.4753265456399248
0.9353277101648103
0.9849873771407762
0.7644132730294502
0.18137969861291547
0.5887874551718731
0.8360959688309144
-0.14627487095206046
-0.14855076807494186
0.7198310872328713
0.7321724049910017
0.5765673442453055
-0.29791728708452325
0.3221139783709564
0.5844597787138497
0.20614741914236273
0.8704843411737639
0.7899250807772455
-0.4445722407215637
0.47874211541028927
0.46189713384004655
-0.9948763103471928
0.20630595908103236
0.15726314110935233
-0.07698963435715014
0.37625470399699035
-0.6606600478016599
0.8801195096925957
-0.223544269376519
-0.770481251476969
-0.9970119586001828
-0.2572115190862165
-0.6545540478869839
0.6073601503647361
-0.8361135536792117
0.5164681326284393
0.40586278054876107
-0.9138061544781083
0.04838688472099453
-0.9202107833480367
-0.7356612568550186
-0.6133594560850338
-0.42001832174704484
0.734570408362719
-0.45139633198029183
0.889936846099162
0.0751667280279783
-0.23158681954829785
0.10942233184662031
0.9426973811158604
-0.48945460559770293
0.34392069049288604
0.26506419543814985
0.11536681947895204
-0.29965666134254454
0.9146743730156146
-0.6390187272464297
0.46354543381199
-0.9926193199958735
-0.9732817323707934
-0.5585027621777865
0.3331982032076625
0.11469387158658387
-0.9597629488295943
-0.9004169836524855
0.12955394772437787
-0.263872272494049
0.20789157683109782
0.289036391532284
-0.6559244577079361
0.9702653572347696
0.8232864501951609
0.20670073438316455
0.8094221223152761
0.08346254155679506
-0.2341056518843646
-0.2001062085705998
-0.12020919945269594
-0.08899970389570419
0.8175397075716818
-0.6816485743077286
0.14536007667775014
0.2662076949613846
-0.11567309401908427
-0.22927652538532345
0.18603457591503966
0.7951291866899624
-0.4215009357578966
-0.05842571414859247
0.587314654447034
0.12928795156608683
0.6289298853487276
0.06500960818564312
-0.5085797332386637
-0.8508800694208837
0.8697775324189435
0.3223930607540112
-0.8049948646658475
-0.35086313725155843
0.34050031788724927
-0.5649516088222397
0.9518965796626925
-0.792388217171101
0.14652932218138778
0.1981439234910442
0.7946012711061317
-0.6601189720623952
-0.6623610416715919
-0.700617403286296
-0.5836587788631562
-0.45742183018363847
-0.5500828465598453
-0.9677744111042718
-0.7827501221240518
-0.2971892793821155
-0.9100409880913469
-0.43570197317782466
-0.6912349270886571
-0.8227592524846552
-0.34720764797974996
0.8002926494049009
-0.7940671379665317
-0.8047899064502054
0.36873263123027306
-0.39452021650003344
-0.5906969064193073
0.7355960156044058
-0.9642040856995295
-0.04983698581003227
0.36779715152799597
-0.6091208323787307
-0.41579459164913807
0.406226072895527
-0.3199330547778766
-0.973324925579008
-0.9130759925252905
0.2606257338815235
-0.8460712245935331
0.49237975243124504
-0.8366151694974235
-0.6900463444471916
0.39129027965085167
-0.22213654824790524
-0.4564168543543918
-0.8183322140837413
-0.38950019530818614
0.15656297814548986
0.5868064575423366
0.4594784067134382
-0.19306209912900313
0.8938058261171657
0.5001806450044293
0.6502717035128122
-0.35783359486209365
0.14115081631626836
-0.6495580620149829
0.3346355960767081
-0.09792653126834447
0.9452812735818213
0.7338017900985663
0.8379034094378838
0.8165016601829118
0.2740655951967913
0.9466969348834203
-0.2190828240559528
0.23610892249101595
-0.7584136609466252
-0.24926185768942824
0.41916371703996247
0.9551945734388589
0.13528771495270905
0.1444551224606795
0.12902219178937152
-0.9751080773217317
-0.09791429522981507
0.9087753780535387
0.02181692812811236
-0.8413933459207069
-0.9105171790978736
0.16331722693143427
-0.16301261797717792
0.06297834568695121
-0.09582759786535583
-0.4699533555858251
0.3913355727625069
0.2671450375913476
-0.006526154121553512
-0.012711821160679157
0.12088210243060817
-0.02424263259467782
-0.30831111380937354
-0.3020380674867347
-0.7697681688188333
-0.8257497978470352
0.6311158050405037
-0.824773724859209
0.32154017108437405
0.29930077392332377
0.3833050154662717
0.18818011113894284
-0.9504215083813404
-0.6787335462842393
-0.9898562177195003
-0.34304827206326993
0.3876458174194307
0.9582660026912843
0.9855885000760003
-0.46939945940666644
0.9928622086194006
-0.9570479680753956
-0.20475817777446
0.42561275511537083
0.5590583263780687
-0.3415227620333293
0.6776136528311347
-0.1749712066305659
-0.08582036501448424
-0.2581903479961722
0.985128714086135
-0.30700628326323637
0.3567872220005649
-0.4997590600519353
0.41713874152187075
-0.9469746497521148
0.9523226080411966
0.903718578169231
0.6887080643192813
-0.44534589544566877
-0.8895765533015245
0.29727776016244284
0.8789916947145094
0.8078464860366383
-0.11139834179878678
-0.5850612724485784
0.11521790785051379
-0.26309699825789323
-0.19751391472247626
-0.52097013725156
0.25633353094465994
0.4079647977354851
-0.05278324038083018
0.35723801462061994
0.8801255593274621
0.36797406843576863
-0.6126319323951622
0.19987871126650372
-0.5971102989924908
0.35976507976799926
-0.13734557139924686
0.44274806881869605
0.6467113785096348
-0.9127784447272351
0.4757417425813729
0.5819744866475831
0.6678938257529184
0.7590363706535396
0.6536934038900251
0.13852122612443893
0.5306180549991624
-0.20521394601870308
0.24855427345942074
0.8973423616436587
-0.06657967864678173
0.14395513095991336
0.8226239124190925
0.7199554934305922
0.4262745721878151
-0.23270941785271124
0.4529392672055423
0.46265514601713187
0.46857225095493565
0.9062738479417972
-0.396910394466886
-0.14676571446086348
0.0030835024157727492
-0.5500307248847487
-0.8867264819451499
0.8692780377769106
-0.3981364892029847
0.566355562071657
0.2281554783028864
0.7329537346862874
-0.6384376389630644
-0.39680125898061386
-0.4553456834124094
0.7344441402564984
-0.3983245289020314
-0.20269999293704732
-0.15849800404653527
0.1564258638729155
0.18493673390859414
-0.6016229813618379
0.3403514614648245
-0.08744822477978623
0.054858259495796334
-0.23796391461792438
0.9709968758347031
-0.269844777369395
0.26878148868067675
-0.10711574971541148
-0.24567900948178326
0.3467822031034786
-0.5332097596724162
-0.49024461935646935
0.04651782871795181
-0.22825519599347044
0.7323681119848774
-0.7182759173326999
0.2691985064016046
-0.7832241301757678
-0.869412269728801
0.26444076088055224
0.9465106731228508
0.17894883955369703
-0.8301126460356655
0.8576827943537518
-0.11736398154692874
-0.6725270421657791
0.569819227041808
-0.29791139073822526
-0.8923635476977979
0.4845854137417294
-0.5616295195447087
-0.4427927495227385
-0.2805375800383867
0.2886043011300519
0.2540789974963306
-0.38475930491171345
-0.933864898902438
0.12208281266121324
0.21661043048960443
-0.9150339389436876
0.04776444418372686
0.7043603734916069
0.8983881340575519
-0.33652868965931376
-0.17204339988168
0.32055562408748794
-0.717756482353734
-0.17713490126557652
0.9212896217882067
0.8360450667949928
-0.2088560328390099
0.48867818560935067
-0.7538440054262475
0.9805114448700938
0.41753691861916553
0.16014509763882645
0.7267358428444671
-0.36365745146584716
-0.6737956221564846
-0.8350616243542425
-0.3735556678102514
-0.9942415040079458
0.939506313822257
-0.08336234360325724
-0.005333698482831977
0.8866742450903355
-0.1730339949909409
0.049009330616725855
-0.9808262982110979
-0.19729901775941053
0.9489536945686339
-0.654265725650264
0.879861523454882
0.9802100035348011
0.6571353243182508
0.8097195426372586
0.9848678499766557
-0.18110017650193305
-0.13871514265802917
-0.36694800318805276
0.8461848815865355
-0.2424241782058111
0.8598319411243207
0.21150923183238407
-0.2502832458882063
0.9563000434802187
-0.5580967223444213
-0.9163055740224372
-0.6516624685333359
0.46885905195316646
0.578520673333559
0.6047435520307787
-0.17816664568747184
0.19882437542197695
-0.6679526798459493
0.11963654240615601
0.22690789085542937
-0.1577550070565108
-0.9214628779224715
0.4310553893304968
-0.31404305320725173
0.9671950396631287
-0.5824015553710977
0.5585556860954717
-0.020535052211237134
0.1548760924218593
-0.6210908924212338
0.7938234687723436
0.6973693684895029
-0.3465901044385391
0.026228860756860935
-0.9524293206890423
0.26962097367037907
0.44990562354351693
-0.3566156307132379
-0.06004916145595938
0.3934312543812184
-0.4376541402606128
-0.1605934614090109
-0.44329273198169794
-0.7004960348923739
-0.09050106002043642
-0.28928422772858664
0.31643296775253427
-0.7616355522203861
-0.03710012245622393
-0.12425526013444829
0.6918714804139823
-0.9796277646438257
0.5112038487731999
0.04634609735370251
-0.6801979668989199
0.7635589133134767
-0.2257620637203598
-0.4405633197122234
0.6747199052219833
-0.9337854754215436
-0.32139952564587676
0.2618471244744492
0.04014806071562595
0.6000680414205011
0.4075193591245941
0.6833303652395887
-0.6989700605289759
-0.26295032333805735
-0.9327872501000808
0.6145562515364975
-0.6199262787770689
-0.4370992326477913
0.676023805833842
0.8056193575143409
-0.7934578631505105
-0.6768112218064782
-0.4466615109089531
0.14481926938291154
0.2820018438714127
-0.06022117621651158
-0.3027112655710956
-0.5978897245284706
-0.12055235715852632
0.07468742963912264
-0.5990314450741139
0.3538520028075606
0.4233619713627642
-0.3219037010503298
0.8302528629019896
0.2752117859709557
0.08567338295871453
0.020965167788362986
-0.18881466371217248
-0.9947974928962235
0.3768701340339956
-0.46627932285448226
0.3799556883531755
-0.14978513604851218
-0.0653443524792677
-0.24681991960947258
0.17585443956476535
0.9543242898628034
-0.5935365844889924
0.665831295135308
-0.2749441244425236
0.4740482083625305
0.8745275575629466
-0.7101473574568957
-0.6119248891078167
-0.26201825422466823
-0.5419639022739561
0.3712618066048999
0.161480858705501
-0.5111591155714758
-0.3137056351350756
-0.7356685154921375
0.03560165339685414
-0.065392384616016
0.1325964044331333
0.5457774608406462
-0.13269620686954406
0.9725525296729826
0.0011117462680906016
0.45372271961461863
-0.19670665368683984
-0.8902831730858408
-0.9777573552497895
-0.637190435375253
-0.9011295616313179
0.9980253064333154
0.6077198404293207
0.5653731564563014
-0.7928276725900572
-0.15423925340199918
0.19356725271575065
0.6071498393226734
0.19236969185012887
0.8334188933014922
0.05635823910252698
-0.19048197203758202
0.41843245129781
0.4334315923033993
-0.554964929694849
-0.530847433895041
-0.32189983117967613
-0.41480980102442777
0.9243634937482298
0.8047042469094278
-0.584794924832373
0.9641746785446149
-0.05692847678145159
-0.679927369581309
0.3064239078029143
0.12654933112444525
-0.8247565115493541
0.9546218951407639
0.13790455964860135
-0.4616292847197395
0.043393454773090756
0.9560744959670772
0.14705821489701265
0.639319354302341
-0.8814916113578306
-0.7188581502124717
0.14498658523179936
-0.6040751751461941
0.7721255120048838
0.3850690771970951
0.6922233620303081
-0.04617094457981059
0.4936512181771511
-0.801542230138585
-0.1731934197466287
-0.4292847209429312
-0.68924548231543
0.546489979646652
0.5359893984759606
0.738626271368074
-0.21800080142932765
0.28565178774166466
0.48709108586405614
0.7591028416689496
0.4948813115075699
-0.4105458279156045
-0.9764807857390333
-0.6723343487484378
0.7777188583013289
0.29512576996499024
-0.3000816519064686
0.3923917837941775
-0.667143537815548
0.3091730733762063
-0.6842891787717111
0.052911812407615305
0.8703100997777053
-0.15689580972938294
0.07068446549538814
0.07434733749631034
0.45711404205385475
0.6164190726476796
-0.7933690836602114
-0.3957978943804824
0.7119441798818481
-0.08225287347894533
-0.6784178544396728
0.11366661198831118
0.5459884473252019
-0.7667286716135158
0.8080864630914855
-0.7971683450314606
0.9464787746806577
0.19593603798751622
-0.8409403595300632
0.6841476819586748
0.6346505021688946
-0.5468946761988801
0.7236287103819892
-0.19370615420492815
-0.25243662446031906
0.4140455573794574
-0.28111237384961174
0.8447407021539279
0.5322948832062243
0.8631132423662605
0.31076543274133156
0.30329838658158
0.22220296642611745
0.1485204888115506
0.9440269949782701
-0.04492805511638424
-0.6470499859209017
-0.8839001618860088
0.959705600891521
-0.43387056902702675
0.5923627847198147
0.27828819565589513
-0.9305172804511755
-0.060300820826568624
0.9055105432371627
-0.8423233251101555
0.7200231388134968
0.9552533693839381
0.9400359131816177
-0.3295117021610268
-0.512860704193405
0.03072533962364689
-0.1638243244870123
0.12295639301389519
0.8862766298352658
-0.6568431724074721
-0.1973566968777525
0.37249150766759365
0.7117951028754855
-0.09475020745981115
-0.3191169872674019
0.7997145291854917
-0.42163972942353384
0.738393131713155
0.6654694364261332
-0.9747669255063405
0.5100765824179236
-0.7400025667590464
-0.26544188133969665
-0.29632808799720856
-0.3997882213265466
0.18670745541963923
0.027658521273986485
-0.8489781933778334
0.06319352037750149
0.9979324851055056
-0.4233710953164727
0.5841514127856673
-0.04919341164741583
0.4494349247851297
-0.5686247372559186
-0.8048653198432213
-0.6442576174550811
0.1841267259944194
0.7986126498095713
-0.8409957806838744
-0.7076883689873558
0.08806784181588242
0.11057435821061695
-0.05943353208945012
-0.26385971984443907
-0.41708337080288593
-0.37150542312863244
-0.6151353529684577
0.29971283901688117
-0.8081161773969509
0.24500349522364137
0.3701568728644239
-0.004352620980233771
0.8517310536888854
0.43366797324965317
0.9067074621742558
0.6756827111064704
0.42352040166567534
-0.9186135296510118
-0.6100982341839399
0.4062273543412374
-0.6712174049122696
0.699081582963945
0.1813727943009976
0.7034110562401541
0.9580708745338506
-0.31300772113774133
0.1694765651865751
-0.22527330208698354
0.6535791262694326
-0.04130919636293703
0.09877081051326043
-0.30327541258952323
0.34549356425033567
0.04008056008800382
0.18711409708326712
0.7594749406757874
-0.3431264240048418
-0.0751712274089997
-0.6100386601823146
-0.33088292228890576
-0.5137006966455671
0.08412320239681602
-0.15200431894699293
0.5213832506352727
0.23010917072481923
-0.27091226128292767
-0.5242448869327889
-0.6464286419262872
0.5511158411695084
0.40006970537502834
0.5731888290165992
0.6179182102473123
0.16423896759603965
-0.9675305930180423
0.28466907559375615
-0.29454643181366974
0.5621543591192263
-0.6774379087055394
0.10187969149272393
0.2420326178104356
0.4653308579929542
0.7378304893739803
0.8982148823490402
-0.3240451615144737
-0.3540515407493433
0.8582587759784591
0.9226425907252003
-0.19407838053425464
-0.3900023335802218
0.4732804729560035
-0.22916475096646963
0.08466712362883791
0.3381645838380812
-0.030307328079831174
0.8678168090740996
0.6895970809440831
0.3020895450196863
-0.7225651977081522
0.489346125007374
-0.395131099496193
-0.32654162746674265
0.07218628492851369
-0.5146249487315578
0.4061969884648722
0.7575678775659889
-0.15804641571880973
0.0676556300898872
-0.42625670757524703
-0.6917269450209347
0.9194020069253359
-0.3651473914622113
-0.4948184999044155
-0.06748217134380267
0.43076196373075215
0.08176618618284254
-0.9237629191591324
0.7616347076854284
0.7393292743184184
0.014524637279436628
0.066224579764377
0.054970091678211534
-0.6487293579637552
0.3236515406062303
0.6873626817903558
0.9304483935719271
-0.7671923124306713
0.962038872306976
-0.42144514336858396
-0.3381534298429144
0.6543910166925532
0.4569852644855285
0.3489243485278928
0.05498505618068746
-0.2565034414661692
-0.5946129405413472
-0.08898163006548754
0.3976246877795198
-0.40796483568702424
-0.4074324835998968
-0.1760550856972266
-0.7896544243802396
-0.2101051881042907
-0.2697832488797164
0.9594280413215308
0.8475507998592702
-0.6466471068026567
-0.42252463257946404
-0.8833613486774905
0.7307513216042322
-0.385720104960812
-0.1327032412472131
0.7018727692921582
0.9136305948367267
-0.39894720803386485
-0.20458553517717792
-0.5020228106219056
0.7204275516147133
-0.8189944024984407
0.495211632926017
-0.23176969502367697
-0.8007649817558058
-0.5112005785134333
-0.21594933797548146
0.5912329984403734
0.1466175354131295
0.07110665708636292
0.9838947724298401
0.9677672758447197
0.3869980343550578
-0.2528734472250613
0.5439484330241842
0.6557781055048802
-0.5719968611583771
0.1387253448936379
-0.4810505575936743
0.8538740891114537
0.02522780208985867
0.5128200170682707
-0.5164282590786404
0.9493447120882206
-0.955368583835009
-0.021718129042745022
-0.8961389351672107
0.06927505264507762
0.9136343591449472
-0.5987686955134593
0.9472697030069364
-0.068549197669046
-0.32281026916695954
0.28059383987943154
0.01889554902167907
0.8603073600206813
0.803215093551784
0.6824974978826303
-0.7505590046456617
0.4357754297319257
0.3822770192401226
0.9468340192280743
0.3796266401144012
0.7810093270163191
0.9338226036434363
-0.49062015968759987
0.5900364134325399
0.6263706570814186
0.12160223273627738
-0.8998549383937097
-0.5531631596710984
0.6249863219641921
0.9025642345386691
0.3038723040880935
-0.33974790016240153
-0.7799345318620698
-0.49882728110629393
0.10043625993130305
0.6191371568366241
-0.921052462375378
0.05889945641662071
-0.36614481919096104
-0.33715021720653265
-0.6823256985372214
-0.25388135496804914
0.8245538829016462
0.12558852021474745
-0.5066062155932578
0.07985287379363294
0.4127801628513541
-0.8866362901070639
0.414717248519871
-0.9651964257862379
0.6014867357780243
-0.258261534587273
-0.9222792820723934
-0.7401524220915799
-0.6367584419142733
0.3790100614831484
0.08343345010512196
0.7702187881417454
0.3518812999554818
-0.006895240026734658
0.30905263692019996
-0.8692076145541219
0.21633791156610707
0.3138060579653462
0.41040792773099344
0.31823808705746254
0.2699177218457
0.7266850144039854
0.35795625887157256
0.9384333074556614
-0.9614132464700493
0.32272039809100583
-0.5787275937184295
-0.42100928513960245
-0.6158855109901262
0.7550755539214591
0.7698273342849431
-0.6511755767484578
-0.6657583699180594
-0.04844619841670517
0.8619660325759183
-0.5275084333480001
0.6733101455772414
0.8240428857746456
0.26592360922233066
-0.43660467462578595
0.4784354767665987
-0.40590456085217974
-0.8806780521650933
0.9607526928123115
-0.9536961475332989
-0.30658221501018373
-0.6482580965604205
0.13085627752948953
0.5172689902691333
0.3834294379512623
0.2387069693689344
0.7621727790077847
-0.12557185745897137
0.14994849613749603
-0.5500150722256884
0.0449689524352823
0.26466539324039945
-0.31283431393499683
-0.1481189772359156
-0.32403160105331835
-0.1494452522862857
0.7011811756253439
0.18989258185553098
-0.6515066991205779
-0.2062260850973909
-0.5136593141837134
-0.9876690652462213
0.5807808909944858
-0.45834558323674535
0.3778794947671023
-0.5207080238137457
-0.5688817389290816
-0.023906101755044144
0.3375461188365818
0.5378535340046391
-0.5036320122166544
-0.2805646474464065
0.7292454815766602
0.41389595489726805
-0.12270105661495453
0.7612996675843008
0.70884632882531
-0.6179021888802274
-0.4604932741253029
0.15112659352656266
-0.038050828797459635
0.4512307699471284
-0.5996493031871344
-0.16831273901290247
0.01150900235187291
0.7209984348177464
0.39360274821796204
-0.10335052500118357
-0.9830476977767972
0.5367250551820233
0.6186174460553673
0.7387840509870273
-0.38153811322293085
0.6371156009366142
-0.9163510504735055
0.4327460998817215
-0.9901642784901987
-0.5297647524019258
-0.19922888819834111
0.6965219640494911
0.8279230693431479
0.8368112653624986
0.06201820533965021
0.3986271962383052
-0.25830176629557283
-0.5685445296943706
-0.2405953015893502
-0.9872857335167945
-0.9799301631830544
-0.43039757863280564
-0.5498458199916322
0.4331156098713563
0.18449132963217335
0.22759406833470355
0.9905771513130515
0.6299217592700318
-0.30592671694866225
0.7574364578816153
-0.3212140483240464
0.5043633341047484
0.7861256474315197
0.9670688119562674
0.07392312926545895
-0.22364257106582905
-0.8537203858967287
0.8851529300721217
-0.26045361954504087
0.478588089486738
0.6743352866831098
-0.5025128506720049
0.02286642324299328
0.9663990370344954
0.3003200442452882
0.4586983608706523
0.3326586693979189
0.9240506418652854
0.48293916563402634
-0.8614675196356925
0.4450762562834771
-0.20333077825490298
-0.5619572109080254
-0.6563817941942082
-0.5429088758657038
-0.3749740358688107
-0.15103576329305968
-0.6436162149135016
0.656134964878536
0.7286995950271746
-0.6146069011878534
-0.15030176115102972
-0.8885399303387718
-0.6060108658115679
-0.6303972181124252
-0.8756726853664356
-0.3072039914811198
0.3450829837347349
0.976263232744456
0.7580691291008712
-0.7525733988093226
-0.34738964555502616
0.7503328794465627
0.5857913787162651
-0.9545142355593296
-0.693615129274678
-0.4471691480777629
0.4374961404966675
-0.7493972280855133
-0.2363844498432735
0.06367163162543127
0.5004045544188506
0.7107842408284603
-0.6602107984669843
0.4059149384016956
-0.032912101570714614
0.9655653248057484
0.8794312296760431
0.2725066979121674
0.1910924364557019
-0.28038746069828224
0.4578892479895568
0.3956534762653006
-0.9825567373982337
0.576583645370553
0.3409023456928405
0.6124020008926406
0.6192177277179288
-0.9652434024770322
0.00596754787428659
-0.9622991426682467
0.6028519312016538
-0.4936770615581624
0.011434627323933973
0.8611994813613337
-0.7604076460622563
0.8096242042438251
0.6052128636379084
-0.7107715724053906
-0.12713395902260066
0.7734263422670403
0.6081908071832097
-0.5848151480132445
0.8755685887826565
0.6017093299175384
-0.06133116162118087
-0.9370680225876835
0.9843650126611899
-0.6523762028944061
0.2912674134939655
0.9416558111403736
0.6816425039657473
0.2048586824186032
-0.7918225363360332
0.5507281250972099
0.6780962878285316
-0.04937901669173706
0.8191900322821077
0.4090513612036577
0.04503657293577008
-0.0757250784032155
0.3557795874288004
0.25677415006217785
0.31357602433071385
-0.7221271108793603
0.07272912237078903
0.37090230349599823
0.45677777664859065
-0.7829232010776431
0.2832607022131242
0.8720232921117421
0.7520766693589782
0.4414906017094683
-0.4821740286813063
0.3483562736665214
0.4957096636688446
0.733624053310388
-0.44785396176299136
-0.8669556106393655
0.2728854507683016
-0.5576419619873421
-0.44049579255867244
0.0447754738369405
0.9507277941534004
-0.11703881182151891
0.3595671509283377
0.4965523580040855
-0.8876971150820001
-0.6938018140705028
0.21561253667453792
-0.24696691860103115
0.8342176489523256
-0.054742994646030475
0.6415852059160625
0.6592368803039922
0.18331926004919105
0.9062978881965617
-0.0048875010239490075
-0.8387572863163333
0.625067282024376
-0.14294808463554642
-0.9139570010296518
0.6199349947503278
0.2605694939987971
0.1924379887465271
-0.4898788118509322
0.2137098805645756
0.6046072934348644
0.5246042407270516
0.7565891017624139
0.599126039499659
-0.9701548500450435
0.7465747285205769
-0.4772260666626262
0.20988785827415082
0.5199875804485289
-0.7867945092004375
0.7983107034150132
0.7044200463139559
-0.7174785080709607
0.021816950299166582
0.7679413451737277
0.9351570712577933
-0.9724870177657011
-0.7734035944942097
0.9425110081179902
-0.1302687606516997
-0.6123894675224624
0.4293081972679438
-0.03887334306237355
0.1683850886380564
0.447736262788234
-0.2938764272427517
-0.5077585982749285
0.9022781579666697
0.5837781313518402
-0.8816163746604626
-0.48958703603437737
0.6457920449717882
0.8197495622764971
0.8704504419072562
-0.8090327789755233
-0.6804385561760455
0.6526534985623866
0.8614499582877585
0.8712327893054176
-0.4671500360645146
-0.9604049073409103
-0.6741510799181304
0.2718271206636438
0.3203851632464153
0.031848891509225916
-0.29644418240380066
-0.6625672517090475
0.4404497555350574
-0.16596088894775765
0.29958204138860445
-0.2376360410735243
0.03292549294057573
0.9401568470625388
0.7556761470983043
0.29825708765310055
-0.8199959889917601
0.4025288731975242
-0.09413024762479172
0.30499351225431337
-0.9855588752461565
-0.31151833655263517
0.2642350859221821
-0.9530845236418971
0.4471571946988923
0.4327081049500969
0.09800041110334982
0.3855767275649209
-0.39552013190201935
0.46790782048481766
0.40243574148057737
0.0697003567267115
-0.45320810163466047
0.4381194291846784
-0.8782046258725245
0.42812931697310147
-0.13841614908378624
-0.9910549941681405
0.3803846587052657
0.0891639746765963
-0.35805188030624596
0.342766271428065
-0.9724712806447383
0.4620936727610484
0.16684164479071287
0.47734222437989154
0.9453426314507198
0.34990298424243327
-0.48646299922624275
-0.7072058114249705
-0.6267423507747157
-0.09029682770839172
-0.05531244179980154
0.9786593663943475
0.09126386166894093
-0.8527133267370884
-0.8867668408458704
0.09346899552652856
0.47618611658170595
0.300320365710152
0.7402716034405564
-0.12864304810867785
-0.9308928036139599
-0.1513242342235201
-0.3402658135659361
0.6096086349478796
-0.8700562242480868
-0.19660190614775705
0.5723563608838576
-0.8427503701547222
-0.7333284554478513
-0.4890094303774138
-0.5558504982816328
0.023180000717434722
-0.5894980581588843
-0.8445896314181974
-0.10233653506622009
0.9538674066042431
-0.36397102825867433
0.3513788802230595
0.17769237176072675
-0.13832460996852458
0.4520520247982716
0.3851153519191085
-0.6754556627517416
-0.9131261924915856
-0.37399948834992736
0.18113064183280636
0.21856579004492552
0.037671058307087904
-0.9586771622210957
-0.6333272117526467
0.26357898633686255
-0.5046116902798555
0.2799965966443472
-0.21768779074126907
0.1780159422506368
0.18520818493837188
0.10380880435338888
0.20504521619361984
-0.11064507038912273
-0.6033036039610848
0.4442920786696295
0.038486982542040256
0.7611505777298478
0.16850560786404567
-0.2011755583195869
0.33256895606265113
0.2986550626837679
-0.7153381159261173
0.19645072371033392
-0.2638949119261738
-0.11169532721694753
-0.31367903629926897
0.75798493004742
0.013430377621870469
0.8177074313596108
-0.9100288772389623
0.04768752979858393
-0.8171168790695202
-0.1872598330778161
-0.04118347754608289
-0.3120986916880414
0.4081495204963551
-0.20338463441685117
0.22296315341927544
0.6204779947788551
-0.7357495888967729
0.33316280478012267
0.5096451599079215
-0.20833962489939123
0.08806181888139152
0.6553149679811979
0.6334571251854294
-0.1090820895136913
0.10162054600228605
0.916247532531562
-0.6716053026818953
0.2736175577925371
-0.6626516999800587
0.6563591767907823
0.7236640046084727
-0.8565006916474507
0.6681513700698984
-0.32903592812357246
0.659780828898973
0.8409875587891396
-0.18562031792418218
-0.8353870558325587
-0.6451717214633222
0.0061385101095210535
-0.724743316934331
-0.19682288424242858
0.9527195335584772
-0.38516515898140374
0.10522722723165076
0.21530372423130334
-0.6293266725655563
-0.01169345620348715
-0.7331674466039764
-0.3624062235923126
-0.11898856192245592
-0.007352980304426517
-0.10278788832778384
0.9716321054544347
-0.13213927668889558
-0.9252786972770941
-0.04030196125805968
0.9820216450139578
0.5070191223367285
-0.6380465415504484
0.5835725001191499
0.8473549091227095
-0.3671110868070685
0.8043533145495922
0.6795637381278262
0.5508129020384759
0.5748961067442676
-0.3587803082153518
0.2664560572571169
0.6887290644714444
-0.018614907730420915
-0.9424579623928211
0.27676968979550576
-0.2971227293808455
0.3686049676825505
-0.24908497148649553
0.7450144001642655
-0.4408615291107915
0.0035670264029589766
-0.7257228309329024
-0.8123372349032143
0.7388913893707867
-0.5853519680893808
0.3852986685970156
0.2951748407237309
0.9784520838354338
0.9484837552517172
-0.6004325259390146
-0.42455016052160083
0.3763331746640095
0.1576175338192022
-0.2611858973932035
0.7962542273340492
0.3469176972140051
-0.810129467888723
-0.830487432868884
-0.6740933489315848
-0.027958119993065234
-0.18166452947814973
0.6033369402932757
-0.7803070454173018
-0.11420499048818826
0.28197362220327615
-0.18709361488881646
-0.7700719337049953
0.02616961220596968
0.7055210529096219
-0.47472480848188625
0.5910776972304207
0.3410634699601062
-0.3869021953003114
0.6789860483351684
-0.9430851506033117
0.7768840208205445
-0.8150261996169202
0.34048144633886235
0.26741781844689755
-0.4069002325518469
0.8333161805566569
0.3136226454555815
0.2918759905971273
-0.8376830500176613
0.13396655479473327
0.550151603267803
-0.7801486170144468
0.41281781370282505
-0.7498521675080833
-0.8384061579524175
-0.380291038360634
-0.19711013531736163
-0.9702319065581979
0.10023758224310832
0.5959213613847546
-0.9235572316931073
-0.053731605941078446
-0.1194772585688244
-0.24722284153888638
-0.7222967659995999
-0.9280736016434757
0.3246749228642286
-0.29383635564501526
-0.2128844233599193
-0.9245595249816861
-0.48584969863079897
0.4159934229714636
0.43763321101652847
0.7394981930393123
0.3706413917742427
-0.5112314209394224
-0.9285761494610922
-0.5900247004754945
0.8659236174910371
-0.2097999340849681
0.15019861368363233
0.8492734381623913
0.8107102527128496
0.07380932707490304
0.9004665459665656
0.5540226778408981
0.8758732373177681
0.3077264794840957
0.3893765767563375
0.8619407446962013
-0.19950601489684083
0.8215033887797349
-0.07436405155735162
-0.18189919941713587
-0.18568270658469885
0.92335750052545
-0.06886764485510967
-0.9662008163730593
-0.37361902903783895
-0.7753909776344565
-0.8282103807292106
0.6384205705539031
0.6497380129802072
-0.8734872752560722
-0.9936541244418399
-0.29777169569164164
0.49323214242374713
0.4395007356736777
0.9751978975869746
-0.38888515438210947
0.3161311004803791
-0.5003878328107619
-0.04787088381187215
0.13635337915261928
0.06487184966271843
0.08637671825964988
-0.03701747107220362
0.2770863979285001
0.16593144788923056
0.47537192500303455
-0.5560057732936308
-0.14362307536508553
0.706272922750262
0.8791714772090837
-0.10632269640036289
-0.5794786012057239
0.630019318362834
-0.5388604420616615
0.4915358178884639
-0.8442575780654739
0.561688926613655
-0.8303568067581136
-0.43446208389799595
0.7183911273251403
0.7709619978143578
0.3100348480450099
-0.2818359044817281
0.9714770563290976
0.526301598269925
-0.7212127636682447
0.6257844356375445
-0.6967303966694118
-0.5918961296046638
-0.4460153001527863
-0.2221901051700252
0.702551273917292
-0.5574933201931743
0.9979169935794615
0.8662313822222965
-0.48687963050613253
0.5253191096305833
0.8730766109258773
-0.9628998000490817
0.4411435085516939
0.11009541003206634
-0.4135773808740286
0.40297448996198865
-0.6014137300130359
0.37666414963673095
-0.09631275359854351
0.03955529286710921
0.24279731342514266
-0.2556441756121832
-0.07319005608346747
-0.49109630723527314
-0.49489883418530517
-0.4343353261985371
-0.4790346443512122
0.9008342294179735
0.723696578825225
0.3511665194674496
0.795628153433087
-0.0673204111608014
-0.17008608937780936
-0.10088122106397818
-0.009013930442304025
0.3225193986972682
0.9781129626079755
-0.020978067159270104
0.30210003582061107
0.3590352946363149
-0.9470146316452206
0.5457958938818683
0.46240975298568415
-0.0037209886260835645
0.39599664808405677
0.9664536286537619
-0.40933357290007766
0.004054468896897004
0.516642298039731
-0.6379685571551286
-0.7487786607636114
-0.5362553095737813
0.7712627726943492
0.07069090160795934
-0.21658355856213934
0.5952466732256398
-0.7177503010415528
-0.18776364023484643
-0.35346555932795903
0.6405782541958138
0.19055600817917626
0.8881623483016797
-0.5683406076197987
0.9492364320853593
-0.5104151543380455
-0.9947253945293039
-0.4077169217119475
-0.8391939647199017
-0.034231600028118044
0.27847510294644945
-0.4266641203738475
0.12051290566867237
0.2684069400121065
-0.02954839951665978
-0.8834989498893546
0.2209666270246924
-0.6215989245888405
0.09115397002035949
0.7323344044995972
0.9399499139648649
-0.9204767292759677
-0.21282858377019817
-0.6316346100063526
0.30394440305924436
-0.727039585296769
0.2885180245731483
-0.09812966394013614
-0.6399904208195722
0.8902028194814325
-0.5270936130097121
-0.21885461781144372
0.7285435578499826
0.42207512583695034
0.2060563115830387
0.5913300187921288
0.07165119122274526
0.4472635286838433
-0.3559838504231275
0.8932793691944055
0.8751759711757028
0.16649571747964
-0.5507083165687856
-0.8992708562466648
0.14986176069388601
0.7422800760240363
0.13178092469206193
0.6502553629833143
0.05057055982377719
0.13492855024299155
-0.8243879697581193
-0.7378907499952612
0.29615477930049905
-0.38579850063103777
0.3348253574776351
0.7477631468635112
-0.7057932235767551
-0.7203126778411675
-0.40695199772943413
0.02057053527316657
0.7504782633779989
-0.23638179482686592
0.5645492957474861
0.4823016970291572
0.14426949214679735
-0.03061437421539879
-0.7364687248444415
0.04451969215048488
0.9471024114589544
-0.1365810519788489
-0.19769847263279078
-0.4627913852270748
0.14488001992879965
0.11599888024179932
0.26079783357753805
0.5321747179771064
0.5515556239020887
0.9883779214608522
0.345040075916622
-0.13804084802986324
-0.43082659633425635
0.6086995164551402
0.9314029918081901
0.2808832353666697
0.6700202519594376
0.1662012049366427
-0.430423029412485
-0.3366319273157302
-0.6763473439594799
-0.06372766561762444
0.43912421845758143
0.7881701021613221
-0.4965954167511229
-0.3903977136954446
-0.7268613388965407
0.09891930380098042
0.3736577129485141
0.1892451133667584
-0.6219917232077568
0.4007098349763306
0.15099222312320143
-0.26909476027141926
0.6893612137745337
-0.7245684400969647
-0.08203763375011322
-0.04265471001055393
0.7146268611773637
0.1631044513175424
0.3865909498353043
-0.9597870795429656
-0.6204161167374195
-0.20725918325520148
-0.7290584626110733
-0.9681209132252785
0.00097331990497651
-0.5729925458437861
0.15295774747932267
-0.12005453964436055
0.4202164146067125
0.8769400058806884
-0.3342881044693686
0.17642882840284393
-0.2933849280331809
-0.0008954459785239314
-0.3796813265052093
0.6819076490683293
-0.5352796086444109
-0.5499252231103449
0.2856792366632966
-0.7844749209873826
0.2116646506037359
-0.6089335340275145
-0.9469887469129905
-0.3135243860791205
-0.48786318169248577
-0.26099650847610123
-0.6350378055289235
-0.7862536003478084
-0.6790384238329202
-0.60216072718689
-0.2401896928708061
0.30135543438175905
-0.5845424341687416
-0.5857679230974144
-0.6160854324476479
-0.5615998424627241
0.5847237399245653
0.8458002865405679
-0.5036735323833276
-0.8863797669102039
-0.8456629181763455
0.051797498701517626
0.6648955387135409
0.7782728126322815
0.8430848730459773
-0.8964419678808536
0.16350320588295555
-0.5385770011600783
-0.7406672482550533
-0.3092277944168956
-0.18126475830866373
0.19217375850456214
-0.31818274455226736
0.1731179882861176
-0.5344182569162476
-0.5969005452172939
0.523350264086934
-0.008140810804729524
0.23274851101336
0.0757045733656851
-0.5785735857885107
-0.36214536944083286
-0.7383375935725978
0.9447444963898012
0.170076481847444
-0.6716055729110197
-0.13574093384578897
-0.20314501221940198
-0.6652388268373491
-0.5628618815855548
0.19391977201378824
0.5301972098469532
-0.9068603799088548
0.4550636283680522
0.7769533441068592
0.9542491677321604
0.20814249042562596
-0.30191273915287115
-0.7853167794919073
-0.7770344065798649
-0.4885353034949834
0.28075001136772465
0.057786496209344625
-0.7007796548696764
-0.2923024421490003
0.5867714587064515
0.2205736141424367
0.48036870410438004
-0.962461277504994
0.16745166691566166
0.8472288090917084
0.41429004275374465
0.461296142083196
0.5288609166723869
-0.6388833393141287
0.8198562222671217
-0.8836787142087664
0.6775950191276371
0.173093295929121
-0.09633391549510056
-0.1862000587672497
-0.613456015228509
0.7379986733303316
0.45896938193485
-0.9984681729483437
0.9757392466285473
0.24161662451619592
-0.46372880369760117
0.5824135425283792
0.662814298348442
0.5504803707665056
-0.2036610682140794
0.012782194720734115
0.6103111126868099
0.10833659620827703
0.6747505313225022
0.24417401833258712
0.20227848968016604
0.5981229353166816
-0.9549806049106412
-0.5773220517328254
0.33023276371107385
0.3936926542308133
0.6686883402204302
-0.1702771601046255
0.7580051188797292
0.7402421964040167
0.9033002919289289
-0.9442656658276027
-0.5854820235830539
-0.1486796526158683
-0.4130304940934999
-0.34032099400336835
-0.6826578989294596
-0.5785468818095053
0.3861087511915981
0.749204163101694
-0.7031027567520207
-0.9751998117703067
-0.4696765846709016
0.8377468499013427
-0.8211381077572956
-0.7460432303831559
0.039108526538571664
0.17503310492054885
0.7900080152337489
-0.13052734255192158
0.03254464787458384
-0.5922212930691968
-0.4398352055891588
0.3551162719063877
0.23634021439834405
0.2449571633121229
-0.26007129685544145
0.2831722949733235
-0.3190044748395279
0.4820834511049413
0.9982667311008678
0.22726413896611578
0.5613393116649038
0.5535839250744368
-0.22524349247552664
-0.9323492347259072
-0.7722754219770419
-0.5152460541201268
0.44996620531401677
-0.6087807413133832
0.45699185954008487
0.8432352683979396
-0.2981415785443112
-0.412158153712279
-0.9065524111255617
0.1092661201073271
-0.5842089016523057
-0.9409712339919958
-0.5323685799543955
-0.6156916164875461
0.6415536071787324
-0.2778393166124357
-0.6103190922968716
0.7559734844729916
0.41247067124911174
-0.626941525293995
0.785124746592806
0.4223116044498751
-0.352683486547891
0.3431591981129343
0.7513689166762457
0.7328572590609258
-0.07312358286878232
-0.6068244404872298
0.08436025151622578
0.4012141896804467
-0.4287448177177653
0.18149676954875252
0.9398745527879545
-0.4100848590568426
-0.7018168132180975
0.5952481325412825
0.2954038738520152
-0.7943147210007329
-0.7671236753258915
-0.3234006557565704
0.8318102136213578
-0.6355736071467574
-0.3227121121437466
0.2402513678065894
0.2914344971862358
0.21429786670644957
0.3961519839528919
0.6251488502231983
0.0885639032475752
0.8917306634898512
-0.847121198771239
-0.5783334879526215
0.7883995590364598
0.8448917126481247
0.9495717688798059
0.34695457319334716
-0.549932297445541
-0.04912117044685011
0.7398309270770906
-0.08101135364321303
0.4642766492106432
0.05823575095825745
-0.12202870750434926
-0.6150114070636455
0.058036075264928454
-0.9740592209155401
0.8007556355966368
0.9359740095167743
0.11699398089425567
0.4750341675464159
-0.397597113591996
0.8729889339241323
-0.615830240790526
-0.213218353564556
0.48747075458559586
0.569048388981212
0.9066003320814413
-0.5068583834060326
-0.4549799984179625
0.9641173945048883
-0.45590611879768467
-0.6002181028326284
0.928536493744956
0.12924889504151246
0.9559954610143028
0.12543189677766345
-0.8040362158638322
0.4956419911864532
0.9708767948284218
0.29914805307427444
-0.9012788900142729
-0.3976084634666525
0.07900695738497084
-0.7078157927224541
-0.9127660909103458
0.05218382165883916
0.6053287094191875
-0.3332098846957715
0.3424954703980755
0.8190626179408108
0.9470693817588831
0.9255256870987502
-0.701407851166726
-0.10829147768241967
-0.698545643647076
-0.5032675582306154
0.7192605127461141
-0.9826663573156924
-0.7416982713019535
-0.07255357090154493
0.36522093672077816
0.69422614149127
0.9053389185564942
-0.17657573175228772
0.0817112716528575
-0.8153484526467216
-0.25838119734895465
-0.13979352410292195
-0.8089938536350335
-0.23872540442165352
-0.23391295566807074
-0.1549130787903352
0.2760128718795097
0.22248430041177555
-0.16095583821237044
0.3170135553619597
0.7464648170108112
0.023416741712388292
0.014029341371110742
0.1321143991139914
-0.9306196996886017
-0.9224762526139497
0.0883120485701961
-0.11294939345435707
0.6208304532812474
0.14558220870520922
-0.37441479567487507
-0.4812637560017154
-0.7451984856589147
-0.9920750368591151
0.29891435185425635
0.8127940528618768
-0.04967068618736805
0.13020417291742464
0.8693289186521825
-0.06320293785670164
-0.25761581292110125
-0.9436247500597339
0.12990538127862544
-0.054506891976550745
0.9308193642826456
0.2743492667875451
-0.48498455556512704
0.5224694845459965
-0.6648385290726406
-0.503455358978101
0.17370347006830425
-0.03684143752460533
-0.11417733943395282
0.25709962488118715
-0.24530360572550677
-0.8281309631115443
-0.9834630443629062
-0.7681212385051471
0.33135621808662025
-0.7057921363958304
-0.7747424025933587
0.5383165547506297
0.18196361552842694
0.022854118692605164
0.7667572774268615
-0.36777238144668334
-0.23813313599406477
-0.8713620442929931
-0.054722788546859656
-0.4535352008836356
0.5119335007524151
0.40955135769181544
0.7870255998836275
-0.13648691975211097
0.9490643069996454
-0.9833277295572037
-0.09734041887967981
0.707443545092437
0.4700165396537651
0.5726502937446827
0.4752191601181391
-0.4797616761603704
-0.6444602300869371
-0.4165807230339046
0.8185086470149764
-0.08993625779387016
-0.7455132374027503
-0.285494724506183
0.029816191261094242
-0.9311888725710645
-0.9997350502858117
-0.6329274724308631
0.9658291273595834
0.3212205734838162
-0.44184107738511846
-0.9137525045518681
-0.18858442666335695
0.33794832901830885
-0.28208690390349817
0.5745484868685493
-0.8876271243972567
-0.7058150878720201
-0.8436073640794107
-0.9067888644283879
0.7019785622852986
0.5075545460494097
0.19225293168139743
-0.9225990574207178
-0.8049737133344997
0.21143262547232933
-0.05530396728764512
0.17334082875075904
0.3627953447615188
-0.00274066335248072
-0.7398617814195367
0.48589277601513936
0.6171991766393772
0.9536198466670222
-0.019189040075835093
-0.16626601710391972
-0.9101713966639168
-0.3331993164435853
-0.8431145221131565
0.845972313166373
-0.5265029022200973
-0.3501799284372801
-0.6392790344820783
0.4616476305707124
-0.11546313484400864
-0.5092172016322661
0.8959848592954177
0.16485018864720222
-0.33387758606554824
0.2868561297844584
0.7208513560342491
-0.46248070761847254
-0.0618256767476877
-0.5438618469100446
-0.5170311136540479
-0.4692901234276157
-0.30988226536893126
-0.5211019504382417
0.5049526991892318
0.045206028082196724
-0.6268607656638243
0.7258206534720937
-0.20500872436369297
0.13957344682133035
-0.32944993968564956
-0.2521627514616693
-0.9399520899954804
-0.6104938475654845
0.06263786874792988
-0.7995637199217197
0.6566372179206778
-0.5192887232716628
0.08170044608064889
-0.06767086857026566
-0.10845894226880504
-0.6508384787465735
0.2705223385752633
0.25769093754125394
0.6755588451666393
-0.3817516699449016
-0.3488938964997973
-0.6238123957092352
-0.599866120340258
-0.6129084501508667
0.4255573764005757
0.8898793110565454
0.3007283083634236
0.35805540857519946
-0.8634235713480922
-0.8591461473605992
0.3374030292040714
-0.39150452227633126
0.9255026727892718
0.6794154266297159
-0.6387550625364782
-0.32324474141494075
0.351356093212034
-0.8766535254233195
-0.7425742034511302
-0.7201326995746625
-0.24549997161233325
-0.17765831674996513
-0.55960741229434
-0.8987969772250579
-0.7273674608642935
-0.5245781383812089
-0.5598393181350634
0.6125833447893547
0.46473302628892477
0.206216485498014
-0.8736448789548664
0.5694379739515216
-0.5284435884630637
0.7338023014107262
0.8837207218295294
0.9967959016872697
0.6420512476343994
-0.5023014711879984
0.44583938174874843
-0.2947483739083121
-0.934666012819905
-0.9724654514761562
0.03835000443331626
0.42643830335751953
0.6842464611140207
0.7670312335821017
-0.22155177609348284
-0.1549625024920774
0.8264496695436012
-0.242620561484108
-0.793065286210465
0.12678702915378667
0.7080186046269874
0.5904365935224193
0.89091398442911
-0.836736930652553
0.07609455974504349
-0.23121337576262502
-0.8062889563109857
0.5490798308460838
0.03909037134056572
0.21279637632202497
-0.18755584490259633
-0.8697904287006569
-0.8628817461722349
-0.7806989692120321
0.7287249326876272
0.9197730384631074
-0.2733996094286083
0.1773828809086506
0.19948857269335782
-0.422800159751363
0.36637867925677353
0.45850012269230467
-0.6700497656824465
-0.09216375926596766
0.10358414360567693
0.9243740099730846
-0.7352649622899934
0.37186269538912337
0.39161488408712547
-0.24569679795586405
-0.9384083706970591
0.37561871174579237
-0.12951344313924915
-0.34641560030479507
-0.8505784350512595
0.8816266758451541
0.6240849077861614
0.07477951381042118
0.48109016747756234
-0.3367801397553996
0.23774380268886305
0.9526215727249994
0.10698100063755328
0.3437499151554616
-0.1709401421015638
-0.2244399838388407
-0.37795029174520367
-0.14846745880740064
0.4537360691049794
-0.7508466597574487
0.16765529023100456
0.17545815034014464
0.9197416733705318
0.7282229047666615
-0.8260579738621651
-0.30470942751676877
-0.8519873315597446
-0.4035591606789462
-0.5061366564300138
-0.5026278460745325
-0.5315590982219858
0.07940361738204472
0.192332985695672
-0.7046034530197207
0.967327039339927
0.07275253929181598
0.7896174888915598
0.4277579818407033
-0.04531590229466911
0.5964429421018248
-0.07882432373862658
-0.35342247589232034
-0.1204639405411235
-0.013844585121381465
-0.3112998386752099
-0.2045687046389066
0.46299028486008764
0.8187204060359335
0.879222272983133
0.8938451664232646
0.9978101581774054
-0.5217979761522156
-0.3533496801914859
0.7978434266575617
-0.2782361270121155
-0.10139235513416352
0.05377812512105864
-0.09107464511702454
0.8506975298421446
-0.5450035647599435
-0.2365513970805818
-0.5744402864461479
0.7721742994054357
0.92450049796699
0.7950787788851121
0.30351902234346
0.5593870070020341
-0.4744369287825005
-0.17675721074838066
-0.4087145566791197
0.5279658853587704
-0.08062139965115214
-0.9128130395619083
0.26314804883231796
-0.1148447332332827
0.36045829834765497
-0.9889218486808212
0.025312239493854607
-0.6101947446544098
-0.504227877938759
0.16491136289111205
-0.5306729676219156
0.2644779971190811
-0.8539418966872804
0.02607408748955866
0.4232444872094483
0.03035685751132939
0.46794529911783994
0.6140762248055218
-0.688364961200928
-0.29644044803875336
0.3998373607244995
-0.6292765140726077
0.6740133756346648
0.12767378094276663
-0.6180095360820889
-0.7737629937396114
-0.6389458769362463
-0.9286179672910495
0.8734453171760689
0.061525742528674626
-0.436131779142646
0.8960109996005516
-0.2169873884376992
-0.3461687290889507
0.7735190731333454
-0.7676258230807881
-0.784340668176643
-0.7282963568704927
-0.8905994374671069
0.20587841877210983
-0.46340961325032215
0.11487067381606618
-0.6957809112352505
0.44292151335365837
-0.24703800521865846
-0.1565829260696459
0.8277798916287523
-0.43594387140208685
-0.677243650811407
0.727087932554156
-0.6426148811402913
-0.548921615667615
-0.6330736851699372
-0.6231371751017292
-0.9465347929018116
-0.6823142095493401
-0.3913076955461774
-0.7731643736882461
0.6910595994062113
-0.7877924469995667
0.7586279629359632
0.8748134747792506
-0.9600664919954737
-0.14587848305774534
0.2695258274181796
0.7983770621986058
0.2593596866133791
0.0664296943809986
-0.2199869112878582
-0.04049713210138061
-0.4609116934740671
-0.84438589331154
0.22826946577791346
-0.5826719298609848
0.46028206149016815
-0.010129398835767354
-0.24375968630262781
-0.7689449334255997
-0.8193530458750543
0.3964265884473306
-0.38591094717478835
0.7172725962014492
-0.0648517719659597
0.19734279638033428
0.2777213257170777
-0.3821905848377991
0.8910321345526789
0.8749484065135071
0.0640482007548684
-0.5931729611210018
-0.02557993585175272
0.15519929555014206
-0.9076121636224552
0.7186589750856118
-0.6221109966881581
-0.09981096685408641
0.5363647201596111
-0.6067416256616365
-0.8553188298051703
0.9245568140422946
-0.3892163483258929
0.8958432651476779
0.5483224408527549
-0.28402789116557453
0.5279855827428378
-0.20505470888520047
0.0199650921079602
-0.15780148138782082
0.6679130627104908
0.08143041049350018
0.13152381531212906
0.7386293300138838
-0.1000846160011489
0.5813362407577698
0.2598892537956993
0.7974694999298125
-0.3275911493559946
0.8910283067502771
-0.7746250900666335
-0.22681265123791772
0.22642718229666026
-0.5291183383689954
-0.4853434097029128
-0.6952565052518779
-0.7986472652148601
0.7328267014962357
-0.9308756944899945
-0.5022746592838061
0.19547878454974865
-0.8649229757317517
0.8362108639033698
0.5138723024947126
-0.6628531690753153
0.22935211488300444
0.45028981549401137
-0.20742966592789608
0.08386616249923051
-0.48271022355204624
0.06996242531949201
0.7488029695663102
-0.37985255652689254
-0.6150230813672424
0.4673059062617997
0.033285707770815236
-0.9644378893694481
-0.7591385699719269
-0.2271565155400066
0.29387402516362837
-0.12475416235751842
0.256786082479961
0.6314472254537923
0.43176880033025783
-0.7382844802420335
0.01631930823280919
0.42467565359074927
-0.03138327725585926
0.10368796754209719
-0.5378590135005834
0.17662042241405973
0.143215548474807
-0.6182607294131914
-0.27800140422382247
-0.7494260066729699
0.42654406775224885
0.2824562750428959
0.8658582993519479
0.1394781296004348
0.010812610727760524
-0.7553277672440053
-0.5586555256751008
0.9773394421244289
0.17060125417284425
-0.2997306864224908
-0.903703961572472
0.6745485561149758
0.8418423043411271
-0.24202674257153795
0.9742510753203869
-0.9476025455211541
-0.9247848306757266
-0.12741219289825512
0.7288547688901782
-0.8375261312614632
0.8490943749126658
-0.7774762544809692
0.10805962332554851
0.9952480545210636
-0.961520242926426
-0.819462209757962
0.9746248842720371
-0.7666120966507495
0.2378382205779275
0.904799750480703
-0.2791504240438773
-0.562466779049785
0.7236737719560694
0.921731355220584
0.13138044677691393
0.9530297840662405
0.10072766929322428
0.5568247323585742
-0.7666561756865261
-0.48217006210340896
0.7909150900475909
0.169064122755267
0.7277129639076427
0.3549239349655534
0.22476372230687142
-0.24601421112887362
-0.5686916571868826
-0.9190641655024065
-0.9543709369549391
0.6626840366221807
0.5111521516937687
-0.4667802300091406
-0.46059218700857
-0.9646858784193456
-0.14373384122872532
-0.7039941892404702
-0.15257255090031313
-0.7216724185817192
0.7773749581436006
-0.596909499161485
-0.23776363332866007
0.9367640749738179
0.41859276650622773
-0.1700159036989499
-0.601137416250408
0.5469117083991415
-0.00870777554094304
-0.13001459094385345
-0.41505802985938567
-0.47153777111222206
0.47957181101304064
-0.08293482481097807
-0.5140441406213478
-0.15268903083142274
0.8747761640176647
0.43464887478956765
-0.8882087573106572
0.3467070323664774
-0.7907543763043698
-0.8576131415746562
0.7553422586566004
0.47213240035270876
-0.8787839068566013
-0.60525914639411
-0.6059112829226962
-0.0939199106876859
-0.8612261211578368
0.5767525070945199
0.0577282851608899
-0.7123663589835431
-0.22549764621844454
0.6856496445177477
-0.22033775928430255
0.5515082869079158
0.4398000181606828
0.15773443377611995
0.4356679989833247
0.6306421430528703
-0.2855500031110469
0.8827565634508513
0.47407662830292635
-0.615969826946686
0.1891285642740139
-0.052068657706307135
-0.2569164515547596
0.008830794433953725
-0.35234825338480646
0.48314267723650256
-0.5934871300447049
0.10718251165546197
-0.32936074691650885
-0.3118400350870568
0.7424060797436176
-0.5857662625667454
0.30539217976803423
0.49682036843443805
-0.438792062571285
0.712545039491048
0.7331369351514562
0.09261716292952869
-0.5376122944590509
-0.03182135791380172
-0.6862309691752878
0.8370825677765572
0.7488436446615774
-0.21352492470531206
-0.4520458923773915
0.23662354707952338
-0.046468508571520836
-0.5104601116121702
-0.23605786751987792
-0.8598175452998775
0.15473485975751608
-0.3732825078468244
-0.16022694388246517
-0.27059074187886584
0.18523772166534339
-0.4820416342120408
0.5173688347983342
0.25671006326780743
0.942275085051254
-0.9666017467076813
-0.38570743049283807
0.911996370157087
0.353853065504756
0.523534125026721
0.2713434364682609
-0.10235576817014956
-0.7946728156144586
0.22397645920350365
-0.7016713391693921
0.5168122224706437
0.834873041043022
-0.38679162161782515
0.9249912477581571
0.655502686203158
-0.9850813219658392
-0.8066065313181339
-0.7723723646377113
-0.8608160879180868
0.6046804692779678
-0.46879356078729006
0.6929059705357704
0.259463182805432
-0.18030251234494227
-0.9524475073181904
0.4045733267560925
0.6143903713850092
-0.9565855798157141
0.14188571551648466
0.05152448744039377
0.5636892805821024
0.3020113769357183
0.08700206835957743
0.5237704811277172
0.49352818439438817
0.5246480060975133
0.28916812672220715
0.4761762379063925
-0.09435734022410312
0.2370309741330076
-0.21933204619215804
0.5718604310009654
-0.02620459590777953
-0.5928415841064053
0.7657217714354727
0.5720339461903976
-0.7840737058119782
0.4330744986663836
0.5683191907468462
-0.43069326964047905
0.7752634327572678
-0.21916390426329616
0.4022191101166727
0.5043353309213197
-0.6657480199571582
-0.7626475896898622
-0.2453489408421792
-0.8419836891533945
-0.694329092188486
0.6990441996583575
0.2974790633257018
0.765559172752718
0.24389701617930612
0.23448352024422495
-0.30404609416696954
-0.9508094807725368
0.08403331720641719
-0.8776284620733605
0.6694213770122038
-0.16336005592176656
-0.15747171258710768
-0.8294780219140914
0.5095092045450816
0.6726190592461688
-0.9683320523031448
0.2538357917031086
0.5274853288960623
-0.19942241392391485
0.24507543803163903
0.6454780593013136
0.5341792206371961
0.8210393960029657
0.3083717025556355
0.14051172590181019
-0.4485999895131621
0.4560314215987979
0.7839883529573257
-0.9013468919689122
-0.07955227088706875
-0.24968040726208807
-0.6154671388242006
-0.5842974955305511
0.010497252152274915
-0.6195848282688978
-0.009379098652447454
-0.7953803838283793
0.9853112549691029
0.922894936709523
0.9646872671358142
-0.9483319662374398
-0.6162301473115316
0.8625600065568341
-0.15368943603350202
-0.3924468355935792
0.7782700334914392
-0.3374618601816422
-0.9919844496257529
0.7249039238008803
0.7932309770615481
0.20357140296689913
-0.7206647405218757
-0.8088997692514257
0.38821046058351555
-0.004085609932451334
0.6183692159641666
-0.5756287624728651
-0.39339599997057845
-0.33267393488615493
-0.3400183297841326
0.3287091123551461
0.28401737872242505
-0.2547625276996572
-0.3632876249591756
-0.8095615508322573
0.9478856215796228
-0.564461502229281
-0.6371363988575798
-0.06384383027362026
-0.31266787648250693
-0.30572179839573993
0.9440686857035048
0.7335174539663977
-0.6925201125903393
0.7737686562219522
0.08293693616818719
-0.9047139870016048
-0.8372689095116802
-0.4687962354362388
0.9985030293579212
0.46937528657053046
0.06735077360956064
0.7474724630448041
-0.9953112966244424
0.6622719796508489
-0.7109052284821749
0.21822784401417017
0.908081697120641
-0.19388751772801366
-0.7129623444022809
-0.2872715848964415
-0.5226775743655598
-0.37122267359522315
0.4729261523722048
-0.5707139498134441
-0.5020340457828455
-0.3813285009092021
-0.10323524499053195
0.6077831783183482
0.6441274147407257
0.8590603542230622
-0.7695693942802085
0.42931057459001387
-0.09855503039442093
-0.20669186854164903
-0.13556647574289238
0.36577794569749056
-0.9650725120871394
-0.983785016508784
0.12837927095379245
0.7162757028261444
0.2967411534727236
0.751499201467326
-0.5921916219303667
0.014740934356880153
-0.8415358520800923
-0.46962390430569567
0.9999465324520461
0.1562525293808141
0.406912324309638
-0.3363410034401004
-0.7466516012006683
-0.602815900636841
0.40225107241356745
0.4575290218799646
0.5031701502859165
0.7556142677156709
-0.06799744032140079
0.6605770598587973
0.5463677587703548
0.5038979398235648
-0.6617403777701828
0.7628833341672301
0.8389106241981719
-0.7084945389736723
0.7793782554593417
0.22162352320656373
-0.5041781512707697
-0.17228413538195772
-0.5869154813244437
0.8043995750689634
0.3360774440230515
-0.4608095624168945
0.7103967498531528
0.3594701887717362
0.5731558212847062
-0.6157846338438973
-0.45234533354083556
-0.6166152799890081
0.1503215648666401
0.8681640411709844
-0.8282072061605824
-0.18618831222136195
-0.3479015418778391
0.014152005210034553
0.25192100778471643
0.2562610622668828
-0.2822261945640346
-0.6884963371681111
-0.47263308877875126
-0.27051497284686926
-0.6112153326960954
0.7139297997249674
-0.7784032154678845
0.6053782784393497
0.15001066471635455
0.28653476272400513
0.05093747110581748
0.961075176089005
0.15820160253549553
0.17212740055156087
0.7260976715841199
0.13209062220406237
0.44825539460752856
-0.12682286699945877
-0.23873066202384877
0.18197051441012474
-0.11395860267062503
-0.35754527163640915
-0.2796535931685359
0.7610679945197556
0.11725375331308925
0.3351368424173841
-0.8991834614008648
-0.9398039774624154
-0.4518823328559128
0.1805771961043502
0.8268609167999776
-0.34193106422922553
-0.4308553386839264
-0.5249323827010313
0.4139278626753408
-0.6811313699268935
0.6154028307268746
0.6102204336916061
0.030654670901526203
-0.5307362327291667
0.869111052697299
0.9619470395156858
-0.5964848165575847
0.6513034393860959
0.08281738249759688
0.3755282334162062
0.26858736022810187
0.4196487772124614
-0.43712521060601955
0.43977640047533667
0.014970484091870665
-0.007606901102506817
0.9634382845079887
0.7527204753588291
-0.31549030484857593
0.8202387538080894
-0.1592955950188005
-0.9186100943994153
-0.5354210759722464
-0.6519120884860181
-0.6952878827004481
-0.6423264013228459
0.34364967515533423
-0.5575861675730147
0.37165938055691555
0.6861368038944307
0.439943559428418
0.812524936931073
0.3672562681293565
-0.6242413023693856
-0.7379681286097489
-0.8507582167549186
-0.5179066889190643
-0.6960035373559145
0.7473601877986946
0.06593621058724604
0.24532185006277696
0.7481771989057929
-0.6899549765200748
-0.43740690240655594
0.4435938546166838
0.275147822544161
-0.03600150499343876
-0.641560087159002
-0.35677177617217265
-0.4282686695009138
0.51394890468264
0.7990234234583905
0.6602625813131292
0.5050377113290933
-0.8531325633998489
-0.14508229862366087
-0.7297481331056709
-0.12205542139971504
-0.7374439974784338
0.21931966606151565
-0.2574886587943821
-0.7656155487612561
-0.7092047773764465
-0.06874429798363244
-0.8579353708418118
-0.022134558698345817
0.5968153085538972
0.717499765595508
0.7692212700096982
-0.1789745797155662
-0.0955223427688156
-0.7062455621580779
-0.6399372856156066
0.08059958196491632
-0.6339508205473187
0.6132013175297324
0.009767217576997174
0.5586544710949353
-0.7734752643895347
-0.26012146513828527
-0.5851617667790172
0.990472310257579
0.8293848665361948
0.2825253361092245
0.8621364035367035
0.4132117439320582
0.9105900925685978
0.45256837463026034
-0.018887337313080826
0.7315516791802267
0.9302746591643195
-0.2963765284326685
0.16221332791375342
-0.35018771315737884
-0.3580836924890478
-0.1215631809912637
0.5855302935892239
0.6756761879848256
0.33064099746729153
-0.05648233675164934
-0.7216300236404982
0.24591369743002298
-0.49596047938807025
-0.5317922235419845
0.024428279540939714
-0.474477873624167
0.3046800308335524
0.09094695932535593
0.8572199528391213
-0.17728661246882998
0.4983850118021907
0.34064153093867516
-0.6304905375495816
-0.7426781771182299
-0.4120521429329166
-0.47179954824259607
0.7782756176124854
0.2950210341259033
0.6793390627337997
0.6370925330774753
0.6504103163522952
-0.5086600654360885
-0.713117404868412
0.8853181477563437
-0.6703701574773752
0.7250162646276943
-0.7054721105444458
-0.13841743325301795
0.12552825091499237
0.6642871397433233
-0.08573279553836971
-0.9309880104743035
-0.7526135973441647
0.3121440252017216
0.9903732864786376
-0.871171531704641
-0.0020052275560697897
-0.19301476060130945
-0.16696939337843705
-0.42115949206263303
0.3368413078645884
0.9337673528044842
0.8062230734024469
-0.3987468341140494
0.7539005879188436
-0.9194952852392952
-0.29609948843511136
0.17788706756253117
0.02135927324069608
0.45342694786789717
0.5461240642824263
0.03509648411935769
-0.6490608399459118
0.23023052880497674
-0.2793261553492293
-0.3789130004746564
0.0747989462729947
-0.9786549629571017
-0.5093905138983006
0.6034013381175245
0.029899786963692426
-0.3822875571793603
-0.013319798670357362
0.38811990754980974
-0.0077837648479659825
-0.0587667525460845
0.9570221675734523
0.9118717858676608
0.7093130362446005
-0.38093142996367596
-0.08061540376337718
-0.2966864144819125
0.5902219937243679
-0.5035541158384604
-0.19796700538306594
-0.3492537584564156
0.4194815713984226
-0.7946412966206333
0.312399092829067
0.23193131642432668
0.4641045737329199
0.3717793955340908
0.7161458687769832
0.5637777969017584
0.9566934366943345
0.5454143243289103
-0.7869901135469524
-0.36946299699404145
-0.05441210388575449
0.01612217290166548
0.17697339450621533
0.5117261084713086
0.8165810767685205
-0.22562289806202301
-0.09298401213801345
0.57188045969445
0.42756443148031503
-0.4615919091871373
-0.3901848606209468
0.49809889685777087
-0.8131719707408742
0.2568188675147761
0.671130766855394
0.5652582598706453
-0.6864340156818933
0.3117999957582579
-0.6136685898667609
0.2907765283488696
0.5594834222910872
0.1325238634094626
-0.872937644629679
0.5205744757549586
0.6713660523009205
0.7064736528999602
0.16532034177391045
0.3102330321210917
0.2950622330733919
-0.03895536523278446
0.8096284358677811
0.781242390110439
0.7719791040903491
-0.34036362108184526
0.6772763370937179
0.7457026030133929
-0.3252871797503791
0.19073523975604476
0.03577601726841009
0.9866176631070875
0.08505187809590864
0.15182386428730715
-0.48392030482192067
-0.4405462130483185
-0.972538464425467
0.595742233658728
0.1840148628124993
-0.29322221540872623
-0.3901377875597897
0.2123887434653368
-0.5288342471995712
0.7190926349048148
0.6587382263482597
0.007511632744063929
-0.07291790195599734
0.876646528194579
-0.5225882150947287
-0.2540043244548711
-0.34292523754440424
0.4404486102524033
-0.9990398724859
0.3815543777456061
0.007948567507737966
-0.574571333142203
0.3642468137427356
0.583607311918615
-0.9743482843366392
-0.6351999287518141
0.7359875800182739
0.02158407858689742
0.2484271307891718
0.7692873240634959
0.5300126503611411
0.8741550895227731
-0.8319158247657512
-0.7269400552016811
-0.5671853966648606
-0.9985714479887767
-0.1290172972105646
0.5984639367085339
-0.08830826106371348
0.08355743115820045
0.47435932707081213
0.7713282233892145
-0.9142897541958913
-0.6295574340714098
-0.7704777812682028
0.7801682268014164
-0.5142025926027688
-0.1887859518456742
0.9061429251771144
0.05711107181256927
0.6106264168454462
-0.04521961107350315
-0.6307135638016966
0.5896281041776782
-0.16668379035801414
0.4272467032320756
0.5445236578336039
0.6778978589939108
-0.47118872258508465
0.6009592504389158
-0.9649268661529077
-0.9134741168778194
-0.7348990673246105
-0.19411704682170455
0.345544220533492
0.42329756957938286
0.6772867308398065
0.30506626766962114
-0.5912944848966668
-0.01248595422228856
-0.3745833746711754
0.22173603551095494
0.7736935605586508
-0.30723166501165955
-0.9680346841278173
0.5881894516628443
0.5969123688755761
-0.25511665169620107
0.3444893827782944
0.7512841374708323
-0.32367968917986306
0.5791552706806928
0.2334398698836344
0.4352978823291034
0.5549209523016095
-0.10395735254114387
0.08317231369603229
0.2572874991473305
0.4234019127653188
0.054405806859471766
-0.654695156965655
0.7824242881635104
-0.308342081117994
0.9610185224558858
-0.40572117796562523
0.1753246459476648
0.9936690080272444
-0.06469426651423237
-0.9110737201842569
-0.1360171080216341
-0.8683000519613437
0.8713715279525766
0.4668203275281059
-0.2766383003377787
0.7714496244172369
0.8319603177009078
-0.4165553759503498
-0.5920998908083593
-0.11075708481336577
-0.7821272654835922
-0.15490175805547565
-0.3748655941498208
0.6597362003656646
0.48855148448308583
-0.43599381083644234
0.05018220341011716
0.38468265116428557
-0.2978555373205964
-0.7056164958042875
0.009003349475035557
-0.31502506519109963
0.13707003321648698
0.2664433879607522
0.7730996161659899
-0.6169328805113402
-0.027573571310638104
0.3173534651107906
0.8775482097096461
-0.36729561755415385
-0.730951949830279
0.01866211128386612
0.5511234052334337
-0.8611471582767465
0.12670226527690515
0.9269657865487431
0.6308561374876098
-0.5279763243293863
0.16897004969653875
0.509863381679944
-0.285269821991921
0.34557823911541286
-0.6543627248319231
0.33458359590797315
0.5459676318711331
0.18376234791963925
0.16487323932045836
-0.31942233992381164
0.7383161511319554
-0.6166747664336725
0.41638256331895857
-0.8895505846658333
-0.6512117241860614
-0.9675295606425178
0.6531207785815912
0.45752970732505727
0.9163201169372693
0.16589546383606363
0.17203600009184578
-0.23679809632675122
-0.27510222665458334
-0.6820941021345331
-0.7049341954563036
0.06545625603701549
0.18329247474312027
-0.646635689882977
-0.12892492423713628
0.037230761755813815
0.753053323873517
0.6033248343775391
0.06024473776004891
-0.27214736097873454
0.11982150525422866
-0.7268420808587551
0.910269655330321
0.24031667385028713
-0.7646612335790285
-0.5705714941653776
0.24789965223303315
0.8659639660518698
0.47562351953348075
0.7812708503053201
-0.9736715421125415
-0.05559842091108805
-0.9291160287272183
-0.8029969178745141
-0.051615017627221434
-0.4668891824216922
-0.41125681084332877
0.8039078836851955
-0.459566219498999
-0.07016873048823662
-0.7436336950087787
-0.9730839676425713
-0.29286946206193676
-0.1001604265286762
0.6146908507268979
-0.7047160912424879
0.7612417449551152
-0.7416493995533455
-0.28337436475414557
0.2596416317386804
0.8163117703622432
-0.5780789683602638
0.23786224749897483
0.9680530219828593
-0.44362422175771055
-0.29845018365623777
0.5458140766259948
-0.7557133780848247
0.6075172175738855
-0.7277589617446237
-0.6023833481132992
0.9603516232319057
-0.05300434640398007
-0.6337588140989839
0.8399404311047165
-0.6889846735338238
0.6456518490349679
-0.8633306651956766
-0.5954598316598483
-0.4200858566392931
0.7833984860138837
0.3604785769550736
0.31256107294091295
-0.7054538482601893
0.09003159983734009
-0.3347306254834847
0.4811502206477939
-0.49858380904671834
0.6511709753955266
-0.3984297430491693
0.1450814466000059
0.6998077792871588
-0.8015436932708551
0.2830722239032036
0.09008843292881867
0.2810847363154051
-0.9394348435896687
-0.2873390168837054
0.8700434393056559
0.8601193526220391
-0.8413603925272033
0.32822077142515543
0.5385263109377209
0.9440090969045711
0.9374213210604109
-0.2767783735672963
0.4540628810305624
-0.6388293892072091
-0.7045971311307019
-0.6815332718391963
-0.06558147992578955
0.04742847798533381
-0.9585515021584189
-0.4054951338575033
-0.2860774597810822
0.23484558586570595
-0.9721437144849004
-0.4582794004996182
0.14349478989844328
-0.4507622214585648
0.09464222962693952
0.10083262364259547
-0.13001061347234774
0.4018145193748787
0.5819755901974217
0.45261455774659054
-0.761307962490222
-0.8922302539298961
-0.7467933541155032
0.3291618816533812
-0.550338248692376
-0.12198091811401446
-0.33092316693564144
0.40768037829611725
-0.7668915136211057
0.42289669864355467
-0.46996549184186764
0.006962531352376455
0.5663530459654595
0.8612847216607077
-0.3135482143673043
0.03286149141698157
0.37913908020632225
0.9861584117716767
0.5598209098740781
-0.9387531068215267
-0.550165853038512
-0.586507009891898
-0.5219262782475649
0.48683486188319697
0.5239479910843068
0.8474767116319375
0.33832209959936344
-0.3994004317071176
-0.48572529178044294
-0.739622724974229
-0.8297256770867518
-0.9763558319084096
0.774082754218042
-0.10574527498591667
-0.10235213752647912
0.9195547903335494
0.3845058599504864
0.6765527449413126
0.09135766601960721
-0.13850038085691938
-0.38084658117988035
-0.24335092216057497
0.018230644196254763
0.2367346377865304
0.7438198562519454
-0.31886098316084693
-0.5744957531715824
-0.48262313671465085
-0.3535205698039342
-0.2005154374142292
0.025220228644507882
-0.0700526313296141
0.24507431233132448
0.3758790295781859
0.8054704944759651
-0.22712318082256264
0.2721232266109795
-0.434138929744705
0.5463127750636696
0.07439248129475556
0.15286047361699368
0.5035771773666496
0.06804840176254928
0.936396622143667
-0.885367919594933
0.69941703630108
0.6019302751200147
-0.008559346240179417
0.8334625553809724
-0.5618410477524173
0.17304485125581504
-0.42349894572953656
0.04270875807842252
0.4167044054278176
-0.021146647321354867
-0.306672661815422
0.3581306977585277
0.32956091281627337
0.670992018631273
-0.610973381435368
-0.3266309967098946
0.0989919551480471
-0.9501547917177252
-0.2669915702790858
-0.2798618942261748
-0.6462203377488918
-0.4221661396938968
-0.6151566029280626
0.1771468698633438
0.07621804230734595
0.7201848290318049
-0.9756914981722389
-0.31508899384169725
0.6063900577967658
0.3802135516573202
-0.1541345939201409
-0.6318375437001754
-0.6221594771972888
0.29539008753146795
0.09508283173728357
0.05018224475509238
-0.8008096048704771
-0.8932058902013755
0.20185333565635616
0.17615765656144258
0.5495451812314248
-0.3314753452600308
0.5839629512638275
0.9686251632024785
0.751968368632376
-0.4393394406548464
0.02745295365302417
0.2765256943862017
0.1070526599263107
-0.15177506551942474
0.3961085542194022
0.7118540462872474
-0.9208590452619256
0.5898227566076653
0.7139595157649488
0.20681405812374634
-0.2898281023722157
-0.16593655359629075
0.9989170921657927
-0.6532740418654664
-0.5830829936885968
-0.7611831988879899
0.8380804143755488
-0.8501301096307768
0.00803256836614309
0.9948011118319443
0.006233698124162777
-0.9149608657665228
-0.09876537437851345
0.6237456361659394
0.6112813352350858
-0.06202924647675947
-0.5553029233921153
-0.9700342904071294
0.791096714209828
0.9790559619455089
-0.11220681747115874
-0.33204346652310957
-0.5370107044950859
0.9370584517227795
-0.8615315866536293
-0.26250577442775214
-0.30618215447459646
-0.8696962139961233
0.9841178989153395
-0.13616753104883725
-0.6965854095192248
0.6201956022583746
0.6024275927241537
-0.5354512762687216
-0.38496258165935177
-0.7289405236291813
-0.9349810836004174
-0.9410490546273017
-0.7708978412568205
0.2690716187436022
0.42101198995701916
-0.9212807332629641
-0.6979611811315684
0.07063300405800005
0.3233893934918833
0.7638632162703545
0.6739791819882162
0.7220596108594566
-0.45313999647843717
0.3341573513682304
0.7845062229469988
0.5265125778058106
-0.5559281140659702
-0.08002917992225828
0.8293665752982234
-0.9524844683889426
-0.008491904538087902
0.13635510419183824
-0.4481836731687963
-0.8156187732971021
0.4771142226295601
-0.6135277933904555
0.4621951683503705
0.6764767518308376
0.7383493444571171
-0.45475930324892516
0.2347454295392253
-0.8793032644260144
-0.7689848611829064
0.5797748155799803
0.02234887062273213
0.5073738495266256
-0.5431764094842979
0.18494614444546464
-0.40960808958399636
0.03405785140010249
0.14775345452399216
-0.0012719218622646595
0.37204592203653775
-0.8901366652523522
0.4116097659619498
-0.9772518301139139
0.7712950682795648
0.01787206484870465
0.007862956688198839
0.7791276904836287
-0.0788616272781329
-0.3747934502585253
-0.44075976627224805
0.9814632966495604
-0.396929828868819
-0.20819336916945066
-0.17229279327647676
0.5688070720611672
-0.4470178625659338
-0.8158182403365949
-0.7009505875897166
-0.767420758553491
0.5521365995159269
0.8223912260332036
-0.010616243500604807
-0.9568344725589943
0.9632637492717455
0.8156232562851224
-0.045409506678415416
-0.6872262566059182
-0.5508514643846233
-0.6084056974007191
0.7159808904515066
-0.16346861219282258
0.5450300787401855
-0.2877634392439861
0.15636203909170057
0.2127186927156356
0.5489626301177051
-0.9418561780913292
0.9830693108544675
-0.16809122797046716
-0.03099998352280626
-0.07646755174952728
0.25615905697475355
-0.10854424059957953
-0.4697237758711963
-0.06635824759030384
-0.309723126737417
-0.09885958386884487
0.05264422353077035
0.3066949773936457
0.8074768565449639
0.48293646365386306
0.493299991719879
0.985422784871404
-0.47939526455713405
0.6352223045090086
-0.509132662388771
0.2668860896400685
0.9521951774152281
-0.0762268789341242
0.8667133976459892
0.03590688069827921
-0.348528427763381
0.504515227825491
0.01999251162295514
0.0800834229682982
0.5746368494682935
0.6187697540345529
0.21125334506623206
-0.575368146076717
0.01358661596103688
-0.19480729769664468
0.38125952748104
0.8266010843819424
0.2254678324287787
-0.7635531572063502
0.25504093349469226
0.03705284780143977
-0.30497449656772296
0.7073903043447468
0.9424153374709052
0.9953998801803855
0.30961487143967914
-0.6486066748286122
0.909358808037623
0.5756797902648355
0.10385946728498852
-0.18632112800445658
-0.8798387114612524
-0.9798107996636312
0.5186309023935666
-0.3179178178035287
-0.5556761411755934
-0.992995542230391
-0.8865093588789295
-0.2698148938888185
0.19801276664853593
-0.6361724242817934
0.016245168432629777
0.0957869316397214
-0.17247569868718982
0.5886221330177852
-0.5929334420756279
0.4622089653742191
-0.4326358337162468
-0.9890747041530689
-0.03814892155223812
-0.07420117018094227
-0.8265238843890609
-0.14482057265340773
0.2073100623470988
-0.9444036257476376
-0.7091406852490874
-0.786065412382222
-0.7034078658741532
0.5019270241527714
0.47757741619469785
-0.9558684688962191
-0.23126763903725472
-0.3906330390254881
0.39715872958856924
-0.16654536980632859
0.1915172364413545
-0.2713437346867895
-0.13075040659539006
0.08778124527266754
0.49396258242425023
-0.15312066443107136
0.28600656735146673
-0.11043659939927299
-0.6513616297617251
-0.9717514711917636
0.39266897089746144
-0.7809947315721334
0.19148057633733215
-0.4778039384471696
-0.7154264057866823
0.043173137690944344
0.9295368570745333
0.3400731781229711
0.7303185311696151
0.7567774402842062
0.365602782772995
0.6241407700740074
0.2363369351957109
0.8061708918817744
0.24595427761194746
0.4150690146112949
0.387209411236994
0.6215687382079235
-0.2546007494092391
-0.8271484024744374
0.09030114475955998
0.5939193638287334
-0.3717372391624735
0.835894124483098
0.464757375304141
-0.5647301195663824
-0.5945570296093106
-0.7976268901541845
-0.12439317130090705
-0.5351889367770385
-0.5806459418952925
0.10254017927986629
0.5440310063910858
0.7175621987863232
-0.408663908623636
0.40082309658482984
-0.7602725804488845
-0.6728035049719565
0.28084689151994296
-0.14661955091082682
-0.6893431372714652
-0.7359261113576228
0.663674382221871
0.2342133088025978
-0.7706786915760498
-0.5834239966426399
0.24480573863005295
0.11423293649518385
0.9935996309775298
-0.6788457326477888
-0.37727621022646146
-0.013423894276973275
0.013600558798772398
-0.27059529796665044
-0.9391722708211222
0.719228517110247
-0.7700333482202545
-0.2568589337580745
-0.6414565390675938
-0.8006806631893606
-0.2758492444992237
0.8463648375441947
-0.04772736320643632
0.013209313319344239
-0.6371131984425373
0.6510306835922783
0.23196025595083755
-0.9402705033186632
-0.4111915000112072
0.5592033459689811
0.3698203984758122
-0.27761694836646
-0.7897900391357222
0.8090620964816767
-0.674403831231578
0.108021618168805
-0.8578997941588055
-0.9913658041532973
-0.1543531475376323
-0.5936698441638922
-0.5782143837220399
0.7073561390299521
0.07079732084558135
-0.9613653849866699
0.44662213138889817
-0.652849880106516
0.32830528483696586
-0.9636578402058502
-0.5120849485979978
0.8424832140454696
0.3700489863152262
-0.37706278369978385
-0.5979142243495462
0.9209496586051907
0.1971686380769434
0.5072438826586028
0.5444260437897078
0.6132265612086186
-0.7182881179754413
0.7432158883732821
0.9151423112607916
-0.628191597632935
0.3357019646753117
-0.8963961805982049
-0.3914710434941157
0.7612437243904011
0.741471879476854
0.8053195712251716
-0.08597773824004172
-0.7043588921430259
-0.22801168472206096
0.05829975054191637
0.9490014748520224
0.1860439109540532
-0.8589210544618836
0.8620429146247411
0.8756964148929656
-0.15773512830477818
-0.12130132131993777
-0.11188572412543978
-0.5026093452821998
0.524579071425227
0.1792334824597484
0.1917727103133542
0.1889175577788098
-0.7242087364471538
-0.43185366587486296
0.2073017335585015
-0.9614339602086769
0.5101932279585847
0.5842116121113687
-0.15876888746535853
0.8292941301439773
-0.6621216642090965
0.5779114454722792
-0.44089223167349395
0.6626002379924466
0.7931511320840895
-0.8919418613969805
-0.7955958665052654
-0.6097451937803382
-0.543269168933427
-0.893457808038127
0.8444324084569907
0.13761199905417237
0.6580909888261687
-0.6086256512347652
-0.5652573336689369
0.3167030063413461
0.7163974513464028
-0.9215797475609679
0.938372098191888
-0.8285949825148693
0.41749234695059073
0.34855114137601817
0.9006686748622006
0.5628556036851083
0.6274580816142545
-0.4987741426875823
-0.645120127179897
0.03878640922611843
0.3298686128573675
-0.006973937308695198
0.26188305218453134
-0.43052124049356544
0.739749382100948
0.4559444705550595
0.006416489901911421
0.46116756962943867
-0.19223973747688616
0.6697918511632265
0.08358549361599714
0.32008491849448123
0.49561593648036223
0.9474742715552185
-0.19958628267400694
-0.053389659259677175
0.3540787734618436
0.6394156628950567
-0.26422278781008784
-0.1004369961091003
-0.28776484735026286
0.23181709365878092
0.12737867841415693
0.4685245117295592
0.8106750773452073
0.15485088015860718
0.8582061848555087
0.7705807935291931
-0.3727332731209889
-0.4580867510035932
-0.2128877510116837
0.773747077684759
-0.11926653193766283
-0.3863805274280506
-0.5180243688396743
-0.43962256158525176
0.26405570452626703
-0.9617667004612442
-0.9060167954026634
0.8409791307548609
0.43183959175856695
0.8089149375551763
-0.8589415763861323
-0.3092910531733733
-0.15008867764349446
0.06908750103436866
-0.8008774373424548
0.8380759686320348
-0.7736832493709171
0.8787757972155052
-0.5962904132654074
0.795681995104524
-0.5356989208893925
-0.1191607879282522
-0.8759737740475037
0.716396525363173
-0.9524527040613558
-0.5893719338516026
0.4577200546201413
0.45985931944514835
0.9581335462294731
0.8458589601971271
-0.6375416891562985
-0.49928864190375943
-0.745123712327149
0.40648786541514464
0.18784587393878166
0.13300962992293247
-0.4336029949307082
0.38885544746659795
-0.27946819511353893
0.9313212273743491
-0.766214475235206
-0.03141331362556364
-0.6623620116723321
0.6161972563123149
0.768603619325853
-0.8297344100958512
-0.9739195525439155
-0.4256021084988303
0.9577534889783914
-0.22457801909245959
0.2651296433761504
0.425145387357315
0.03279207120928305
-0.04944723998447394
0.9909042182976996
0.3401286209365836
0.11865633040116605
0.9278579220037856
0.69548391679068
-0.2514062978937555
-0.16497946994856524
0.5955795656867381
0.8008745227086287
-0.6381386549776419
0.09948009613087036
-0.6171233562030923
-0.5051735584998646
-0.5119346207623693
0.8585808925998767
0.24660995771799024
0.2177693560129534
0.7140731392064783
0.20672569894148002
0.3481809441045122
0.18897552842645143
0.7699835714263779
-0.9284148349269573
-0.9804637580795981
-0.8146212125929729
0.06796872955289233
0.5162874146730593
-0.1814300683298171
-0.7604496863816101
-0.3101503197604278
0.7141731707763499
0.5910079147624453
-0.38890842316300844
0.8445395623409169
0.8708060043649231
-0.25979326796261387
-0.19567454160609382
0.563230220941248
0.6219900961906782
-0.9505094424745775
-0.36001438823922516
-0.09010626168547359
-0.5330711258355508
0.7581700141594231
-0.5574981359043983
0.029639413762505732
0.0990290479920726
-0.6175835160465972
0.1020414405585862
-0.4748348302213646
-0.28913519947203054
-0.0650697728861896
-0.6443523925749983
-0.34758589850572197
-0.37767453968595166
-0.7170676225115318
-0.0749910273818487
0.4879550180453917
0.7565680474518531
-0.34410792791274675
0.2236294253339448
0.23223394622424304
0.7036323714409817
0.5025698283798726
0.9052799345388329
0.062087984975140606
-0.06627339208320637
0.31287591090293315
0.3774501671202107
-0.36632787584043114
0.9147182358474716
0.7727126986097307
0.6758426680851654
-0.2699326664370427
-0.012011149359736814
0.6227059093558166
0.4476660393711891
0.27949083332058017
0.5017384784268544
0.9522520332569536
0.20797209124898897
-0.9226280043194712
-0.6498213815775143
0.5773377944327471
0.7527044953149614
-0.897375350467507
-0.25361770496348224
0.48135142911962925
0.5107438306307313
-0.26088874342071944
-0.6049120913758101
-0.4153722299352212
-0.12366762892074831
-0.8092557408376091
-0.48545490549091264
0.014049118893553836
0.5429691197989567
0.45756647552584073
0.6348559145321704
-0.522313243564257
-0.526020770529243
-0.21332604165905342
0.1712611320400126
0.17099153617994212
-0.5571119323678284
-0.9510743290952329
0.9734010991095159
0.79711415635345
-0.34704899001946116
0.1306351916437071
0.6478075375358745
0.5881456919260962
-0.8586312605342233
-0.6798044867318258
0.20278800209793302
0.345569573660558
0.304390843095543
-0.684543790802782
0.8894621870168957
0.2507310491832889
0.21231390514466877
-0.7109037597666875
-0.6198787222696105
0.9664755726084976
-0.17863801525237769
0.9188048695746777
0.9551555873584194
0.9478276463329562
-0.7214048386100985
-0.3493694297436792
0.24014896924413884
0.1484199072677781
0.4472931177319016
0.3062149876553541
-0.2670112601320867
0.34020235330273935
0.8961138784573058
0.6850663789146262
0.896398674109525
-0.24012589608514023
-0.4150071716435906
0.7159685187742331
-0.639726966054343
-0.44607646882070534
-0.881904496261317
-0.9005008395685844
0.455583121815573
0.4069652412334504
0.43378109482672744
-0.7080759628359414
0.26836676466163767
0.06287611728747204
0.9885167031032819
0.8176945415774987
0.9568261078377126
0.2708835008846126
-0.7202795735812219
-0.8056605826481168
0.9108527914843554
-0.6837053323135226
0.4885655910434572
0.5009143462439549
0.2431853659188046
0.35555958380952274
-0.9555734757617269
-0.5261085904920442
-0.7049162901795603
0.8757029690690147
-0.8773382596018308
0.4903255308951495
-0.8417029158049613
-0.28006498036062855
-0.5607573324201941
0.3339808659282716
0.26708994635708083
0.006404965550153232
-0.6465545584424821
0.2292682978326515
-0.4535526862839372
-0.6292449922177176
-0.3510681423002068
0.5831687159045034
-0.5453084534478864
0.12595439171805836
0.9579485838058963
0.7758266693941321
-0.31821807323405127
-0.553418061936445
0.2665438481663886
0.4491417760015535
-0.3334313134651745
-0.8546244191838052
-0.4787244848288158
-0.2599736915357007
0.6304906269975283
-0.6190424314491078
0.7856851884557823
0.9866917843663814
-0.7918773771329557
0.4399315318912242
-0.8877657229734788
-0.5409017616771605
-0.16560860702868416
0.42354579532059244
0.34462099514675826
0.9345772572114713
-0.2963886083775871
-0.07924310668008905
-0.6880354561110024
0.5514833298813662
0.1124751592595336
-0.3833625183233242
-0.03603421513477542
0.856363868567073
-0.7910587265733974
0.9133631850685475
-0.6548744704650147
-0.6543235764161176
-0.838774780548757
0.1267330431786043
0.08577089833586088
0.7707568841380904
0.9300378264818043
0.1647853284260062
-0.9926433273109712
-0.26250561193457883
0.030118759877788313
-0.23210138809866052
-0.09666049270486264
0.3478883708695551
-0.6379152921548155
0.872994152187832
0.7373623089290889
-0.42163722695813827
0.7435803391898648
-0.715326209405737
-0.7669749743451283
0.23085426794328387
-0.4892561460673017
0.46985659070524327
-0.7797131239383029
0.8374267955642422
-0.6569907000991404
-0.6801560453793045
0.24619186710378133
-0.9355959533938413
0.1904856398518136
-0.5338000801346323
-0.07237235645923694
-0.16838261734310178
-0.14435346197492024
-0.6451887674441024
0.8177943691592657
-0.6768107203460973
0.24396076387045323
-0.5804675573661893
0.7254090963157973
-0.8216964487091512
-0.027415358399862824
0.5464979639019285
-0.2075473778674628
-0.9744838148565693
-0.32673150333756157
-0.4237677676858492
-0.7986694153394953
0.30425580594688867
-0.547431400620875
0.908649126651242
0.5629605540818531
0.1957021737467782
0.6888625340451897
-0.836315725214901
-0.09381106914853626
0.6043349660919838
-0.0321629152290791
0.6930541258327616
0.35451122442744365
-0.8617986785495981
-0.1982400986931508
0.7353142729078324
-0.9345260200364098
0.03696850443610173
-0.9341425388153948
-0.41947314760577836
-0.5159978446429851
0.4997603145015186
-0.7588105602806547
0.4592916164541498
-0.7946752866458395
0.21634825402492835
0.8365401705305514
-0.9531598262986061
-0.9744849053904463
-0.8069890747432247
-0.7922409307978544
0.36551087494868617
-0.12777202235127888
0.7208751055153192
0.9229920621426762
0.19004266355556484
-0.5408409966347916
0.7456250327424631
-0.9058231463528172
-0.11644145948371264
-0.49412784417630523
0.09181911570370203
0.009702821335425915
0.6619737536916708
0.6858055109745382
-0.7626485478793826
-0.9368022502666542
-0.9079723369324146
-0.3183215875909491
0.4842232567373689
-0.24456130943959292
0.0775179703784365
0.6378168120699206
0.8603998565593957
-0.9516913454768011
0.44018290709750946
-0.6825741469950981
-0.3228655756165688
-0.41072344580192527
0.42144067540838814
-0.2907695743619876
0.43743715538033456
0.6666362379446565
0.7214966226326239
0.3945825786577638
0.7314101902688518
-0.021754661025280835
0.08650932483842594
0.27445196398744476
-0.036814651953991175
0.5165624661403366
0.3324462745698559
-0.0688033152744532
0.7952476789761872
0.8362329817095181
0.6939522137429056
0.5630878757618277
0.6413812049974243
0.9428071423012918
-0.2928650987360919
0.6010749005552558
0.4701856928160807
0.5507942178196433
-0.9181862095311746
0.03151825206017958
0.3019293655944104
-0.5382319497073731
-0.9734024392442755
0.30420671781765396
0.612644529096329
0.29708652865305835
0.20260703601594474
-0.7685682013978815
-0.9839737304447304
0.4791662222587803
-0.8818561121178088
0.6642474469964411
-0.3802191417580674
0.028365508713402758
0.5448682603920108
-0.033534484530640195
0.5340220456309275
-0.7349155026758049
0.8585831581670113
0.0015156331515482455
0.89857031285479
0.3705131328272112
0.14749520794017912
0.5826016037856266
-0.30393481844394504
-0.03197382176149437
0.8261491596138042
0.7791075224990314
-0.3088054598400084
0.3050402159726349
-0.694539669559433
-0.2239736618476776
0.45942908470364135
0.265632876389287
0.5366573538294948
-0.049160131410827736
0.7699885491920523
0.008905625098761822
-0.08021166301990501
-0.5394867338023764
-0.9015492012853101
0.7745236338753773
-0.5007415487335898
0.6017087094098572
-0.2441415071333555
0.02099823173817062
-0.5392351244749984
0.8088759303440307
-0.004376967478732448
0.091700813385274
-0.5184900292552913
0.8823852280356567
0.8830708146971161
-0.2972078575563698
-0.4896213728304326
0.9010039151771263
-0.9025872311679362
-0.4960082968632322
-0.09289701598526491
-0.5235475370076844
0.3828352644329044
-0.45203918597599674
-0.6387409804658849
-0.5494883687523787
-0.10460784417272065
-0.4981553724054954
-0.34529888283275395
0.6541041631051553
0.94739333719649
0.12066022339804151
-0.3844705120118831
-0.5608693364290566
0.01302616896450431
0.32041564907019415
0.948197301376222
0.741246097009784
0.9783055633379523
0.8884261618622817
0.14330122466483597
0.040056056289278684
-0.4101049701158707
0.38676032307622193
-0.4953470214257701
-0.7301376327086645
-0.14940564864889824
0.09527795011545373
0.2444152040765521
-0.07019687996348281
0.9658258810173922
0.17381959609359338
0.8013034318693464
0.3125493205419976
-0.4136509407251417
-0.7973975659031356
-0.2040552513736277
-0.17703663641942383
0.7229668240304555
0.14930335135303754
-0.1070084558046896
0.16791778855052872
-0.5162775007795345
0.4393953248116215
-0.4464011120865489
-0.13985408107555783
0.29513161378615754
-0.7045150177414737
-0.8277098134488421
-0.22688821588287147
-0.7807567534626401
0.4011451291517206
-0.7219581518985759
-0.9211596934833626
-0.7793342564427586
0.8499058491875279
0.8737148594722588
0.8588778211904454
0.3674658843155667
-0.7372359001709147
0.7849181035205963
0.01838280400150155
0.6687654575180318
-0.8765739314739287
0.7435960523887508
0.7358267002155255
0.2591238748207762
-0.7810288928799665
-0.28800888499320676
0.490545222022392
-0.4349601086594765
-0.5278215783023656
0.9240122749454597
0.3949974678493374
0.02690375903361458
-0.44358195758399177
0.05552062011892678
-0.5534884539059112
0.08565090142467646
0.8112151401733577
0.054122983676224215
0.9872401767448002
0.05871997714881299
-0.7345255783342596
-0.1491764580809178
0.6010128398567831
-0.40865756033457346
0.8686541794821532
0.40252785925620727
-0.8583248682247339
0.17514548116131112
-0.47610424919383293
-0.07788932416687443
0.6449526219743651
-0.8319344457433036
0.5438628132939947
-0.4852391412711085
-0.025360522535154563
-0.972486308430864
0.16699159914829775
-0.300076348426708
-0.26349003991866204
0.0790417867241313
0.7183269548674978
-0.7217466664926186
0.4003169300537125
-0.9461681102073887
-0.3688052009954117
0.17961991925443102
0.7900875604997902
-0.9161398095003024
0.7948388586616811
0.13208808303804206
-0.5444887591816749
-0.505687482303491
0.9732898198043839
0.4079678044124059
-0.5847634876551808
-0.636748808269361
0.7404810527122259
-0.9686513756069592
0.1420742957283841
0.05456462567464188
-0.23724178231984747
-0.8023797957418213
-0.7825517805767485
0.2411418949745581
0.1945178084268008
-0.3704455737840406
0.8447797691328431
0.4651494636852514
-0.12160987216091651
0.9582140152511167
0.5177601370984181
-0.39697934154114656
-0.2809261210931383
-0.9983959840981035
-0.26368578984704955
-0.5284014184034695
0.35895467074519066
0.1806288249861508
-0.9223509145980788
0.4741718737749905
-0.9968565890978301
0.13882556352553022
-0.3203508607616764
0.8353453603925498
0.7013028091507187
-0.9641400806877715
0.06858475933116107
0.8588256673795706
0.5011139886157788
-0.24334191517071513
0.8358612722715133
0.16761610738345661
-0.1475475656012086
0.1385428863477695
-0.6944258115321751
-0.84759737049474
0.3341151167663023
0.8871387144617879
0.3735513108524702
0.02352453938893876
-0.047639514830489636
-0.15350255548732938
0.2824465065189867
0.21151319446825262
0.36185101960014954
0.7823239815143016
-0.9465150818005749
-0.7149752525073075
-0.7818078221132335
0.9019247068503448
-0.5646044491828266
-0.9440386607724166
0.83257867237395
-0.5946108474521884
-0.40967912338052526
-0.4208185472269199
-0.558316602565034
0.10189864122040733
-0.08841302718092157
-0.03410114648279367
-0.13734831131927244
-0.7828356868916194
-0.4759878300387657
-0.6526341569562571
-0.7387423268639114
-0.6529238489635866
0.09747313924925216
-0.8849688947214865
0.03472029131030845
0.46252115181943504
0.5492307938818655
-0.666901386325512
0.36680186072842147
-0.9019653822968419
0.3608489630089836
-0.42146433054039045
0.581276284512685
0.2909860951932437
-0.0987290315635377
-0.7955533567424187
-0.9808575731696163
-0.25816293120764455
0.771042034356078
-0.7484714521526115
0.40515143693153105
0.4421560150359908
-0.6911523645620725
-0.41841273262307066
0.7571592486692363
0.546411423450011
-0.9350971447469214
-0.6964634204857256
-0.3003656679738814
0.06693936623655203
-0.3382451412483843
-0.5185253690042428
0.8225712232155016
0.9994880992905663
-0.4873015699281079
-0.31628863006712604
-0.19845461397781136
0.16533546360928247
0.6376220107488393
-0.9292145428274774
-0.7794025527059224
-0.9354002943696935
0.8697528536097586
0.37821818730082757
0.6909929905548883
-0.23793272750561933
0.14786927741801292
0.31591925202726867
0.13695138299930582
0.899955226790483
0.3514700287567822
0.22472681979594178
0.985172079135796
0.5536930611232108
-0.42369497153157465
-0.7185161711803555
-0.7470926918964199
0.46404859657600006
0.8763691135676218
-0.06854812432454692
0.6876135191011288
-0.5784337362436304
-0.6895589391521018
0.1546913316586856
-0.6355476215865192
0.548870373588371
0.41813438883070975
0.5078693342119897
-0.30997623992258877
-0.8698610535304034
0.3202742054425774
0.33432531725553527
0.8812987910704053
0.9040786806342275
-0.11489275716465187
-0.5038914416621195
0.14783490160879753
-0.5061658913555472
0.8919498304085196
0.6406368165343023
-0.0374141420710645
0.34901934342072416
-0.509876282811748
-0.4609358493105105
0.5645141223819419
0.49764174613072426
0.6492354542172458
0.7133518669728772
-0.6631321713658221
0.783269683890707
0.9145186190175673
0.655885540819103
0.656716373794035
0.32529975958136037
0.3305222275697719
0.0696587507139252
0.016633238693992355
-0.369222719535621
-0.48312806706931904
-0.48076654112108796
0.442966071204384
-0.9391782280204671
0.10745946201340598
-0.12617697931057598
-0.15703940769941646
-0.1221824203917945
0.5949605826020656
0.2634833859566659
-0.3730274736087978
-0.09618280581997977
0.0518360336474864
0.09779744856392236
-0.8231739366944695
-0.2242941191328569
-0.4814502463870632
-0.5866829608872054
-0.4210714044466072
-0.6298022018206004
0.280859053541767
0.8362822641195123
-0.5743533351070579
0.682253093100594
0.6334683351590803
-0.23759972516486594
0.19849040693185835
0.9583036422266585
0.6020856113104005
0.8552062217551065
0.330749882726558
-0.198234335165577
0.7657171293329758
0.3626449439851698
0.8592930251857736
0.6807642405645719
0.9090327582006476
-0.20222084878179472
-0.33029531826168945
-0.7387980622365673
0.682618068525742
0.6537858264092475
0.04863240018314538
-0.3081993469699491
0.16674467598490197
-0.39313982377982354
0.20796217765470387
0.08667494006697968
-0.7004348980037639
-0.37924828169260577
-0.687442477760023
-0.7004510373566262
-0.004574210927950198
-0.632071927692244
0.07741487407334091
-0.3694893827250173
0.1555841311106733
-0.022339855399499977
-0.12772928457174632
-0.4475121861362964
-0.4048714354342864
0.5695662893339134
-0.28329192024620137
-0.01902504218249799
-0.04858404847475565
-0.5590418734670224
0.09776630957136924
0.6810937026420802
0.10418752168809886
0.45989437669254296
0.09825097156863874
-0.39569606970867993
0.17469811352905779
0.5054362904430533
-0.9633847653268073
0.5623366657282651
-0.765718851438795
-0.6574082982483676
0.10024050031289188
-0.8484185475224819
-0.1777441702398125
0.16010092258595035
-0.30318291017818977
-0.6210819982555109
0.3737130601977183
0.29994464682467187
-0.6092051242375525
-0.6994476730542233
0.6242047233079504
-0.32684516815410875
-0.256240006921038
-0.37677150075914
-0.25916595045366847
0.9712979061067027
0.022156101356837144
-0.10266925540941864
-0.16343404694009608
0.4854644310718334
0.9955373140539775
0.6070628568999161
0.37859564396114326
0.09582504550119215
0.5789203234967739
-0.06608571121158709
-0.397545609567053
-0.05205161032174649
-0.2709731842769794
0.6563985217827083
-0.3672766541474956
0.8490315051358968
0.5444945373223544
0.34589591899788813
0.17947901988608372
-0.9060066377526642
0.7531691296700326
0.3523845355406395
0.5589255827694772
-0.8535174475723823
0.21842820898725782
-0.1771921931602229
-0.5297306099260791
-0.966261824344267
-0.5675787043788234
-0.19266060063408147
-0.9243236491263436
-0.12812526664547538
0.35921585303526166
0.12244192869927412
-0.7513312502076718
0.19066862204813725
-0.6039731883058442
0.3746661857684716
-0.7550211681651025
-0.29037315677452
0.42008397892473254
0.7401831220287988
-0.6439807055902859
-0.7938899142097017
-0.43593104859337184
-0.556767189020068
0.22699446358023345
0.5775596107202489
0.6089287184893108
0.7414773819745173
-0.24787356186098503
-0.10755352909518068
0.1978950164754163
0.7077704076243174
0.0030022002760289484
-0.8986900538766818
-0.3151834076729475
-0.5338359989303617
-0.7540931097728275
0.2480454273837517
-0.8452427538742623
0.9937394125662423
0.45193042494662
-0.4006350212264647
-0.5484045517382276
0.2508918781198961
-0.7501424434275669
0.02635903600466766
-0.4988272087317921
0.6469717592797432
-0.5676676359631634
-0.9383122758600937
0.3288191520166525
0.1425663221429805
0.6659581171230123
-0.41280936927968603
-0.7265296760287665
0.30798954512926346
0.45764542486102017
-0.221645597781636
0.23281198552789104
0.39770281595512214
0.23540726513085686
-0.5942309794807505
-0.8769204883281484
-0.17033103819949477
-0.8066870592727912
0.0970357325273126
-0.0010771902125451113
0.305426597959791
0.1635767606190146
-0.6001556829523271
-0.8321661341903408
-0.8093014606273342
0.9887033854054349
0.7323474959242054
0.42903218728975767
-0.5120179743788514
0.12600134184420114
0.11932149296441659
0.515757983090277
0.3434047179235424
0.040800052416967776
-0.5534813959053266
0.7536244598273634
-0.4606637667035708
0.5069216862034277
0.01586478927167317
0.5869743303081029
0.5481994959483856
0.10474638890696716
0.7396853753277361
0.020622479580179837
0.37081667262559753
-0.23432154682678144
-0.2820970377136804
0.4481262223992172
0.537087550538466
0.31806852882066
0.6559630468735077
0.9624888118135425
0.47802576474362724
0.14054506006878212
0.7857964911648427
0.3360949016478857
-0.906594710530028
-0.8247289708134287
-0.6409285622303535
-0.8571698249284003
0.035486174505270654
0.6529672125347769
-0.46598285008613644
-0.45911881286637135
0.6734102338863135
-0.7746373725206256
0.014349791449702307
-0.10035018539798078
-0.6537520951496395
-0.6113705361379952
0.7754804232628483
-0.38202967463765936
-0.9671335165219159
-0.476079330158437
-0.9470475212789168
-0.2807778693546523
-0.09021965642534743
-0.8406043329769348
0.8222031260280598
-0.724207052042198
0.8556191325080974
0.0916809034892314
0.9057652756294141
-0.07004382374710351
0.4319301812566095
-0.3157852042574085
-0.6867069873473124
0.2066770927029578
0.15341001650882433
0.7206883105467087
-0.10732363270114809
0.18890665072230786
0.732040829428575
0.18927620253646374
-0.09484045236197264
0.6439149480764802
0.2663713148362837
-0.35992310135659167
0.9669816908668222
-0.7670550454662547
0.7911511450767349
0.5138714291556951
0.3482292838800887
0.867459669407528
-0.7417972808128821
-0.1770152174912836
0.5054089770020954
-0.005651697688389351
0.7966851256133586
0.4384343760396351
-0.426099091847183
-0.18417607732225566
0.7410172102352334
0.4596297562223828
0.36618667620603845
-0.8146116899747327
-0.17694460981120744
0.11925827975334868
-0.6871463002254352
-0.6128798177320132
-0.32675057029119137
0.6091949606301235
-0.16736482189248986
0.47010238056812126
0.7863222524489184
0.198423931788707
-0.30761710004847903
0.63634139710664
-0.9829316236964154
-0.9639625466890059
-0.46645246821153
0.7341443272964376
-0.24903463192286107
0.058353496484173394
0.4231242895893702
-0.37707028841141144
0.3710599937767034
0.028334401505852883
-0.08963518855025315
-0.5180912949255083
-0.05045592802587592
-0.2552086892541064
-0.6965508342304357
0.3930452148190749
-0.904478739376514
-0.08501635670119254
0.7169975985760996
0.7897568240170337
-0.3209247114377054
-0.6333055528185872
-0.12523593817777529
0.127195136349275
0.0921074319865099
0.5919123792137037
0.26348914483889335
0.08385234420225769
-0.8341784497702412
-0.4171990834048796
0.336079571478676
-0.8372084120166542
-0.1280750096021239
0.8762394329173304
-0.25942407977741067
0.9223616972169651
0.40732923321845643
-0.4888058261653854
0.8265182821349025
0.029939915215974073
-0.4788075100901746
-0.4503169623878438
-0.3692951030562686
-0.2971996162411963
-0.36997341362343794
0.8077412597180558
0.5035564564855194
0.9328431155356376
0.6421393893664264
-0.6932735100578454
-0.44502536977178464
0.7312211024536429
-0.6538708144403612
0.5183513072382677
0.17842861046078848
0.7953793688837695
-0.30892739695625115
0.2538639688922954
-0.4219898075577962
-0.7623512446026307
0.4757803366440449
0.20237461653878452
-0.7586830771028875
-0.12482257021297526
0.9732093766434592
-0.6397887931413668
-0.5605103743297958
-0.3885989823057142
-0.42466865817303223
0.19648519773889125
-0.417772307009969
0.09805254725889988
0.1676571057970139
0.18003455029379922
0.5849479701101221
-0.7686932024518567
-0.24225751573145435
-0.9058630651811216
-0.4955636115320297
0.6727873454024961
0.18014801857781906
0.42012312956720227
0.2866400677798044
0.3619667122159495
-0.14780010749559194
-0.03156947755499993
0.79960745947953
-0.991417822092534
0.08003061835241666
-0.8163670172639266
-0.05312665519019426
0.8467197117281365
0.7671279929048478
0.3193048800460035
-0.08284565350486965
0.3513340072531964
0.8652094654376684
-0.5258426218093737
0.48903117926113426
0.1870322474337336
-0.08053001898749232
0.15647201018016252
0.12975805574605687
0.9294222329277146
0.5126975575755158
-0.12264132796286326
0.47300188944888644
0.284975477161097
-0.9866777469733458
-0.332799809591197
0.41877955957219415
0.519669958286649
-0.7782118956454679
0.6334116646770646
-0.4476231034788411
0.6851532632094695
-0.18357915321439103
0.5578947535413791
-0.22545059718625501
0.08222513397669828
-0.08314035770316558
0.9829005889321842
-0.800134586878082
0.5517238822671309
-0.36456413677570687
-0.6967145113159892
0.710548590503434
0.32682739591161697
0.6665492422390218
-0.09152865998092093
-0.9006773202984065
-0.5900387452144996
0.5617091746678489
-0.9275625711419235
0.03432749753846313
0.10946242725153225
-0.14611731930469332
0.41061958411931104
0.5264405164236898
0.5066846434967786
0.5157213140161326
0.7223466426685878
0.45914523200471097
0.7563580951055555
-0.07147673085577426
0.29032762896319275
-0.9477602019531822
0.14942813273439162
0.3213306482336415
-0.27292657336000875
-0.5273585825650509
-0.9206060398845953
-0.47767923250893046
0.8169210944956516
-0.3993281328919725
0.3204506018775251
-0.060055855473511305
-0.3730341162462806
0.6240482948520905
-0.38583640648051004
0.15646021069367463
-0.18235612839990167
0.1265198723257321
0.4603706919889477
0.41426188707462075
-0.5533189249104645
-0.3042746001220509
-0.11805518586530553
0.7152735512823734
0.8948823781971523
0.7746572243123686
0.7804912509496091
-0.4831040973578963
-0.2837855595375002
-0.06133742174778144
-0.04068443157612263
-0.1400547989676362
0.4544604233433591
0.3914058721768313
-0.7182385793572029
-0.9816223826270873
0.5332867791623738
-0.5093208627958181
0.680662839365312
-0.8469791777832169
-0.280978072453482
0.3332763862994189
-0.33959428730991864
0.13711504714718648
-0.8029889442794352
-0.08553628101215423
0.4010802878960802
0.8271636604167409
-0.3003816952920241
-0.2114514437434582
-0.15689741919673592
-0.21562222620281574
0.14034990594547178
0.037391515628381666
-0.49765781937365744
-0.4580229253409911
-0.7657522510198163
0.942773052658212
-0.7164551041311858
0.1711788152762179
0.45937030025509146
-0.8344547987004285
-0.10170844172735755
-0.39326877925120385
0.7720726069917488
-0.8342237842029344
0.012213953725060138
-0.9460392619246667
-0.18051444859794571
-0.7065042739453731
0.32070294316537173
0.4300163200310062
-0.6620891127100165
-0.7107380063272518
-0.8509931417554893
0.8500011122598244
-0.4995407043473935
-0.24553696148536444
0.1035390185854271
0.13521551430592466
0.7871490618027671
-0.2463682279571874
-0.530559788383373
0.5059165836166856
-0.8513150570182297
-0.42692173012951623
0.499137951929167
-0.08290220767370474
0.9702147906350596
-0.9936143398906867
0.7595317801348669
-0.9176775345822306
-0.7647347527883557
0.4471944088988964
0.7373173095324365
0.44421616039792616
0.6405111224022028
0.3755866349300375
-0.9785127943143143
0.5293492890607302
0.39403432287082235
-0.24422490742981218
0.20831488754832417
-0.3718140818830138
0.5061064443765669
0.8603308546205222
-0.6848468511053648
0.53759491450099
-0.8332504629175125
0.7299520909456987
0.3484913003373117
-0.5765689852937758
0.9539499650349688
-0.14221558032523865
-0.14193204976886278
0.6006875044543136
-0.6503720788395917
0.9568362410101148
0.12106626982245816
-0.5338362634459634
-0.9830059507480328
0.0378124331488907
-0.9723207525921513
0.26709524617496194
0.10708941369654287
-0.8240610596888203
-0.3451584898901081
0.5180988214971389
-0.4399564913269545
0.7545216252648591
0.42096817750280613
0.4130930435680077
0.8460618337502135
-0.45335862028037394
0.8227035158587459
-0.007054427187387769
0.7551758920012581
0.6818837207645548
0.24473312882567907
0.08752512677210858
0.8961402978737889
0.48355497292085664
0.021782345188180854
0.8855157964338498
0.9217847817624829
0.9689616742062682
0.5663826538429024
0.7709329869195928
0.45029345251864145
-0.7220952028902999
-0.9803353885561135
-0.7884037084083495
-0.40868883161998354
0.7077029075195215
-0.8013143947573269
0.3917408153194625
-0.16889784364670962
0.38466344266951114
0.1696251018564111
-0.9888034874268217
-0.3618285032627557
0.4990994219067604
0.7132670385717775
0.6734660164768603
-0.061204013956134416
-0.16716738310859727
-0.6428422906235496
0.09624127978975323
-0.8153956038843555
-0.24730458596978877
-0.006595559708280401
-0.536514824470263
-0.20412035929398736
-0.042331800290033056
-0.5030154100553682
0.07449519482034808
0.7243921795859358
-0.20765245768617502
0.4629192769391863
0.9898528193976308
-0.8194210280832595
-0.3990689354828867
0.5017613540499726
-0.2649314882701604
0.24664350562640047
0.4912509327084671
-0.9125850485416362
-0.42522658228876015
0.6913530748047957
0.24768373613751007
-0.012000333905953299
-0.8076973352960785
0.5201498631734449
0.47999632961083727
0.7158004253067802
-0.5855614361653995
0.08346212432770722
0.6219774030721894
0.8357186563107665
-0.6310928910906893
-0.9238464505918248
0.6470698628391772
-0.3877480355778854
0.6938635298880973
-0.7440773482576616
0.10208624618588949
0.03199477506278119
-0.877379410498951
-0.5792670376912197
0.7749699258548363
-0.16413853669923312
-0.4882894409215905
-0.8630433608470967
-0.3222819415089802
-0.35643587408385424
0.12893754605565055
-0.8294713797977378
-0.3498338855709286
0.08711324862689497
-0.15557949323061263
-0.09817640700441653
-0.7894805595225282
0.6485411485650067
0.09512362928809959
0.6079610776647227
-0.9828185268609848
0.15493441537551933
0.29399907916042883
-0.249034109196255
0.4667824795565938
-0.28352731984437735
0.46386027060658286
0.21990801718966874
0.3646000538627284
-0.6691411179198524
0.6510159854779494
0.0334696705976009
-0.2105547179778522
0.40898544334227127
0.9557857730510516
-0.41338184992850363
0.6284323595237141
-0.02498375887556414
-0.7549901765553582
0.7208165452759994
0.5794916638284748
0.13082897431931856
0.19863714542264024
-0.40281744604264325
0.551796205222703
0.7169597166020628
-0.03917556905512335
0.13899557672522786
0.7862211393410963
0.4525015252726309
0.6102545683305913
-0.9209686681798654
-0.8074921073323101
0.4312346639925856
-0.09384064313560887
-0.9397775279645852
0.4174123084545425
-0.9082956434240755
0.20566076061104896
0.5817065252986272
-0.2691941490567609
0.3370380770000261
0.20097023203758538
-0.6141803905417674
-0.9033132541581806
0.4876188214197013
0.6354586112124913
-0.08448169317812697
-0.023073714784562334
0.6688389564885627
-0.3986757939545352
-0.034581693439560655
0.15162577718679585
0.6567904496346457
-0.22154712090083004
0.12331312549005326
0.22405620317021865
-0.9785532114281521
0.4856291919042704
0.13028834833373418
0.3612473685669835
-0.22907131130598649
-0.23644005152332778
-0.483454714644343
0.8188374147614523
-0.539436088414455
0.5001294640260727
0.4196222773333633
-0.2817431841933214
0.005723415484666227
0.6505236025646093
-0.8975453144866675
0.31782513014537506
-0.677405811542696
0.8851597461360996
-0.3955411291033627
-0.21011157531666885
-0.3413672560875937
-0.7059228338476488
0.7617569806995811
-0.7376098604884549
-0.8455081594140182
0.49440241489242837
0.5021628486460613
-0.6978374598054469
-0.9907320978516573
0.9976886131674665
0.32080639107120745
0.5856544179289271
0.5957781708399306
0.3147590903258502
0.9552474433365011
0.2745939795491641
0.08623781063529946
0.11697618015208266
-0.8640361653859567
0.31487906827676876
-0.9830072342073489
-0.8432905978838721
0.30245662968352044
-0.6096085611595411
-0.018586683647061383
0.6854054609329693
0.45048124727021294
0.9720134241131179
0.7940539224571096
0.7899923574169938
0.039530087388953174
0.9825183114287396
-0.6102320358528834
0.0901793316768715
-0.7693803006548062
-0.9521899955094434
0.7408671854654515
0.9877070523402864
0.7289619911833989
-0.2935336556234608
-0.5563736673795731
-0.2793253680824788
-0.6715797240143531
-0.7216954191083887
0.3148918240308325
0.7157664998363812
-0.5514568723513652
-0.5931861198670013
-0.3775208159611768
-0.828857298392685
0.14793103877379235
-0.3567020386881027
-0.42594521563744253
0.3480544149723318
0.30162142246844487
-0.8333127709316632
-0.6553155135662523
0.37534915057419377
-0.30801954612907456
-0.6657034074604063
0.6732664370609589
-0.15102941336874795
-0.03210371479797028
0.8978701408423693
-0.15159475381452656
-0.7452057034023543
-0.7120478498088201
0.5088638132744051
-0.26046644611042336
-0.7229017087964753
-0.5854567683766928
-0.6158672103198111
0.8080944565253116
-0.0164117770278932
-0.9802341866823834
-0.3308882129827893
-0.4247853029680628
0.8649829245512696
0.18087488851142255
0.455091075052625
0.9826748702909782
0.456179384928061
-0.1599804314351597
0.945553543143875
0.7810629391886366
0.7514912674750795
-0.4623807532339778
-0.4054015066872838
-0.3456321838813762
-0.31205029510336335
-0.8737301110678106
-0.29646542777732227
-0.34121769342938646
-0.5964613465452044
0.6476924623720824
0.38223228022299505
0.33521304475340097
0.9955260964295949
0.9932599118840774
0.04758134793693326
-0.5647435127151819
0.5778824428847606
0.7527887393520067
0.530370907592957
0.25648318870831766
0.38604088685767746
-0.9782203960398111
0.18604338150881683
-0.17477008561025106
0.9820799254831946
0.08045063165142813
0.1517270555019669
0.8813876563650295
-0.7365765800382625
-0.7287738333401552
0.9023056259062421
-0.8291198250588012
-0.6898227337522198
-0.2792025419308898
-0.27389825208562185
-0.8214233334060533
-0.6233011172070735
-0.7661644579500296
-0.5742972413107394
-0.25505814270683425
-0.6702404217374849
0.7001901440875121
0.7294022770367162
-0.16161949939295464
0.07803809217178061
0.684387213565507
-0.715788034756874
-0.5210124200212318
0.2630443586712192
0.8280349591292709
0.32443638825328724
-0.006113028011939594
0.4684667951612057
-0.02911643221833297
0.11603859550831688
-0.6094177139542468
0.5635754242080163
0.5622281887284956
0.7082326189893751
-0.9431192533638842
0.23140246902334485
-0.5240987668147988
-0.08910477116348069
-0.6458323775067832
-0.796677771283172
-0.17782240393058713
0.07621639538875241
-0.20506156675840226
-0.29552573491487005
0.11083091781164035
0.14435728305020337
-0.667110821961287
0.3367155563579611
0.6166448753443772
0.7456107222626016
0.9190755260093836
-0.43808026922468163
-0.6576006510123413
0.4451606017259445
0.8683262767554586
0.5507598698378453
0.6354460342372782
0.53249301229259
0.2311491734478491
0.5187996578321115
-0.8876641541229945
0.42136633290536546
-0.01765597564911721
0.1388884575275165
0.13269616356059175
0.6441701651895907
0.7398366511670612
0.8133368627171371
0.31606168263164086
0.3314871140407391
0.06934450114560534
0.37600192354163164
-0.6012268364199517
0.1170223814419618
0.043245274696899594
0.5891272958954468
-0.30095496924509213
0.7276759689501316
0.8731792873927741
-0.7332801896462517
-0.8093953025489175
0.9649855101034948
0.8126459957595871
0.22699926811452603
0.37908915060496085
0.2847184766132053
0.39997254480654887
-0.0037046300014436638
-0.5237872994533721
-0.0450166253497226
-0.1237673381863618
-0.5288772655021173
0.38761791601282686
0.7109365716056528
-0.3906727452484955
0.7974784173734374
-6.412727557794456e-05
0.9060847270147486
0.5230014366425171
-0.2568667154948338
-0.34178227943416856
0.6870646395369129
-0.4364231411001643
0.8351298411419955
0.35279860705406935
0.44593731262995306
-0.5731969336301036
0.4503547330865795
0.36554782100202915
0.06570429342914023
0.10890400959209434
0.11091241174077314
0.5477630535301755
0.4092299698693665
0.17759252783108548
0.33020367322449246
0.6001486040824926
-0.7337044068224582
0.8505841579042239
-0.20020294239812275
0.19487322075823785
-0.6120868530563649
0.971060539370046
-0.3737009606424795
-0.0004467757311621551
-0.5682975802240181
0.36562121131272884
-0.6291676751597802
-0.5540706563052523
-0.13852835372983055
0.683049570349552
0.6390198875380765
-0.4439520527361207
-0.5188749739304922
-0.377848441890364
-0.05821341825749024
0.20772209127421573
0.6513149766288759
-0.7575584309817394
-0.375189204246082
-0.17976735087095436
-0.5960354059338917
-0.7469331669172558
-0.9099326933595757
0.3091474585736821
0.7190642720864188
-0.5028574309557828
0.8512170910052885
0.8624939438132119
-0.09407386150292718
-0.36549619572131614
-0.7314229494667263
-0.5441869955960751
0.3771628578732031
0.5096407400684756
0.035943156211747096
0.7249047814414369
-0.6208508880721256
-0.6060169013240707
0.004750199830538655
0.2108685301582801
-0.1402770675641332
-0.8629954082615281
-0.14471786517570934
0.479285048719135
-0.9917704541696896
-0.6056692942741831
-0.8154284356756968
-0.9812151741288697
0.6157723488866391
0.6869943099926401
0.19437288496902505
-0.9480682982505167
0.3186503208738826
-0.5653373872806707
0.06645471125347835
-0.27357864018851147
-0.9182110204309581
0.4678697994758678
0.9852862478394048
0.8514982522714775
0.43801903838696493
-0.6972995198415376
-0.997393417176255
0.04340403388736564
0.5722351951255475
0.47354268132597466
0.5437989330006365
-0.11199796811405795
0.35299475031613664
-0.12028628645388012
-0.702640266542041
-0.48602005982772817
0.5710357847311912
-0.6797053877124878
-0.28939854508979296
-0.24158306250952244
0.24373066702860058
0.41918836169143975
0.9510680691637087
0.567401813621617
-0.023778056263488372
-0.5509526640155308
0.13848357661260363
-0.5833311465589568
-0.9711594394398723
0.017795684263187055
-0.6378533467491183
0.9323658976312191
0.3216301428239375
0.4568722194012359
-0.8846490193605595
0.33263051112793507
-0.1234522783939851
0.7516386932241441
0.053773343080085155
0.9378610285842713
-0.5002880969029505
-0.6828147100900243
-0.30308518013333313
0.7501701010162516
0.8741528827509024
0.0921864071270958
-0.6974026046707061
-0.7295359317450356
-0.49743829557831126
0.7934888491742529
0.28441112965254656
-0.7767867005312227
-0.032960776776041305
0.717310379339921
0.9681015905133393
-0.3236464836676358
-0.2121877048243237
0.9647453102126671
-0.614283859287268
-0.10563694600772576
-0.40743284392765877
0.3527799653241969
0.7168527353619932
0.19556378376634212
0.41507797353344483
0.23843595514012847
0.1493638324323438
-0.6578356206991022
0.018698016537760265
-0.2195162088229718
-0.15633706134335465
0.31889947307667466
0.022868466552591074
-0.31875060044253917
-0.9020436018237221
-0.9786885503623873
-0.37599561849896346
0.9546598008369107
0.24272654346932795
-0.21869286650153957
0.92343532118917
-0.7392547416036842
-0.5928391426355714
0.5785042076163057
-0.5603154983406112
0.27966881496345947
-0.28073405970623233
0.18826530198806268
-0.06816889628828891
0.5521549200013935
0.6852004015772317
-0.24916001735149085
0.5250388768016132
-0.2731874445915666
0.8158582915926378
-0.3569859635975541
0.5859546456458694
0.09034411845522895
0.24686423036772057
0.22151959922625214
0.6263995601279342
0.17537944312032078
-0.42725328471520496
0.6810427215553911
0.21558576643758112
0.13254767439561335
-0.5686285870207627
0.9093722670693795
0.6398967355820251
-0.5529889300054119
-0.18979793113737317
-0.5567087493903222
0.5171794040618074
-0.16154110047145054
0.09599710317768438
-0.43036446850537535
-0.7744357139521811
0.50420801702478
-0.9261462346030674
0.90903594121304
0.8142124013080694
-0.06642724854686799
-0.24433596443064107
-0.8130097420301822
-0.08697307944824488
-0.47052480444656136
0.8616603930722501
-0.7821807035283294
0.8035021923338603
0.4111901775587667
-0.7795626250317476
-0.5726953292573909
0.4069488920459823
0.3222957133766225
-0.7250838834583493
0.8731637155288564
-0.6553149124932229
0.2929563411326221
-0.374686317025414
0.0651927007065656
-0.5785329276927519
0.042438546067625905
0.5189206508001697
-0.5245849802112942
-0.03711567824122497
0.18124970440095137
0.4301024065929692
0.7175345409655458
-0.7432539935301815
-0.2917243927380178
-0.6457976954020322
0.9894259142447772
0.4587426794969969
-0.7160665693613746
0.8862959522698843
0.9568803232000407
-0.559510779862928
-0.5006228519510598
-0.317810077891074
0.9417770974269932
0.4613493673847736
0.008565110438187366
-0.16069752356205433
0.5736791412158246
0.0775360891176446
-0.067234328324673
-0.9953926538088363
0.42940072511753563
-0.27537482644566724
0.1966681352595116
0.3063322612751921
0.98041384726274
0.993062589693155
0.07430668296062969
-0.1330600530268629
0.9697347351860026
0.9046228566172991
-0.8939431598021598
0.227671282082933
-0.5940208743207177
-0.9949308634956344
-0.3721805890208738
-0.16354857353083027
0.9967855123526072
-0.3644346616768418
-0.6136552777473971
0.0968810072382235
0.19296057560026464
-0.1041984690318172
-0.2036066299222341
0.06408800106016553
-0.7349463328520691
0.08254394779158614
0.3817307153443778
-0.6408539478405991
0.11941778535052489
0.8880175068744633
-0.7622809624531396
0.5811078263139586
0.7181652424992988
-0.5595614149182323
0.7044682750103803
0.07310211862039184
0.14166329505053318
-0.45005759989461974
