2.6794895034056854
3.3771725664223196
4.8182999923688685
-19.246130230628324
-7.130717518947058
-15.548965808671058
19.434780750137143
13.102645674690647
13.418030796494884
10.930057487098077
16.01058422617569
4.405699235646865
-10.138390822861885
-6.9969219441674335
-4.715024033648594
2.3452234020958684
-7.521592934046408
5.721471668573694
19.218699790392677
2.178775425191115
14.154922764731218
-14.283049862323129
-4.124470615984621
-15.640696768270343
-4.15136231578904
0.6662090882167293
-2.3528925555708513
-16.56041716465165
8.267130769036534
16.177789257841773
15.754824975458298
-8.511870677421683
3.7779659371580365
-9.710615694529565
-6.3160704243725085
-8.281057081384615
4.948541193687248
-12.408211208691755
-2.127971975854166
19.239739437452485
-0.5692673327430464
-19.349377732458734
-13.765642791093775
17.49651550144185
1.8888362433888828
-16.534612736490025
-16.218455428501628
14.45018314946076
-12.850143133242593
5.971465854542468
8.060823315852804
-1.0284638994794904
16.4535123712813
-17.356718087540102
-6.392936391173856
-9.85000057531006
-6.621288660736293
-1.4694836885747842
15.350889645423473
-5.87967049300433
-15.043289859188942
8.927400156248444
2.542902623704526
-0.70183089883598
-17.704030210397352
10.529871216611006
-14.162380742229566
-15.793348736457954
-17.513170585740625
-2.8404781867751616
17.719948928878786
-0.8067935772401569
17.250804179772242
-14.390879022262277
17.103847377592793
12.93866098352309
-9.0937240494989
7.530911962502835
12.405175115249655
-6.315288278791118
8.093961165935127
-1.0502662061166301
2.301291731606576
10.414043040958024
-8.04709842164737
16.539191133280212
-4.101576043729156
-5.8613279634989635
-12.807338792576353
2.1025562688403365
10.226991276443865
3.912405461860322
9.241054906899592
3.1051973787299403
-16.66123833315041
7.940165360061435
0.17486625179949034
15.387742424297798
-18.874042346189725
-13.815497087360331
-15.501417508937188
3.1320502123702143
11.153439328539076
-18.455745610271862
4.022545149019838
-11.321931136443046
-16.52857462516294
-4.113396611263589
4.681729367122225
9.963828482126832
-0.8732257260537324
-17.650563275610217
4.396101299879054
10.8091629527264
10.851188430260326
-0.5043794211400288
3.0281310376621384
-9.346084136445238
-13.419900440917916
15.074245057538338
6.746928891311197
13.857578250296276
-11.62651836025637
-7.146683228822606
-15.706234494475106
-5.792817524728053
-7.4340493568987265
-19.96109025298219
6.652325982254004
-6.044260110187802
-6.075921362496994
-12.983607424749195
19.930468429742728
-1.078279931035886
-6.787740315752333
0.698085712982679
10.704495047710768
-8.56754558543955
17.051368807104417
-1.48066801820395
1.9580017687989937
-8.770064444440315
-4.352973166542937
-4.679161496451014
-4.216970195146668
7.194487459057091
1.3527270934239954
-11.519106828288649
-12.14204600454362
17.904801771023443
-1.916562734402052
-3.6670935824094553
13.826362054207815
-17.52787237263776
-16.228078099688155
-19.849202010465557
8.522966968443253
-2.0799241202165986
-7.350217467319
1.4920551055428488
-11.768496674084265
-8.378299456788746
17.253501985763222
3.6372859747502773
15.218713521246965
13.226450138627959
17.083853760611447
4.373664468344756
-11.276952763165745
-10.651851662929989
-5.799447227441523
-2.352130480663459
2.671113591890202
15.480163214996182
-1.9141791913659478
15.33543706673758
-1.3517931552974627
14.210815021239176
12.967382649997546
1.10405364962046
14.785642648350148
-1.3266349872279726
-17.432664701552547
17.06221467201038
15.470038978522688
8.070195610178708
-11.442515097708363
-0.0004872384753307202
19.482578088714597
9.193774364884955
-2.361539911051853
16.791807454587474
-15.463644494089959
-5.927139596705122
14.417411750340975
-8.777165391376398
3.1351714752193605
-17.35768993646197
12.861714575276046
1.6181277557988238
-15.50789937997179
-17.110515567759712
-0.09653404233399332
-15.154969701987273
2.8448140024928836
14.55323924108277
-6.390475484760452
2.4019007887187227
-14.672304603264386
16.258374841491708
15.76874747306286
-8.799484880446524
15.315963991653426
-17.73454212712007
18.335725816506955
3.9341126275196503
0.7659296597068943
13.620304290141885
-2.568610091169208
14.738097302137113
1.4930383074141718
-10.499742668711782
9.18988147470837
11.391730270847326
0.9041349308820257
-6.594567587108888
-13.853875333963842
8.636841473926488
-14.496246085336729
2.302140816168854
17.437178602729567
13.399458871698005
-18.207898680278465
5.645895728819825
-5.97539544318153
-8.580692633109184
14.27824963478287
12.187505063972775
-7.867940508447511
5.147528234312615
17.48267983307269
-7.527273853919039
13.95966950649235
15.160970565893592
2.6888273033517596
13.392062580448352
-16.883010415539115
-2.6061559918624155
-1.1545692178446387
6.187041674786187
5.6939926498133175
1.3018328013177127
-16.036355481230032
-11.94983884172598
2.5541134720582503
7.1074994320182805
-5.918119847374115
-2.5861357652874206
-8.679427104777124
15.110607409668667
18.700254571119256
3.0498707970071504
-4.529177677779614
16.577476640840526
-4.914161863737152
-16.58308235255545
-5.255670292100718
-5.418881787104648
10.786559341640487
-9.820958396202926
-19.489912853666056
-7.968337356913424
2.6237877053481595
17.089045245265346
15.431447110878853
-8.370173095914364
1.3803453861317205
-5.729499537536675
15.975230241523226
7.105823640265072
2.3981786260602656
-16.385615675670365
5.460837527052957
11.58921765945706
7.049946105516676
8.69326074374516
-4.5266129758738405
18.648842367414318
-1.1145470928779133
-1.4140294594147473
5.883083409976582
-18.12482180393801
11.989949004699207
6.203065070001723
-13.31548010833998
-3.8830049087660523
-17.724669731870254
12.410859928798374
7.082041792736518
2.378828743011998
-7.046381869052407
13.044130132597731
-15.80093111983826
11.056984145966249
11.96492289273313
-4.103252517672185
14.809067185389955
6.689013736532501
-9.61096451002993
-8.348763125759508
2.5592294730219
-13.645517740223202
-17.66226874236979
-19.955603487755088
4.132876227851803
13.40252128301756
-3.4249598451412933
-15.770478380609557
16.11442166655199
-13.901604099744343
-19.337623200126387
9.075547457459878
18.106019244406227
9.191032350547182
3.273940914705551
12.456762969597452
-0.7190708508025434
15.106803303892079
-2.0236562947074566
-16.06035395209441
12.612669163509915
-13.329697520211594
-6.21782249535896
-6.581998397977604
1.101950886672034
14.516033796730628
19.637849040965804
14.191453165815924
19.213636957315956
-9.954637493158707
-15.628800859285136
-2.293828633143038
11.298701979180032
15.221381037651685
-5.669851137684323
-13.892365786435876
-9.990925441739925
16.258824095094862
0.3711796043846505
8.495422049532685
12.98791007967469
-17.835381756401656
-15.439718958304782
-13.4053930229034
5.096271108217891
-10.016820677118531
3.4229385986329364
10.138194395915278
-18.379271711702717
5.036112291596093
-17.602226948517163
12.995404879088852
-18.225285121660466
-16.133578257757843
-5.075699422271351
-12.221865468010993
17.271016865942048
2.5931360955424854
1.3306603632501135
18.503175204574003
9.03164361321605
9.213629553425253
-2.4065450301576785
4.580851604353522
-4.599316293020568
18.13454871909756
-5.091182134826
-3.147869181048879
15.0116974884163
14.497996920221329
8.077315311405355
3.112134958727548
9.149913398621031
3.4044027635241614
-16.31179311682895
-16.751799585878278
16.649420626680453
3.3612617488473306
-2.1440533620747937
-15.099625004118447
15.145025014839199
9.904079471840102
15.01994399646009
-7.062121741137926
13.295038567294327
-11.888589125371425
-0.20448459831497345
-3.3597816858984064
-16.260595193390614
4.874348267649493
-13.12892657993264
1.5547080157577442
-3.2689260003557363
-0.7805969648001776
9.124238127136483
-3.7016018339147028
-7.187955628020939
-2.395485024429269
13.321948619902205
-4.675737098582755
17.32173555107757
-9.86043855966463
-3.4312922646792554
-0.9792884542332425
-6.11350568590824
-11.546710248725454
15.176705845311321
-10.13786691992511
-10.331091601096375
15.169543204785612
-10.007112486493067
-1.9313023905707638
6.15497394658707
-18.548485004031242
11.78985370052592
6.183083557392761
-17.7910943498576
-7.568453998000306
17.558087541872798
11.637148788712368
6.74779700685435
12.69258877912041
-4.703182384656377
-11.188380068197294
-12.97423832520761
-6.5270962805415955
7.469529682435154
10.11058267458196
-12.362651831387996
0.03344999237540058
-3.8553446205979824
19.94101222534251
8.909734942116309
15.233792713853225
19.578289576816104
-11.44754994978873
10.414630351544215
16.473754594326742
5.323724613366063
-10.915002234589073
-1.898619545910245
9.493138089411968
3.282340971774995
2.9128823055028263
-14.187874927222284
3.537212794308049
-5.6634395466231835
-9.869951787043467
-0.1139222556579167
-7.259494700774822
-19.50557253593676
13.256679346376163
-19.757298148193797
10.138230712328337
-10.8645531967717
-4.6701878763566285
1.2906309710418329
-4.475480591194074
-16.2296738222976
19.677065795507993
-8.90264419046282
-3.445795770676763
3.673534404335741
-16.754213728701778
-16.349415736707243
5.372970891153517
12.85651610103493
-2.116113935071877
-5.096875037697415
-9.294349501169128
18.875537679951805
3.3438603960782354
-5.681413582740613
-7.207968415099133
8.577529654332082
-13.294736559794806
-1.3682770304484881
18.231383304976564
5.59396198345226
5.471628499332932
1.8008839462716075
-7.734300978718802
-8.588706818941825
-4.663064163427921
-8.310246102357333
-11.77786814046614
-6.413686428124503
-1.0783273747243394
-10.353574608774334
-18.84680618069826
-7.651745214468089
-12.810888889518285
-4.319019081818447
-5.236844871675563
0.8302643274066313
-18.40990633914606
-13.90244699596848
-1.829172814398743
18.32715139209204
-10.931669299272201
-16.17079225769561
17.043894346213886
-2.5016646610148285
-17.662821856838722
-1.5220336201248763
10.91813399436866
0.9115011730831268
-15.06807246489345
-3.117752550699837
1.2972081099784294
0.7420539581204766
6.364069171036961
14.888194333922268
-6.977824067599339
-19.943155299426838
-19.671018626435554
-11.900137972259465
-16.86662420541606
11.349113472873809
-2.1933230151257144
6.285412352258697
12.11980238470102
-1.8523026446888702
9.818315006533735
-8.675430262021568
16.88376070370442
-7.281212438471325
-3.7790526691904036
16.170637192312146
6.544265644496581
11.305182760311494
-6.76732132962222
-8.260609930199184
5.084009711653699
13.776363898506144
-9.955319876379566
-0.8378770538836555
-4.842630071988765
-13.903945224508645
-0.044273960630469844
-19.45938416435353
-9.815992205084854
17.92448626723433
-6.919772148930554
13.45646180191081
0.37302951790645356
-14.43463673220105
0.2057010304389273
-8.761186733205438
3.674206874117454
14.416832090313875
17.598939685994456
18.826673981028186
-14.521605890513122
-1.3341337222537009
-2.822758432115151
-0.39005882983863316
-15.60635108524178
4.212960797660954
-18.16296500673093
13.037348226096533
18.61777246599754
-3.835320914879974
-11.28371479244791
-11.415843799519564
-1.9459473007486405
13.087873540941054
3.1899979067272266
-3.813878514274376
-14.438754737154369
10.428485408868745
3.8331507426466738
12.030579851783148
-4.193581179944843
-18.516090876678067
-8.748065548180639
-3.223710583543622
14.07570813898101
-13.894027439596437
-17.532769243326335
13.283090117417533
-2.6074685649480767
-6.580073100632489
-6.363087834854437
6.640614188101641
2.4259359892361587
15.89240386269054
-12.955448916711468
8.993682356957763
-9.462114758833437
11.981720074123432
-9.385618866463563
18.997537263099538
1.0280901013252652
-15.968002798953812
19.726191504184463
3.808740336012808
14.775834959454643
-9.73310952887088
6.42309567101397
-0.19858398749450945
-1.2472512564742466
8.386299603301897
2.9094652964256706
17.6650557307656
4.316368536994357
9.856212307252914
-6.05892633938526
-9.282605137173476
-8.8668254936155
1.2403246054398664
10.432216021670037
2.017896991835708
-6.734957104867125
-0.29799135888734174
-15.39660514029733
13.676733453203305
-15.98617014164278
11.874294683248351
-15.036427412854936
-4.179960009127042
18.81251293834348
10.603957926240867
-17.838360001962794
-15.785858247116288
-18.55161364752564
4.438115007014525
-14.767168722699546
19.018711834299
-5.076532264099578
-5.446151364032001
13.668347761776776
5.584791301542635
14.366339532545043
-1.961419473497017
19.859395121963196
-3.743455878201414
0.24657577415423848
-0.2986435523607778
16.723056424280188
13.727747211743836
13.891476083274558
-2.280357765216996
9.26960385905248
19.872846972455406
-5.8774443806096555
-18.71801252068128
-15.83388442197576
-13.775793544415972
-17.919829042024933
-11.398642740445485
-11.124589352127913
-15.411205867060996
12.898257809439295
2.0957976353651198
11.760486211070024
-19.447639029744778
7.1377403144939855
-19.249810277057016
9.731945567705441
6.374071235074648
-7.297279079269843
-17.77531127745752
4.306278436511941
13.766709910866206
0.8866254659031769
-15.721286509010643
11.44581022943568
1.1521718885284615
2.0856830719805775
-0.3818807922747913
5.881536364805813
-5.4131689159438245
4.9094848556918524
-2.5399934023138737
9.36411827821317
15.693779278899068
-4.505977898888669
-15.694961757348157
-4.8095725694902125
14.3936020611414
10.92435882714109
-13.957815822817615
18.106384292078435
-16.7322663781748
-10.745700768093496
7.125736411658696
6.837698928485532
15.185344976209954
8.91635089578922
9.786638190782217
-16.20118872907046
-4.663747068018078
-10.68212627497251
-15.28233586365825
2.7341690022454523
-1.2808355035591568
9.770827177949958
-4.630884297319913
-12.724066610558387
-5.329981559416028
11.352362776794575
19.498733168767444
-11.446977120520456
17.342605325922626
19.342857381779403
-0.10666005358205943
2.5498974676496466
-5.57076911088628
9.125548020415568
3.273894299160678
17.02554209721326
2.452841728276951
14.57394961904308
-2.02704538232255
3.211903054727596
3.45874994489074
6.552123270821388
6.931323021348033
4.968860629677971
13.626077234741455
-15.87396978791833
-4.4050442947532975
-6.629537859229888
-19.25456416092623
-4.093657483852002
-7.848972534904299
10.599062007018905
12.980868407414121
2.256464898019037
17.58199659127929
9.944332443385058
1.7812567906193877
-11.90944115338751
-15.379063412958551
2.4950466725949916
-12.5942495530192
-8.52548805197606
6.870806857378273
10.21262424966741
18.829380197456096
-18.440469974715686
14.630416206297475
0.6962488641077158
-13.927441669525997
-19.253033939783755
-9.198489762320715
0.33430220441363456
-5.356536345109508
7.10257142113818
-12.501661222374691
-18.54546629638436
-11.773556202309532
13.46489037543645
-8.353925205876207
-14.060489151551106
15.352742315192703
-8.95164156105476
-13.321301244640317
-8.371262706810336
-18.97132973509816
-16.02012701244453
-4.676675390434495
-5.53615917445621
-11.627044860935039
8.088650264156199
3.3668859349336167
3.7943298146854776
-6.580067437009993
1.1965687740210695
11.019439863221123
-13.566779955515852
12.50491011988804
16.12075266118877
2.7527957814765758
6.130074289684457
-10.412477158409349
13.846310659950003
16.638381348173226
-19.18768637395425
9.958077465184978
-6.139310034589589
1.9665909235396972
6.247590697700218
-7.057913264249054
3.9373004833796843
10.435529793613231
-18.40169869034371
-5.036709693775916
9.092785432664412
-4.760321460841812
-19.734660654791256
-15.234745871253272
1.0826377466482917
6.466625040420921
-3.33123598862338
-6.239698161431408
-10.294856633711973
6.064241693664041
9.754838470531322
-15.718385515529171
-16.894715190464538
7.699338316027826
19.8852744849547
4.729481099023247
15.091935999069314
12.865812425668594
-18.034090509328415
-3.9095269724248505
-8.01384576518776
-15.789230688623167
-18.641685315069516
11.922992581891867
-18.625161919621394
2.8547443677517004
3.3452063317468994
2.595497175372219
-10.602194465348
-2.103695005735231
14.586326408634203
18.667719301308516
0.918462537651541
1.084648067881413
10.939378543791412
-19.329743689956672
12.997154848144433
-18.30592540616025
-3.275934461873322
11.742587434656642
11.50110662057893
12.823774258066463
14.94417125460663
-1.7342120133679018
16.709566628917067
-1.4937927567000209
-11.633698640699404
-6.572546349888024
-2.890134026860096
-4.526925481187627
-5.160826105141885
4.221576446220481
5.285427308029185
-5.478439725375499
-12.305564054344806
17.70270643275234
3.052074647087486
-3.977918756449852
-6.727789610447377
15.31061882646291
-1.9600184325193526
-3.996755680591093
14.901793974759938
3.537318491503725
18.800103498667504
-5.970486875854593
3.0477763217786924
-2.418285912392659
15.346655147765631
3.2724721018928804
0.659761807410626
19.241252439328775
1.303445103532832
-6.029842970446753
-13.922652408096852
-6.1319094997425605
-11.059132760738724
9.327145734698155
-4.844437586165169
-6.420556988041026
17.399511076287123
-11.049190858027478
-1.2509287539871305
-7.433376935773057
-18.512133387355554
15.870876873011763
-10.553637951316093
2.286673784809561
-19.98854687021906
8.893050888917898
-14.469136997773756
3.425421192378062
17.74581375443357
18.180792917951685
-3.597183337316432
-7.596327639098264
-11.345989725562138
14.822484134039078
-17.54192553643579
16.769628039159535
-3.3825546450666
0.5581690576940845
15.150763797686896
-13.335870444304621
0.17382813630403948
8.568061628221276
11.930521917736577
3.8249251400047823
6.475293283586425
-13.934377457879155
18.16107077481543
-5.9013159958590355
7.534780790259195
17.437990734829462
-9.609118905949128
-5.399852142339832
0.07276022605034349
-19.472080374411327
-10.713573814934087
14.052732281784394
-8.307059514059997
6.101196672041853
-4.571342951758117
-18.53823882035084
-5.415411002933896
19.200317732883406
2.334324725503154
-1.4193385832676553
8.175739436391222
-7.972612761827911
-9.489933303543335
19.506564294912444
9.681921807458505
16.78359574929413
-2.913830073656718
2.7361220017038113
10.758772713376752
-1.1959318041836031
10.682670673408282
13.002788591993024
-15.299129224490361
13.018225778247427
-19.206196634483938
-7.97297860838317
19.11469916994479
18.826160871930924
-13.09650057355431
12.100641966267753
-19.72989286425284
10.787317480086163
9.610806213935778
-13.10660585955905
16.454665551533424
7.49623562429965
7.879484798905563
-16.711168236029526
3.48447553952258
10.212793547427061
12.173112652639237
-11.13033928861566
-5.069289926194993
18.798139304188
7.076443887264632
-3.942743041903145
2.789081038161769
-2.8591180989619636
-16.329593391363613
11.935891388184722
7.146394484093168
-8.64007467767343
17.329866731526774
-9.436149149098313
-4.526225196957596
15.936624856087104
16.844877450701865
-6.067082130953145
-4.315360956004284
6.154127393171263
-5.574762738344079
17.71304162394925
3.9341236798510026
-5.289405655715198
12.511097247512577
4.494169626002051
2.9538961301758526
-16.358869088645044
14.489952238328275
0.000298474850159991
-6.674361446646531
-16.262056531417628
13.139422658870421
17.79318884653627
1.3751890071323158
5.153381129332146
1.3555208171513744
-12.67742371266042
5.950831037361248
-3.0768702529214575
3.7330342532822636
12.442480783383377
-19.793837236781915
11.248325260168057
-1.6531418812303045
-8.188370041245214
11.782467666812124
6.034740193183761
-15.089429237186955
0.6858869828310121
11.020141946637146
7.040552759394294
19.577645568830548
11.366843133845954
-9.293181705496064
15.428608193341805
-1.798681867999794
7.823159787682887
6.993225227884006
-3.2608466273331205
-3.901976892729877
-6.785475563163539
-14.183286633631322
8.425024636227608
-10.44208864318744
8.764225293757972
14.145456327451637
-7.471948955019809
0.7844043344972507
17.57541385316905
-16.013562769510465
11.61256606470018
-5.965589376027953
10.445279794801605
-17.28690633743807
-5.07868273575161
-2.4880854552153098
10.37123007650013
-18.102412961616785
17.721070752742634
-0.09166128234069593
11.019683079282995
15.758285523849338
6.634885625888747
-3.5978129034684736
6.99142853777905
-17.167110584214704
7.962798103315745
-1.7377188117682918
-9.7799054362406
9.078883546347374
-9.92693238308728
17.076093761359065
11.027572811107254
8.75654676182732
4.569273378672336
-12.989722915669567
-15.426659613205613
16.531340438583587
9.844215303233614
-8.582126006792157
9.873215366041123
12.777434591160866
1.1334497417786737
-16.97529473164703
-8.80166289032223
7.633957065705621
16.990722672444385
-12.954386466560077
-3.7780411987883467
16.533902757178893
-5.925052860503084
-8.212026634088643
5.3505003268695805
-13.675049978121997
9.572820275532528
-7.770321773822224
18.67361252665924
-5.195540177897491
-8.516216709794552
-17.93489450880939
-14.344416974720332
11.808619283953474
-14.755801423800069
-14.50059171884034
9.524553581246881
-18.60162402290797
-10.108466818231712
6.920190723142459
-5.871601829481516
-19.16619728241661
-8.756727297189432
17.696831020800584
-17.114321411393732
-8.409746587392428
7.097169589407262
7.138788048739899
13.34437219018695
-8.118541644280665
3.0272013039639623
13.057015740495231
-11.563313268448198
7.535472601478297
-3.8945861100504997
4.434227911496507
-8.844196578237526
2.13314500275823
-4.242284346804621
13.556982812994477
-18.502726222862993
19.40773309636203
-6.5605948829746685
-16.027731864475694
-18.348272601059904
-4.895340960526413
-5.487028609259412
-17.577975691026456
-11.569915136771382
-4.770995910784306
-11.209674447215004
12.6647947569198
15.900261972812931
9.751152433785876
10.4464520978838
-2.0667551031466935
-8.379278057146555
4.133576182417533
17.292347193257626
1.1286335657042956
14.87901862201542
-0.5229828074189102
-12.947897816835813
-16.75045251183223
-1.5939874847433577
7.084942805355321
-1.1290403269533344
-9.138316904868283
14.344749088050776
-4.586968089410091
17.177470451639962
-15.166267827498778
8.989950048578649
-16.631140038065993
-12.502157509406523
19.80711265979645
-9.474426324761026
-2.062928721590569
2.1196989087288376
-19.87122442732406
-6.3207425025918695
-13.558901757228842
14.064153800126302
-0.5617950186912779
-11.987550850308306
-3.025214317888021
6.630728228100726
13.372638685519984
5.507584719839325
16.151945311183663
-3.6076717314689866
3.050870917942947
-9.088486873985238
-16.291444775476837
-6.434073034489258
-10.443247564032445
1.7692227680542372
-12.472340947112404
-11.762675983003493
-7.96734975880133
17.079242862174016
-14.629124585773713
-14.495836171541828
-9.01306013785649
2.6330411015696242
3.3740076443778566
0.314691454431113
18.654806187156943
-17.462732317951776
14.594678839095284
16.895408394597347
18.48176565674344
-1.6253874710940286
-2.4884403930368793
-2.833034589470249
-17.85225044285562
-2.2373042945281307
15.969456523685484
-14.855946188754894
-2.18360221699319
10.243211346991776
-7.659664214747992
7.662697836370542
10.518295212261041
6.486396403451158
3.2684584833301455
7.627014505285752
5.740418316696427
2.515377976869577
-4.805872074157267
4.293781123285685
-18.57676988485212
-15.878885678725577
0.07403744499101084
16.253049661723466
-15.16116359654426
7.829518698570883
2.799025649536362
2.8947325044956607
17.208373615257212
19.38683217445857
9.087660853327595
-3.0960025650578338
19.6586085989387
19.471196048803456
-3.4936555440083517
-0.5725216100851416
3.81848485231151
-17.636393777303997
-10.64901378917308
4.4533392071267786
-8.946336092310307
-1.2096818704881418
-11.772043157291634
6.483525171842812
-3.4493433875035784
-9.948285768265443
13.630407904529097
4.640866548337992
-5.823330157020994
-17.551693961977435
-11.204840490062669
-12.597100430488894
12.379527381015652
14.013263304790598
-13.849079950354373
-14.170328396548214
-11.22613135658209
9.266379032649175
13.444965173564585
18.670193207092865
-9.967343440149294
-11.927385892488292
-13.95944513172255
9.790005992474358
7.294852114253758
-4.302074714945783
-1.6298453541151714
12.295029191964574
7.191482174390655
9.476616944756454
2.2747096293210456
-9.619044875747825
6.424398008714167
3.1561220409959656
0.7813875088314903
7.875639074940812
-13.538489654230514
-16.478010278918408
-14.017322421088476
-10.397145292010123
-3.8095170112510246
17.211473381858795
14.797632492103308
0.8025799833434455
7.889239482249133
-15.370971016281526
-4.365312248845079
-7.40807812275734
-14.166523990951259
-7.890360890180217
5.854102998154933
-5.365455641216377
7.688734543750426
-14.703963528970716
-15.05865303639701
-19.38331149325613
1.7922158544830324
1.6585735909327104
-11.499731673324227
-19.52161358747999
-16.65978753032432
-0.3028575535927702
-1.8698333098538322
5.8794570152473025
16.966211562835348
16.0281124433077
0.9788783505022502
11.817148212412105
15.764668434502745
1.0585864495968522
9.50478971797526
7.485815966893243
-9.643308293490156
11.635552694947137
0.08043253254336413
-5.755805314537454
0.9235701701111498
0.19892334488519126
1.5020149163278873
18.36261682298197
14.298731184841728
4.257383446571135
1.2977976507061584
-2.900425289624229
-12.935004604812255
17.33935785217629
1.8165555137611955
-11.705976528885142
-8.510834709630174
-13.980447959976082
-8.54293536965304
-14.897631183890919
18.295369581449155
-0.03824744870517094
3.8551049762295886
-12.18546863320482
-15.641526194958765
4.615739131865215
7.801785951271856
-12.947701889438544
6.074210845061718
7.478843325174296
2.243797032268886
3.415894350528017
-2.959918130247363
-14.62132851737163
18.544831110811586
-15.869274318064948
-11.103157475636358
4.133490721286939
5.401725030539244
-15.853071517010541
-16.509152259741434
0.9605416523810728
-2.5009956879872197
-9.343999884445768
-12.58094250888481
-17.41380693196524
-19.7742189828163
-5.3537003339048495
-6.747969283529969
2.406222484440219
-6.319840323185204
16.011606716901046
13.662940567490335
-18.242240678066423
2.693086229711996
-7.014485883837964
-11.004069268730024
5.342983924617433
-19.859357590486457
-3.1687847089760313
-16.579678316220235
19.20290832792052
-3.9407853113676072
4.201419001241842
7.755359663848576
17.176557132834567
13.960651291231141
-3.859336267155813
6.018687783663954
-11.722170036661336
5.406536785943499
0.822907223782412
14.572477351716898
4.275756167618483
4.644374055412479
10.315128042780843
-12.729149872848842
-15.52706413620382
-16.71534659133642
-1.6105679054672573
0.8846002598049774
-12.122523401693748
-19.241598957004346
-2.6926291730293306
-4.028588881685393
7.5870821255358845
4.40152535038604
-18.237503525977488
-14.258367081492764
-1.629452443469659
13.741472655521934
-19.31872692687749
15.285830486809257
13.864589204525085
2.5425868667023233
-4.995447092268455
0.2162402958963794
-7.289327474717502
16.785710322230955
14.432605946189927
7.554331155969787
-7.34273468351927
-1.6337001570768406
11.473452877197744
10.75220150156996
-9.571773802539166
-9.842860389682544
-2.569608050696348
10.958183648129669
-7.761806136680511
-13.976955527690048
15.611497334705984
3.161403212714742
-19.32126588552756
-7.593349894814789
-16.188710453392133
-6.682925613089807
3.4827414561181413
0.6310592346287391
2.9398038579337937
-3.6264430654076385
18.142671965025063
3.174081869476022
-15.803321221478885
-10.909997241879324
19.639926803060455
-11.613218015842154
0.4955356724017035
-0.9938058162671437
-14.39447641527722
14.931176939240828
13.78949577443282
-15.265207487480907
4.409805917021261
3.8725752537686953
-14.09232750828127
-12.710191154686562
4.752597336622921
-16.65380852875362
-13.915287040422339
-10.830752054894255
2.351389598256266
19.12374665199241
2.8973308551122345
0.8601700317651062
7.450122083240682
-1.808525845800153
10.228267960603521
-4.198564522267874
10.746854682196293
4.034020622420327
1.520265344815921
-0.9587242163992471
14.764166209893506
17.228513689552397
16.993657733938548
-19.1468983046995
17.101872564813235
10.141521907447753
-11.699871072931781
-11.316887812408304
-6.080793208210018
19.47912043354169
-10.296729350599957
3.4377414000822037
-8.259090575086404
-18.68303826153763
15.925644987041458
1.0883284257486991
13.72154320216227
-19.096390257082593
-17.507231475727984
-4.749504820936958
-13.229347611915085
-0.28726411314356604
-18.573026729901784
-14.0873426558
-14.774232752967666
15.374031773488749
-16.483606318627455
7.051676091773009
5.380192235473489
5.447649243213939
9.42134870443848
11.414241257681482
15.729527490445934
4.454371448723968
6.348004512500105
-13.247323928299588
-19.75667640463317
-3.435273653967288
4.3479699716791265
-13.084527606953724
15.19242730227445
3.2158298690411646
16.493745666208312
9.240344239271616
9.579116208617059
15.631478042823414
-2.7481950001473088
1.847223682134036
19.266378865393627
-17.427550685018144
13.894229748992295
-6.678760936616639
-17.576256778167618
-19.184362721086355
19.452497429196697
4.407590810798672
10.641901971924677
-16.161031135554754
14.16774536921002
0.13983595287524686
0.4009292598490921
-12.772161773946578
8.373501237338314
-10.251289900915976
16.968638340499417
-12.707220051574343
0.5065123336460164
14.187303054423928
6.443601333202218
15.104607429967354
1.2438594380719836
12.858220421389719
10.076652057165397
4.060367941200207
-4.106785481526791
18.880711736612824
-5.935318181275946
-2.5685293411864185
-5.997725646184651
19.970688654095486
-7.057740277371072
-18.26913773539619
7.317693488532133
-11.645132573803396
-8.487677540788003
-8.20340440974094
8.086132594810959
17.60177181011931
4.600817091522544
2.584499146933914
8.520331710963095
-16.92491798467406
-17.11839625625823
-14.101891099437047
-1.2585020343090125
10.053755882392608
-18.436095144839676
14.783808027672375
-1.639525590961668
-11.289850310882915
-2.9493953075484836
-17.10664514777273
13.80674087442268
-11.217744526376784
-4.894529648319996
13.881457721625562
-12.710079119631597
-17.51814411938296
4.454809244393054
-17.771627522520262
18.639378851435225
-0.7003146982845632
7.124645176454822
-5.006377122664549
-17.898528572612953
18.366522371701098
-2.5062021093319586
-18.961056247470637
-17.083466096448134
-8.558321442672048
-13.609707402176511
17.02425617472153
6.2255676950132655
2.8227947417456445
-16.164263338255125
8.799164707320521
0.16356536098039776
-0.9774131719855106
4.028907740668197
17.707505197019067
12.149716170459373
-17.80163982457957
5.28704092858165
6.048923770770229
5.600202295066752
-6.728234586996074
12.721499293714018
-6.603664840994341
-13.697039735903754
12.797569169007259
4.856227380513269
-7.749344170644439
13.64655873500801
11.826853446120271
-11.168938207515101
0.304954601227978
-0.9090560596687469
-10.575460859428091
-17.747276041784005
6.113489058561208
18.80080989144642
0.486434627497907
-8.854819007454445
-15.262397074541273
9.669591758364433
10.787646683512904
2.1976048773329415
-0.37865564046409617
9.339272764632515
3.8911404084298296
-9.091382003916713
-16.64336779580381
-4.358183375662565
3.2138921648980334
6.569198186425829
18.508400457784475
-2.191671185841244
-18.53920416408822
-2.3021950314625794
16.86755545331129
9.508492785341996
-8.323431263301838
-6.582761126420538
14.632087677035308
9.26051421694213
-11.296122623406433
-4.496230171578683
-7.303611378296058
4.873025723734159
5.154125980090645
-12.82193427338619
10.07254211331508
-13.96966622324172
18.341962659256225
4.9016283366655955
8.2979984953548
-11.565532935532534
-8.193705158044642
15.839629532391331
4.3066758996374155
-2.5195821655786244
12.540638029492591
-15.647732815249542
-9.17746508230675
-7.497284121589698
4.409457134892496
6.340380003908264
-17.36814289970717
-19.784654212866656
2.2600658442205246
18.30064052418497
-3.7701943510237523
-14.24862564451531
13.855895239552147
-0.17063996884455257
8.592745769309559
4.793916671919729
13.664481668526811
-9.049232024443064
-0.7510758619417057
3.490949920332791
-12.6300529399508
-8.940045366905816
-5.975716804207534
-19.212288847375014
11.570314229931444
-3.376494280294753
-10.853699083256224
-15.873870595559186
-14.384454657203246
-16.204119667778798
6.638869491670434
16.12605140159975
5.675577731429153
16.503036467299268
-2.6126645506129
14.709760885077339
-1.3837648753721288
-16.17819600435213
16.62964255004953
-17.457349479162467
-1.39747246588386
10.50438276532721
4.1415880437271735
3.503235660442021
-3.2091866371541533
-16.172444937987628
13.47143437623155
11.91114464374718
8.499879131306972
11.109157357585055
-9.155781567293314
-0.2671625866783023
5.928575756022427
6.608345946877101
-14.870891031676479
19.704730814487025
16.124689617163575
6.770267992908368
0.42746498888725615
12.44750495824956
-4.644343555901775
-13.589714217317503
9.511866793899205
-19.611282662498816
-18.25334023458229
16.07256805035966
-19.638179094121547
-8.985654346948309
-13.3316253362084
-7.870639654220599
-3.7306513264950514
-5.44426862894027
3.259291848019128
-1.1697884157053373
-3.9100154799861953
9.959647198065586
-19.770314815911657
-6.856897749114852
-16.85849273392554
9.684385209702263
-4.26075689139592
-3.730983333958391
-11.86827388840582
2.7671484301517557
-0.5989578198093026
-18.377189876948012
-2.38963851272167
-4.958675495041924
-12.60377629878841
17.493668026737513
-15.266504589776574
14.230041190816722
-14.0832564507993
3.5945404920506308
-15.899324578377673
13.478788088203636
-3.6113765830044064
19.448743889148293
11.371998437419109
-11.837003493631313
0.42980516544866454
-11.494151988765232
-17.889421916819728
13.868844075951028
10.44450118128903
-8.931061943449832
19.589786726172555
-2.796045829530498
11.82764387221997
-15.05051963179801
9.147998022954607
14.755168851522459
1.8243236353786152
-17.96739364384441
-0.871640108274554
16.70221438401552
-14.029616853002501
-15.914842767007089
17.710286216174
3.7071081969779973
18.464174941552084
-8.430996710126513
-2.4897962667625295
-16.572320844399258
-9.628696367916575
-5.757449601894429
0.7159857031108441
0.12388060597779305
16.50092877533161
12.253808329221535
-12.36125057331305
-4.737533260739335
-15.7943563810279
-19.259547230887158
-0.07968074296871741
-4.02812866741745
12.645111492066734
9.924804935568417
-1.5782660737719034
-8.199022426488046
17.32683013101136
-2.8310583765392083
-9.39215885415476
8.771540128601538
-6.714711857970137
6.262678586056247
-8.97036669903471
7.013592747198492
6.5343213504319575
-16.11693538897349
0.15960541078677615
-10.168497278874312
-5.375872812756901
19.921890433143503
9.475312648391029
-0.7232410854529547
-15.574493935461575
1.509986662716738
18.939620334871897
-4.6315317774257725
9.396333076902552
-15.861794318497079
-3.5602110076854965
5.349076161300976
-11.56352494693586
8.51264749286151
9.861934709309036
-7.903060025536535
-15.828175949987253
-7.1073788847315855
10.532121875688677
-17.6731208714679
-3.1742214333172347
2.623699674803066
2.37242142000194
2.8500761944654274
5.023485090192348
6.244678255023395
6.678884081380789
7.316638966022322
15.865894038607413
-4.243884756393905
16.748288012253152
17.610539398468042
7.554282852292973
-1.8793217391212202
7.99427370539588
1.7076612623439757
13.55189288267698
-1.264130942288464
11.095138302083992
19.19272518893848
18.870529151135685
8.39896277535987
-9.357220751682092
1.8549364531644885
10.198124184621452
-10.592896295396518
5.020192871857891
18.327999357094175
4.238043230349358
15.664400039067615
12.704754806168083
-11.517479171988967
-19.802157627216918
5.312423878972932
9.447169647255865
-13.80478572795663
-16.574658422742473
-12.496098055147176
16.52023492076998
-12.1604883524479
10.208577428865961
16.657493308711988
4.500306733635435
8.077737588432502
-9.175079023544562
5.471433825128091
5.439204318844264
1.962923215129715
-18.30766357626637
16.93335352054701
13.405711404681817
-3.2315283032919195
19.367924754670756
-1.0626357147477439
-12.053279040832017
-10.410695972301237
2.1496396987605726
-8.17513398959957
-10.584063808095166
6.127357921182179
-5.778711812989568
-8.361870001128043
-13.695911339328696
16.40707011339808
-11.871076362265413
-9.512007805510997
-8.555698847193645
-15.340305812166468
-4.278852653848042
-0.1892349028326734
-13.073603831802899
4.159439961119804
-2.1098879284627126
-1.7454647331092055
-12.98895548086314
-7.660220543873306
-7.274942497037209
17.909576778185343
19.29095048357526
-15.475393374062406
-18.867548904081374
3.0725655504903004
-14.813865112486022
17.54215612509102
-3.929499781100607
17.485978406523948
-1.2493870040363309
-14.898554813233776
-6.760167666275332
-9.05190881653958
12.448851213291059
8.191050123752067
4.877016458440275
18.25128202161297
-7.378533590996481
3.4835239210011615
-3.226048405503774
19.464127105199907
-9.23956908045033
-5.305904933800294
8.12343834255194
6.132600313134033
-18.68117118590264
-4.591067784261322
-7.036868062954631
-13.64941607040243
-1.5219666276083421
-15.2146212177409
-0.4854669053718963
-1.0481325250482243
-18.31016046007179
-4.750601677208937
18.462104738840335
12.608155699915224
12.4205835796743
9.293677724579998
5.075624763948645
-13.374576212136846
-0.10090281479103069
6.869869908351962
-16.931890746478565
-7.725011909389141
-11.65282338729603
-18.54855051501458
0.3598028564361089
14.20915536213844
1.0983544410293788
19.217991123415427
14.159894428797921
7.46365597727658
4.807890958941896
16.033977563026333
-5.972161442504391
9.274731867918856
-13.909742107082739
-18.074903481377227
-5.697502795245022
12.164242932760363
-18.12092056411533
-6.908739045240977
-18.760017894198484
-2.978406116881427
2.2842384299480045
-16.62255000170671
2.061727669288538
-2.7044398374850553
3.941275691666908
-8.298500928449757
19.197332049281066
-16.048377034424718
-4.980173101379388
-7.2822312695784275
7.298904874170069
11.132512464713567
3.4296666145745203
17.52180660545237
-11.520571351524618
6.528116607808099
-0.8810221655719541
7.057717271272015
-5.994465977521868
14.87664917318325
0.1962792133716018
16.60345570875455
11.828414514130321
9.287008060082393
2.255929070402658
9.321958608504524
-15.14011371174012
18.323549815299973
10.635578828970003
0.35813212760616775
8.498325932374176
2.3843534212377504
4.309733468283352
5.799710052000155
-2.506786323885053
10.808321231388804
-16.951810381476
-10.44956025003228
15.838824333031866
15.966854262788793
4.606295406769458
-9.011506782086727
-19.459071278900517
-5.176706541691445
13.61076577462355
-19.356051786563725
3.9603121294084698
-10.20137260910056
3.5222758380775376
-6.387776466734318
15.126926258590938
5.769515939353087
-18.318295556182015
12.472241461758756
17.02375619880541
-4.912780622237656
-6.663719609955887
17.78960403944531
14.530263223770493
0.030631646639354138
-18.090285415697917
0.6143606048175743
-4.621077938043454
-10.05498181692893
12.590672152259845
-0.6604343449490013
-18.9712015849242
9.35340613286915
17.062523283659253
13.89653729176803
4.492661241211051
-16.19226862070674
4.2335412547116436
2.7832325139474623
11.932804750119953
-7.285485476853011
18.504369802837886
4.262092648527096
12.270082270171034
14.465991368000694
17.61017650771253
-17.699337908114057
4.211357814008134
3.7389583957747874
18.872879632230756
18.21013076824757
1.800551518120197
8.17711990999861
9.79106785717998
2.8654058450232123
-10.040779848387022
11.091664972251237
4.115869383620252
-11.031864897656956
17.5397748308744
3.6794832693803814
6.1651331675244725
-5.173012367612846
-8.394799905363431
-14.15586113018965
-19.700981218793373
-13.407803465668856
18.53610085559751
5.125608134564819
8.70318816722821
12.621222021183772
4.307186199147739
-13.501764067945356
1.5751962130667119
3.2619043020295546
19.67559715028961
10.65564078469282
-8.678849864492872
-11.292001740925688
-18.290945090423783
-14.798678507638705
-7.775423044094505
3.828316525578783
12.68620707130902
-8.55068764150435
0.3633408751137379
-3.6931376427961826
7.3519452109681405
14.06034275216192
-0.5838564559763837
1.4628558625689747
-15.260892295417658
13.959795575654756
-19.133134408986578
-1.5597404314656593
9.640457568910467
4.252916948066283
-12.573236458986457
-13.067233606049399
5.808127541081771
-1.2801647650918913
-10.494084165146592
10.07688957027677
-9.28013296198646
-10.495011788534793
-6.396800611796634
7.6188173247458435
-14.197087945898815
-6.677125337159748
-17.68803712504672
-6.8701800191246365
7.149772319688297
-3.1974691592402937
-18.420350707227215
-15.136766086265855
-15.920048583447834
14.01668496032884
17.82775499659477
6.326622989534458
13.26149364495742
-11.97975579284893
7.9713434069315525
-8.151256978674537
-18.598959632501064
-11.279376244772346
14.8329710808388
14.406805215882725
8.45770456460722
-13.630613239873943
19.37828979646151
12.193506188944628
15.67588090771816
-8.311761284966103
19.27327756877171
-8.728005721364301
1.00588783897122
-5.230335600145781
-0.5599756465701811
-4.574149258855584
-15.170604771383607
-3.273039458186915
-18.36727241996074
16.88981212905063
18.786984579611893
19.794895393575835
6.722353695564918
10.093866353385694
-1.524869840068277
0.6677292777674859
6.9199129602985865
-2.372855791111297
-2.439357248733516
-19.381031095763372
-6.77910402962433
-9.298444992881475
-3.9865656720538434
-5.455404401523318
-7.734670558822807
6.153644721486238
0.9724261908879805
0.23386051947494657
-15.59932682581287
-10.835506356558176
17.114604133781675
2.8331599747999547
-5.542031072648119
7.880263197379245
0.40208994273020604
13.693014283856506
-17.512552735208008
-17.270109917213716
3.3518076202542835
-16.09535552401478
0.3967464631619233
-12.087018762978442
-0.3790988380486793
16.431306076664104
9.669217327094643
-8.464821883173306
-2.6286227285382857
0.09157601938033277
-15.259187897068017
-11.324399586221435
15.175349199942927
-18.064653268473133
-8.07055415854955
1.676130476426807
-19.691937277615857
2.514353309837296
-14.989593646412418
8.88452831117688
-0.7630692612791501
-9.055847495967303
-1.963851451418166
2.0553656960658717
17.274709517696145
8.484351899999663
14.67565466665575
-16.74688498351523
18.8231581603576
4.077456872246814
9.919052833132355
3.865663724948658
-3.034958340707523
-15.457918742912117
-6.707949140247447
-2.3549700014162456
-13.684077211667752
4.902866216035715
4.596099355350032
8.286380822788018
13.28922358470174
-19.9465511256391
-7.551447823544599
8.697269683949695
-12.80142015252602
-12.57243869706036
-12.763237901248594
-4.428939097706364
15.026546638075375
4.577603331370623
-9.572139999907435
17.894647999321354
15.463450891706309
-11.539486605832522
2.673513319422205
4.138977056346
18.489983433579273
-17.04921348804005
-0.20852339182321433
-3.168067544719233
-18.07810230180156
-18.77700131156649
-18.940054701400424
18.605727573627963
-15.90106509932005
7.363723795051063
-0.6891145912603402
-17.756400278441742
-16.929676869254564
-19.182307916568885
14.272394275169034
6.456431292492404
7.414804112999378
-6.147779574762966
10.754993308701039
10.12269447128958
18.75150922377434
-9.64834074256264
-8.074166192312795
-2.3599058324128164
-9.877251027546542
-6.938104619197136
10.81234267265113
-14.407413907308424
11.485222517125827
15.40243563463048
-10.237641069630259
-16.440966551049428
17.923597769866827
-1.8457477840439962
-5.6128947643176685
7.37761449013524
19.263064007713233
-2.3362829815107444
18.767318055765326
9.284029402496836
18.570684161688146
4.3382636200943425
0.19685072117105573
-2.110633835705311
-11.758406464500668
0.7805170291080143
-16.840775516472206
-9.313712921255934
14.643628458630232
4.089909066271846
17.358197769298712
-15.05098878145764
16.34072519982377
-16.922587614168883
16.18638181225193
-0.08631297541777272
6.579129007875344
-3.0652187855431423
-7.10131834800849
-7.679405578033469
7.113738844336703
-4.115536069530976
-6.645000314955847
16.880463002644337
-13.094201358427098
3.564983822565897
10.277961483303756
-12.985377942563673
-12.478633426747653
-7.726208459608448
-1.7332005664033323
11.519505343968026
-4.070547877066124
-7.228583004749702
-16.56088590209858
2.994001968092115
-18.07905319659733
3.9678400094331323
14.80311547933491
6.566786781817728
-16.55065144723895
7.5958972920619106
-14.922953054895626
-2.833683167545109
18.9718843886627
4.836162467078595
19.467728412988716
18.107601439741128
-11.968688837900583
7.2863416426239125
-2.7180865028921897
-19.36339116463769
-18.806233521206643
8.210330397825064
-18.499724393821477
4.434898103295608
-18.381763658054183
3.2325362541837332
15.170185476177505
-7.426806064828755
-13.642990523788194
4.728678532893094
-13.203679708245058
10.976673572664183
-7.610085002366018
-12.70403797672921
-6.120172892393092
-9.630068624676088
16.106709779878365
-13.088079415767751
14.346414286913163
-6.297916286287317
17.147912385481398
-18.24774332744989
6.07844278734337
9.532308026285223
19.072467140113574
-17.316657812948364
7.435169425984234
-10.129825309689444
17.1084330510449
2.4701218931886215
11.531921545714079
16.87475212968649
8.57611675467949
-18.20239003339526
-13.257220366905678
16.129053726997018
17.54499449797491
12.580070628721213
16.90087303711585
-12.066424322644899
-10.698158196685776
-12.945823259695889
-15.25443107230782
-9.272746101816335
13.483126422762645
6.332848788580008
-14.028062278862654
-1.3985970294731587
-11.818878275914336
-13.40638123812742
8.465350407890435
17.98019477680556
-17.508291650787772
-18.057574387229792
-13.72042549736523
11.295624400215022
10.543653534255997
-3.707986759331807
0.4651179308856923
9.489368054542746
4.708403007882214
10.222830703794044
-0.7107249853852826
-19.83220923198983
-10.27447889017322
-5.421873594190889
-7.205663664567732
-15.265662804732303
-14.946225195751254
2.621614704363573
19.365886053508735
12.340992063578229
17.838331153195497
15.257344865030507
12.476921542156806
-17.049360078609656
-15.14272371176638
-5.512364076272598
14.767749459701097
-14.829564613521242
-15.849311511398598
14.89643264597785
-8.229328023279084
10.73854304903537
-5.505195567766998
-12.697012029749688
-7.076465051447545
15.188200030305147
-4.578568636939377
-10.544727769048961
12.511846574105547
-19.612883005772048
-13.010573565621137
-3.6269129564347224
0.575738936440886
-11.810214087237876
13.500803332903907
0.03210375890012607
10.271283046273023
16.943979172620544
-3.933684118857741
-5.087394446293905
-8.205473819084098
-14.153918908114353
-15.2019105624689
2.928633178496023
10.224246023212755
-2.524482432377404
-12.967291026190786
3.255117535519396
-1.3161246782047087
10.352680238886327
-10.00329113935939
13.20401630412439
8.62815227323171
-9.879833430434118
7.802807884480454
5.258222373273442
13.743191311060876
-7.944683818345943
12.520136565049228
-10.296592011842156
-6.2688591181891695
16.794785314390744
1.9208577409006722
-8.361608471090044
-8.85762880330287
-2.0567070851332447
19.30167871704745
7.510720925781862
-4.818199399907619
-13.261763170476502
4.852623523009316
-0.22353131142966998
-6.767351279434957
-0.06409745067078365
-7.073526153732241
4.372822212593586
-16.1299725958877
-6.083382426749595
-16.48411713659977
0.9495593515230283
-19.76967176715366
11.15952562011941
-18.00846611452739
-18.089065420970268
0.5591206440442509
1.2979859151176765
17.358392547115603
3.697310403407954
-7.799926443566774
2.1821707443532645
-0.2796908986409452
-18.346205701689904
-13.318878113553506
9.321329714608812
-6.819557153557989
-16.790721799725276
8.11830542163316
9.529368505304575
-7.281516888953283
-17.20208491854761
2.886519155383591
14.16881164736358
18.941983904067797
2.593017412814884
-3.4119735127852513
14.767078180819135
-8.371867584268795
-0.5100789381200288
-15.674771494039126
12.685682753106043
12.035902428387612
-16.276693137102384
3.8333944116970198
6.088312709251866
-15.918352175124358
0.8819219170914439
-6.094407531049182
3.899613946089149
13.739450097093876
-4.738233649425498
11.349079352718036
19.682425639768727
-9.24028879564807
-19.930363603120384
18.072109043664064
-10.825636182463313
-6.6470636682570206
-3.4426505992253498
-15.537994006628896
-1.8378479144592719
-7.811512766520221
9.251468198292226
-13.496994381351053
-13.463614688801297
19.20396627845294
-2.373173434271978
-19.67262066773263
15.7552307646902
-7.55985982239161
-19.70994676008383
-17.80547115067199
-13.825881755230768
-0.20267995722222043
5.560867816273962
13.882497900710518
-14.948370737163987
-11.093598210375784
-4.981062087725108
-10.09399617767368
13.919837152888256
-17.561339643020283
7.370377698561623
-10.377970214290064
-19.931040492092293
4.8288669958504915
18.554106170280562
16.391270723384128
13.753455928843232
-6.270873939411072
10.418802847280322
-9.763131245078265
9.707573099687297
15.003133972089394
9.622591791670807
4.908191372157722
-8.3551997335928
18.86730205086554
14.64359365081564
16.137920872688795
-4.198667333207422
9.543827307875068
-0.027538207901200984
-16.843330864946715
-6.5770127769871145
-7.895713472771999
-12.475301671540224
-8.684869717187983
-11.906808305525987
16.850324933455777
6.405276915108811
-13.44042290039036
-4.9605281736846285
-16.05460349758843
0.45933124514218715
0.8465245613900718
14.955636111436835
-4.1901106217990725
-3.370761685626271
-1.5527152533987376
17.61807351463194
11.98748184569061
-8.712427504658638
-9.327304740933947
16.835498836752652
9.951690206432048
3.5317769931887755
4.129189866496676
-4.758064283678545
12.049059315268389
6.650832627237455
-14.2474574443998
19.994755116342866
-17.16279139763296
-19.849155708441582
7.476063504371897
-7.7654971873072975
-19.837749908964255
9.660533772257217
18.80512208129014
10.614295639605356
10.629807516638884
7.733515448982482
-14.267775402996872
-14.35347669122116
-13.734013286118468
7.536272055725171
6.454136393702554
-16.894920880217782
16.973864993269885
0.49164945706563934
4.702744131042058
-17.761293957179348
15.394797683012303
16.177317360977234
11.510878155227434
10.287028703194888
3.4026702412587273
18.693091914296183
-5.664696676372913
-12.496100529687272
-4.782752428225456
-2.663172255943671
10.746020900961021
-13.831130197740942
-6.474221102452402
13.638048581240124
-0.6082268207124741
10.737707126991559
15.55544053403477
14.385811205716305
-14.300063277065531
-7.536563402054446
4.605542983577071
13.665262269194315
-2.4952927114956314
-10.503869284117041
9.573427741761424
1.162005305830025
7.9818058171105655
-16.084272834256502
-0.34153528786631693
-0.1090410759147531
-4.5988569700340864
12.352133266893386
-9.390524238827084
-7.187517286268297
-6.915557312047995
-2.538400370095575
3.9048540038803647
7.991085114872529
-9.856838119765037
-9.746763454635659
16.061806905627588
-14.318536128204421
11.228395034152769
10.30699827282314
-5.761855507336016
6.87087283547914
4.449904049756808
8.953547464085002
12.84142298412319
15.219451639585442
7.168066514599665
10.330954008745884
-13.212750570194366
8.602360961788573
-2.5474821470616815
7.895997121435876
1.4768130140602453
-10.384872370614628
-5.751384550980951
4.55625367355645
15.313415533176396
-15.296003965664596
-19.872447097382032
-18.719932962985418
-19.546612059449554
14.441127685752274
10.17934623529797
14.65659377116924
13.614110737559182
6.7640803194577215
13.170004974940014
-15.81718202375841
18.251201026622688
-8.391002010708984
-10.609872184158423
-4.404304275290745
1.904801500172364
14.43950984036265
0.970326029804851
-7.451371402032225
1.1030560198063988
6.283211946626119
-16.57921190143555
-12.021763415430712
7.401470271041362
-17.28706125052289
-17.404297570461623
-18.682795926807984
17.193117538451563
13.863235055169785
7.65624033329015
-7.3772111526699025
-14.47328942023503
13.944742274133826
1.2112676413102141
6.661173608776818
17.378022619012196
-3.273518111869791
17.817398172739956
-11.103622090721368
10.64440748573614
9.083178651197406
11.692301803438706
-7.245972738194739
5.396775398324225
18.141800086284164
11.306406365590874
-5.811952192400347
2.1711223918106315
-0.0820195825416592
18.832004858379715
-7.076915307780682
-11.135934291563242
0.9709810985002809
12.458990020859066
-9.625850223168309
-16.013192711080755
-19.704564792743216
-12.277474937641294
2.0965562630619727
-11.703955183491072
-19.575384611008587
18.42506381073858
9.172206482541014
5.07337055473239
2.327614538145837
14.847894712410202
4.197275560891516
-19.733870426960884
-8.905755625873013
2.992576816737751
-17.58438341680219
7.653639329116992
9.636060739474871
9.381743825280079
18.19672001106334
-16.516194387308033
-3.260040626620002
0.5062136477601298
-6.253591832228396
-9.283890491710789
-19.237094050064986
14.746799063170757
4.111956861289543
12.492315938002804
-11.862902819701521
4.561843644391335
-13.356514369223266
5.002314539394339
11.742266377904421
17.422041506495578
12.164947231169286
16.646862949458953
-17.801717677604138
5.216098984236606
5.927416281353963
15.737192565434528
-19.735033615020193
-14.972654932755333
-11.490385191841298
-4.391698207704562
-1.7823561476308836
15.508244549651069
5.728049532205199
-11.331690032721262
-15.584317042802986
18.626160325827264
11.008773585015547
-5.5304909193483365
-4.175701833797381
13.600115431701084
-11.121630926594236
1.7958730130742984
-17.01023532148429
-9.744110295149099
-9.551104257252465
16.924885378053716
-19.872984925621072
7.489212028401493
15.546889686660288
14.76079799280817
19.884408746164883
3.273804703689276
1.7402441569833993
14.897181638383245
-18.67747048146853
18.232491037314613
14.107787795718473
7.729902531835999
11.904406889844768
3.09426856637248
-2.3426592424120463
19.149596393233445
-13.471678601995585
3.833528729340623
10.246390493820133
10.582511993722923
-15.67414516910274
11.005277430163769
5.089896992011993
-3.871120882529251
1.2457739129723322
16.3284438224811
4.96169377306074
7.498480619128127
-17.133092364413805
13.940543333544895
16.77245396671889
-6.253503165859131
12.040427117099973
7.3964924771491125
16.047723862509848
-4.154147161587791
-18.137681177171725
17.93037384529626
13.966593241643238
-2.9952948382581557
-3.700406454340275
-7.761243777829527
9.087965906970048
-9.558609186401895
11.672181459246955
-5.838020763252616
5.1028950650701965
-11.873448997703125
11.889664177288282
10.405995337606523
-0.08926903788806229
12.497752220728916
-18.13714805052648
19.62036400890453
-17.717693776000083
7.023417067244115
-9.316042874988145
-7.690105558341331
4.716533689684961
-4.633821222662253
7.985365266236166
-6.535561110546491
-12.503549884378904
-0.6889242750391533
11.03641935565641
-14.093549994662485
-8.891166964640846
-7.555271104185168
13.256638380250955
6.033711995378357
-18.63023346861041
2.748458807143348
18.134807115922648
0.985922143678164
7.830023400780228
-11.02412713178715
-7.944536738718968
17.167580499031633
-3.94298085330683
-5.652381882525113
2.8159445807346017
-17.05297459042154
-17.120350013321207
5.702509557982021
-1.331383521548144
-12.181932093836556
-0.8120494519822508
11.615493122373937
4.91429280131725
-17.487857766671226
6.509652279692122
-9.497766700336658
15.852096928604983
-3.63988128167795
0.06163810039346185
-12.721002603215803
-14.114260359544142
-19.06148978861868
-9.775828168888307
-15.715974262027448
15.062889970573758
18.3890612980148
18.410708051425946
15.190363891409287
-2.3170157914606726
-10.14929870998968
-12.481637664868291
-9.485039262462687
-5.702535852603927
15.49201792039122
-3.702711327520798
-5.785537082905159
11.356584740301678
14.399722958097122
4.748077201626031
17.714029425430287
-5.710945662739477
-6.974663524808982
-17.219279520931238
-11.590535861515026
-13.931323686751353
8.514559192289962
10.757424778750346
17.789212908969883
-17.861980688427778
1.2423650530561714
-10.797904460797145
-7.433933112611486
9.789175994223864
3.766640479396788
-18.058398894155744
0.13258547307638313
-6.120200357576704
-4.637010603839031
-18.221443213785513
1.688062601221385
-1.2511697805564648
15.54905420632731
9.291214381060616
-16.518433586094346
6.501597604352205
1.4423726196237752
-9.26832889557678
-19.684569643155235
4.3134461802968405
13.588662885555545
-15.899336075861012
-18.869285780754556
-6.02100610037954
0.8444035270669925
-10.584927210580283
9.334246886017215
-6.5652371326158
18.142603224968518
-7.770042025446817
-13.770877211657208
-6.719732512229384
-14.764300145123904
-1.6983233677952736
-1.1632132889966806
19.95720591498943
18.27857446883959
14.685625535871395
-9.744188144671128
-7.522151295608532
-6.284921072089182
0.2654028617994708
-15.23676143528673
-16.547400954648044
-15.171109837796429
-19.346349209652406
-17.94556009529473
18.689014195431753
16.326071662393808
-13.81090134486682
0.2949165117162922
16.959517524508595
-7.185848910729367
-10.218027579012743
-0.5764573097123193
-7.140416555925593
2.2961617305678317
-2.564073855820981
13.906460259059026
-14.03576400661198
18.92407313414949
-12.40685768322519
-5.288427822741268
-7.879342341354532
-18.20780553360401
8.61724005316509
-16.000728254503848
-9.768850287358376
-16.107172501625385
-5.565309301551986
2.5735327719902745
-2.1152210700673058
1.4388956094114569
-9.148367062596758
8.43722484465738
15.437633791808633
11.032305523564903
11.965931772471773
-10.112713515325291
-7.082848001494302
-0.6532353978762195
-0.15074094086852785
19.367590924735772
-7.148698972424978
10.86163353190849
-2.1938979517570667
4.366763773038556
3.018533751259138
16.03401522720977
18.096828559972884
19.676104473284024
10.848614206497524
-12.979885887739018
-13.61908509657046
9.186766852452113
-2.161348175977156
-14.238874284809416
0.7454102854082745
-11.94902481310029
16.426946291792227
-0.3660041632228328
17.961660202221967
-1.6423067658947543
-19.87213793653013
-16.559543596472498
-1.5652604420748961
18.415726077398617
6.554764474744563
-17.59290868432041
18.33453821146192
2.535909799943137
19.75267677490806
-8.430261908974845
19.611166277495332
10.901231734420094
-16.140710144294523
-14.475820749673307
-17.293946309297723
-5.640825603892576
-16.78331242116833
6.014697175506374
19.342148211493875
17.598180097783526
-13.696254442816747
-16.950227496172744
-3.322135726764266
8.207238527132423
-13.668711090891268
16.60745190844714
10.677662596526915
10.296721847339878
-10.883933735404142
-12.597127534319107
-18.72468848784073
6.606229163390047
13.05292203672462
-4.072445684304222
-8.279848047115244
14.08883440516889
-17.338265533336155
12.06714491012145
12.01110202833469
-1.8461159941708871
17.37845421121652
-11.07487801053785
15.784526800121625
11.846916546140505
8.497459768736348
12.08874961030245
1.7622684369254538
-19.857179208752022
5.770534556993625
10.817097274913365
-17.76780429090504
8.539112303934386
-10.63396194184865
-16.383054068739504
11.751288711650268
7.308014596306589
4.555353043742647
-12.640179185455992
6.143245540290003
6.4318712545185885
-18.047130170152283
-3.506521875289894
-19.986188864146204
-11.667172861080491
9.872213256792577
13.955224449836816
9.377439159740693
-17.527385747802477
-19.219908636680977
-6.791960085288076
-12.674813667855522
-2.888949271695491
-1.1973516142969132
17.909007856377404
7.436145897828159
9.050275025670945
-12.68378821193636
6.320535435683965
16.42485313234213
17.835402588056137
8.101813330559997
-15.824287426895065
16.498792730178128
12.538105155364141
-7.931559893507116
-0.6590040846052814
-2.328169244494016
-8.12829156025006
-8.09178418822544
-1.8343423000056802
10.538646075983081
11.88157226495215
-7.109878895371318
16.10815468788079
14.545674400901088
2.6973570030120086
4.547639172012694
2.697103212280174
16.789689566561222
7.8584623237286255
-4.798660243078134
7.149409390353125
-14.377337581787874
19.477469988779866
14.28196749384787
-6.606289308889104
-5.725201320294255
-10.951754685324278
15.143824663962743
-12.1410362932799
-10.457320763111095
-12.487677872809781
-5.874740820015245
6.708494290627649
-0.8954511391419429
-11.825493823120095
-5.409746066177155
12.921428315727322
10.561293558514828
13.217954608273676
16.57732982978702
-15.683827872554277
2.3520004001512795
0.0062066851623976405
13.772301056586787
-6.306417968978009
-6.710165110433675
-4.292904608432937
17.673113743802496
-17.473548470066813
-16.71787550906511
-15.131523057163827
10.931899444497208
-16.675489782223686
-16.609826866353448
14.414641846711786
-6.443605785200344
8.789990054346323
12.804532459142305
0.663457029220571
5.410543454306214
-19.80505764873596
-2.7695661542150685
-17.462096833741292
6.950881596789413
13.859252783921988
15.734010361803499
-10.871839175436616
19.731671933417516
-15.154851841480056
13.150214101989564
11.231655938103508
3.9947926502821796
18.22164648007201
-3.471554616885637
-13.142118422459612
4.488292778827132
-0.5767573487865763
-15.296851533041306
-9.1017337719475
-4.695736854904067
18.56372025094686
-6.05266646608674
-5.7053298620795045
12.168963444065648
-2.930713627577881
-0.5063338998784284
8.923884029905933
-7.368414712335447
-1.6985176963636306
8.554044802840476
16.638522652310385
-19.94126159379369
-8.976686531123882
12.516682970109443
-14.760677392011136
10.502328939414802
0.5063058090258377
-10.351028888647074
10.08540368349152
6.063358717014062
-11.381510311796736
-0.7621705906539011
-13.968483875938794
-15.089844860276052
17.896243288755564
1.8637716999313847
8.857721484073874
-17.493259444092892
2.946439528461249
9.04617005176708
11.247864622863135
16.07192055042669
-4.918963827996121
-18.003171851752345
1.2366875037475866
2.3659357084180543
-18.88085525505489
10.794714370681406
-3.1735990497171107
-15.103085518049038
2.3147115335477553
-11.189446243760921
-9.92928907203419
1.9942166762501445
4.789384438030346
-11.832677557021034
18.208208572335195
-8.565741439950987
-17.492028805984816
4.656587342856868
-14.97972606595697
-2.5080807972903507
7.072204942378315
-4.900324856367848
6.852551600677588
18.7782331191756
-15.317973292660522
-7.796006063911469
4.827015890077284
13.753496444202282
15.962532151222524
-9.36777992966475
-8.958317167221557
5.077672034610221
-16.000773510826207
16.600753753073384
4.315877588158088
18.541866779770572
1.4371016283917415
7.940173948377156
11.195635838869764
-18.501718693449845
19.73169804398527
-3.80375898530414
-5.615963295398374
-5.840219238717821
2.568501118945221
10.766100158513797
10.143380037165382
7.797422254699065
16.731650623151104
-4.076188210659395
17.330755924339947
-0.21924372207471343
1.0675183594300286
19.63752163197522
-3.2775529572673223
-2.8275084286030427
8.262987664122821
-12.911603915255876
14.224195335133189
15.31067059823239
4.430109333516112
-2.9727665664732905
-16.719569030315526
-3.7028555379875794
-17.745198667312067
-3.8618989687554572
5.618593251777542
-9.446682968937301
-3.1409397206167
-14.941418950497326
19.74688685440824
-7.3206760713704
-17.114089124195623
-13.982777057584164
10.460587843455027
-3.260199223463336
0.0005039060159273134
-17.68920292809065
14.223906919468421
2.287377412196343
0.04677112776696912
16.07964734143968
-6.143279611421613
17.17258327389756
3.7519291795714738
18.690200344075937
6.738240017116812
10.885187105062123
4.699290710029169
0.5009823892595433
-18.162930358001205
-15.810310268405456
12.768601361511408
-0.5787140981358485
12.726858767832594
3.413976200925948
-11.010034404289147
-4.547485901786699
-15.267459062897313
-5.029463430827885
-16.966925912461242
17.01046238075214
17.48678373760616
-15.199434103388967
-16.2459489536788
0.6374235787695115
7.232636478047834
-19.633007749232423
-6.329197804413105
-3.58171196867354
11.08257058924389
0.5738513315420768
-18.036167392140953
-3.3519450115353777
-1.0662437049510132
10.755001623298387
-17.623754462527074
-2.7359021875310674
-3.4230215307347223
-16.57198310684295
9.270068487852736
-9.657116758842239
13.795733819148296
-15.877521681540014
3.1507822848084244
4.283733359928963
-16.640268664110156
15.05062235074973
16.65811758093446
-11.066957331251587
11.151963329781891
15.081268392324624
11.774195697737602
-8.282378170629503
14.030409506307727
18.111879207310725
-14.696567929230149
-8.980477022429024
16.067787595738704
17.118881370381416
7.972058999182656
-15.115788270192766
7.277300883451394
4.847694799571878
-3.8798438306452887
0.859996045175353
4.6368716529549925
-6.991585505304441
-5.09900364591668
-16.831897183902626
7.2270136607401
18.042329092789473
1.6999518431433636
-2.616886369957596
14.624715056582001
18.402386875226057
14.752803356728474
8.105220801429752
17.241754364098686
-0.20811472423182487
-15.676614337174094
9.03570354975714
17.737745934296996
-2.734927358553274
-8.501919742100732
6.5273865706272405
0.1126088137203185
7.563077347161116
-6.4103833332338755
-16.012217729256935
-10.252567392191354
-11.80514351611623
-3.1663777863425313
3.3213731146129133
16.039168187463282
8.400116927173142
19.90965914084734
6.514112586808523
-15.729617565935477
4.402557464527024
-6.94338033347317
6.080341286303481
0.7730270274067985
7.142645830527594
5.013939261097509
-4.162669174830098
17.690241011956047
11.36029523556183
2.564804885415821
10.962551846173113
17.320215998324883
6.230901538684748
-12.913030235894404
-1.165906446318803
-2.814694335700736
-4.003206936917074
-1.7533492104094162
-0.5110286990566815
-5.872477981047024
16.715519517363802
-8.043557574209931
16.10968599914717
16.957196602492818
-7.348640144430512
16.359192895943025
9.745964681814767
-19.520692582341642
16.55826762279908
-2.5513358875521375
-5.321384235212392
2.3462745792536888
18.034561992599286
10.852329318482061
17.827151814637645
-14.426377366247621
7.128760875746987
19.011447621974927
-19.528243573248197
-13.02947716727639
-7.334305195632793
15.793399392250581
4.413118436991921
10.665697659406955
17.269728477551958
-4.861070780142698
-18.32930680416448
16.82601794874602
-9.632331473208936
-0.13131662875053962
-16.331238848325533
-12.965562477435494
-7.395157202496256
-10.37872176077081
16.600498602070786
17.050292901900377
-8.333685309013541
12.700621377249238
1.6136723041556156
7.22811867263891
-18.36404443258271
-11.172802863163916
-17.750848900401145
2.872824547398767
0.21944411498614702
15.084513430636775
-11.689504097527514
2.4580436596002553
-14.747129250717489
-0.6169168155669613
-2.3449821171909413
-7.428595383887009
4.892860766802514
-17.967742205158434
10.286138242693351
4.439831458834624
-7.482778292203651
14.719506138452573
2.307283890793461
13.928775400893528
18.97727590640631
19.664928068799867
0.4652637635476786
3.8534373896559027
-7.0679390667886555
-3.4037319914179154
19.55483022042167
-3.0515435916992173
2.9577457066600443
-1.1805052526050197
0.9101604722026702
-9.349303420324206
-14.410272952803048
-4.468818881723293
-9.660119225398667
7.810417685488256
-15.492974157390274
8.19888861845012
-1.3427387739701313
-2.6430216785572513
8.769237940721188
18.092275964710932
-0.14793871414698678
-18.911368073282844
4.507943236770955
5.276345655539307
-14.725104618320458
-17.77750374402164
3.707283059067805
12.422879639015939
-9.520544565974118
12.531885848941492
18.37738471849894
9.012196891389145
12.368861613251418
6.604710322415985
7.87463029816351
17.229715399285208
-8.802023394879154
1.1236406233533458
-3.8093897021626866
-9.295126858547697
5.463754886591072
18.960629102949248
-14.32307617139906
8.15200573472036
12.796188572760393
-11.32621226474743
2.7448747364817017
-2.266927525744853
11.067663736933063
18.867790671801878
-0.9641950294847179
14.999543036032197
-3.8793977862091644
-19.7449817757197
-17.30232424357508
8.450968644047915
-11.45843569650454
-17.10300825657741
-6.452269849188226
-3.97003936545544
14.700132004103356
14.332040123485154
-1.7151281123172346
-14.918449847812463
10.670938869566303
13.489357099553247
11.301179902799268
12.744519355938593
-3.515324169655103
-8.568561411484028
19.843954894786204
-16.290660702615043
-6.759444717247436
-3.8542480114403554
12.359153478456788
-11.991098231599384
-11.483781291695108
-8.624717010072253
-10.540054656152588
6.698230314813478
-15.894583250345239
9.23168526099956
0.5673344768748478
19.099551832584545
5.453781969203355
-7.053734837544168
0.5518792801865269
-17.40698073063614
2.29294758391684
-8.709669339494406
5.744317508656982
0.645456272870546
11.414278170671484
-8.123530153013473
14.910630471510737
-17.753273205893553
18.594693162487353
-18.90298155461917
-1.765446139452238
-14.789915531132433
9.838553022810984
19.688693586864222
-5.244096528596893
-12.005748512562505
-17.84774734434725
-9.635607515076142
8.99494610851666
-16.225307834171257
-18.34408029843699
-5.427888187032579
-14.15544455497454
-12.754345372919648
-16.881518069981457
1.9791224827738096
-1.9186421725402214
3.7289094988719684
-19.78850234104108
-15.493375947847774
18.197976357322332
18.54305300923878
-7.592788734158433
9.291962919558738
6.993045723724043
3.7343129597784985
-19.020027989545913
-8.962165074434484
5.6841007553858836
-15.908454229151028
-11.46136029079039
4.799338636029584
19.801794318807953
15.497991858376432
-1.7265296557274823
2.7241294595916132
6.999068059824718
19.415015997562747
-18.608122592300923
-1.5559397587099388
-10.47685377875018
3.5996583973147
-18.876461404630707
-2.6169261911398323
19.26159693398716
-12.663024319769388
12.902929456845463
-6.568873969891915
-5.292285214644461
-18.003573745174513
0.9402144998424689
-8.827607992846488
2.345374886522489
14.230755665932179
19.356269366387092
-6.53417959826919
-6.992332829744687
14.57774803446432
-11.08885052908699
15.377902899406596
-17.771337400073755
2.414345667901463
-17.059882600120623
-13.409103614042056
-6.012543210268011
6.461217515410205
10.320949642451653
12.17289828995957
-0.22173978747269008
-3.482417676588203
6.098901917262869
-14.358110928068314
19.209965799724973
-17.04060480657628
-5.2393613627093405
1.4326821496509723
9.455034348490212
1.2521855998575893
-10.133879284399203
5.330026043744613
8.120944676599287
18.555895772035594
-17.978372194782075
-12.023062057455046
-12.47617440074582
8.739113825883162
-17.6383515420587
0.13934843201303337
-18.075242181069015
10.757262214972148
14.087290878456775
-11.14135688290277
-15.37554655734998
-10.753587981483408
-18.994462911581508
-12.138835164224208
-8.204957646338041
18.914952849064697
-0.8721953023653972
-5.976301258942676
-12.588094950417702
-18.577027970555623
-18.75247106493166
-18.604340811097586
-18.434975935956032
-16.73309581700735
15.67740439835112
-5.705754662143248
6.043064614829481
-11.35666012488283
-12.908636122632181
-6.641617729408185
16.87901791446938
-14.55598312764649
-12.08885695115657
7.202548202447963
-5.6975476483554655
4.299682217956264
-12.959518852787216
-11.068040640867384
-17.667321724833446
-4.242865266042903
-2.9137787547659055
16.14045098140547
-3.1101528886575514
-17.77283111085634
-19.54939083347938
-13.056373487431623
-14.811920148940008
-4.999091643671334
10.54922116215919
-8.521087198726534
6.759513264720174
11.072002482254506
-10.311151723570774
-12.648086071858344
11.84670772486574
19.980024463561307
8.941457566014407
3.6989238918729983
-1.1594483913268183
-0.7724163501577763
12.911927993959615
18.6523178155168
-12.993798571697205
-2.3472367214562517
-6.958400086277181
15.329071059127983
-16.684491796090413
16.728618409238095
-15.571667971126661
-3.1787747449301706
12.497736135014513
11.333722400091526
6.2146857395790445
-7.6904057637384815
-13.925618251010214
-6.078848135297545
-2.726293544029783
-16.976964371563568
0.38020804225195715
5.010244208621333
18.23410329674752
-2.1845243565310657
19.834022649817502
16.555851325633107
-18.592814692377534
-16.2033886377891
12.04854812082052
10.650704366683756
3.730353656266261
-5.862789803058637
15.01162183810826
-8.122161907322498
-12.983678774802607
4.458652748547416
-3.6286268597086435
17.753108414807674
2.2209627397353993
16.45279268445707
-17.889281916120957
2.1319550980569213
-18.20097417358099
-16.230538907836795
-1.2656192434895264
-16.68332145039154
-15.871947504759891
2.8895772112329787
2.349548884762158
-8.901555531908286
-1.7380119518504333
-19.12250854322332
3.263450661054117
8.367094434795575
-19.45448930508407
18.091358264547615
-7.388079644960253
15.753950862475406
8.363110545342494
19.21813359854715
-19.22760378405446
18.56502194485884
16.07369913262708
16.476035411223204
6.264712605004994
16.457391191804668
-10.070824414297693
-19.903986620575637
-11.525802523032542
-10.893467347541637
8.519095273257843
-10.325000303477236
-12.435438700761035
-18.291721953942126
-13.026309325763407
-13.894637116357359
-15.543769771676965
14.951274748527599
6.561039169858054
19.263579190864554
-4.333954274585614
-7.330159698054284
-17.635946184458994
-14.808853920080324
18.12802681472478
-13.411328573001185
-12.870659535774177
-10.908476239490504
4.584846445299977
1.0768172463954606
6.090163311524206
16.125212126152647
16.387078175685605
-7.346766683451316
-13.953855014504928
6.037548626288465
3.015616594909689
5.326496639363363
-10.626322894918356
17.17971797753975
-4.513944567650703
-14.977014020400222
14.118607433792851
18.46821386841018
3.6494883133242295
-10.972119017892616
-7.6698424233099916
-1.6640219337048245
-8.010758627103662
-9.229527636839183
5.511845035999183
-17.99435681789701
5.857043379538349
11.877592006727848
12.294652590613397
-4.562783607976697
14.15084225389759
8.90562416420105
-0.8143411075822993
6.870627801801632
-18.344095454223538
-7.243128311402347
-2.8342187582596523
2.8128270815392398
16.8094876492426
6.543541342952071
-6.926013636824977
-7.854502875914551
18.28727370824175
-8.351062568343433
-13.128733539545419
13.813133926474901
11.618555811629028
6.788444490985288
9.713964850328658
-15.638411669302382
-11.035093573673924
14.632357744949864
10.049414782384417
1.7818291745093084
-1.6318714385086919
-12.215652440196596
15.325387232945209
-6.912272711260243
-1.5204976554821714
-6.177480346429345
-4.970344158877431
13.440601112937035
-0.45104764372364325
10.67501112423387
-18.07975656993873
-8.100134039897258
6.093650158872026
2.857206541085202
-12.672234069505691
-14.538015589246136
-16.30357947813319
3.317158881815563
10.577918683069454
-12.114497835412784
-8.770119065153459
15.30760232670779
-4.831024941408364
-6.629819966324866
5.3564872325602675
0.35685998612655645
-16.62249173237903
3.627050452873508
2.8924026791327906
-3.521033871692203
-18.734882865608654
15.324974073760998
13.273454762751257
11.027744689670413
8.448264233564352
15.701180583699603
-10.678489364274721
-10.471825755969139
-4.595462277616611
-0.6790667938917005
9.152461595356165
12.364121302712716
-10.28115582572832
10.232133547587736
6.454827148504494
14.991174964751206
-11.22966234367059
-19.932455062749625
19.13545986183639
0.9061637773828979
13.26899922176866
16.740053511494132
-17.59230595125876
4.073565160251316
6.2422287921932185
-15.63312955902263
-8.987431575963566
-18.919355991009716
-17.554500601919273
-11.672849200246368
-16.248615148835977
-4.38790191158184
-11.192888639135422
0.6043292170352954
1.2771096885141286
-13.538869344468317
13.646580899338328
-3.9053917243992364
12.135838151239188
-5.0535368429257455
-4.128952297675941
15.957719533692853
18.86723016026402
-16.965047730729633
19.585258493913315
0.8359118545980104
-14.306846547154382
-8.626667243949203
7.91341744476131
16.643887228768758
-7.28277023215933
12.066403035344768
-7.211553252352285
12.185241254619484
-7.22388612061708
18.47616688849948
15.011477466221699
0.8631430428746611
15.57793427118581
1.9283612283766693
15.17655738723942
-11.36421013518451
-16.445922554798674
6.832305286865128
1.316122740303065
5.775804032368006
3.1481061019475343
-10.662539758401785
5.613615674868995
6.534719214341895
-11.390785224843501
15.837331291761725
-8.905040856281211
12.994347906768517
-5.388856134299629
5.424022147233805
19.380795446806914
7.989438513029388
3.7048719007596453
12.650796831639258
-7.160610855666358
-12.42412390676578
17.445799740302856
-16.692675965355875
-19.83361888166083
-4.849926640744333
1.1608745519120989
19.08347115295635
-12.261693412469414
17.457542739318882
-11.342982235405739
8.812679109235301
-8.247583539522632
-7.06284249327727
7.066150659642854
-2.6034996660165044
15.9633172424049
4.695954682583743
1.679013315537401
-7.634207288794981
-11.475541356591496
-12.815968911078377
-12.057512008748702
-9.769374730489787
12.084584680665253
-12.598855890014594
5.906572463954181
19.73299301799234
16.720349697493248
-4.34038117637503
10.60915242363118
16.323907923487923
-2.0514130930462127
-18.859526450188753
-17.309139645275774
-13.488949732539105
10.010549923660413
13.03275878830219
11.413856494960605
-7.566777763089831
-1.1780071946508874
9.749198131900645
-4.880108747409273
-1.3323457223314916
1.240216381133279
11.13971320531418
-2.970926928031461
7.141424685365569
8.386419009857073
0.8325414655323282
-2.316451828996322
17.04721029316845
-13.101699309681752
-2.2153636754900408
11.933291777379896
-3.9686815053748736
-6.591695641455355
-2.6708375275173912
10.594249179457172
-0.9815108871622868
-19.600361126606277
-2.300131064587978
-18.690246813670154
5.993380599291385
18.693038367627516
16.16691858412215
-14.336132094020929
8.107841137840687
2.6780728170782497
2.5595765269090442
-9.155120005107676
-15.70800854240197
0.1060592956269657
-4.8079812435546865
-0.7604732203613995
16.242003439996164
9.78933083145456
8.3154587201253
-17.465486590133665
2.5108540519966427
-9.498055716222304
5.839905358303152
0.7852766061792282
2.7484728230808386
0.5765282275291339
14.591336028874128
13.974716739119554
-10.63513207167274
10.168028915388035
-7.8787498566051495
3.089720187471805
14.865384972540667
-2.4292647656552058
15.222869825669928
19.944930613147214
6.61114388113873
2.777824888517104
9.571905150967135
-12.726775034962161
-17.048371530380322
-8.434555644644997
6.285791821630844
5.96588684455468
13.458343320373011
5.168056007883877
-15.298293809775085
14.92178426505577
-13.933723610251217
10.8274583062726
-12.584149554286252
1.77421465391439
9.828876137859965
13.897264705599017
8.116387721352826
6.580452848192824
-3.7083168185533077
11.24477334633681
3.4241392825959416
4.698370327457284
-4.062176908462387
15.860190243836957
-2.649344680323904
-6.903832915424797
19.014910497860164
-7.139123889752774
19.72175849700688
7.555890651155153
15.367823045469638
3.4740235371227746
5.779284459717218
15.277709708212113
5.948875224129426
-14.532729376967453
-5.382423164104275
6.494349671587503
1.2535470855841746
-16.433693599096856
14.43696056501954
-9.374177413761796
-9.91334258199091
-12.084066587000276
-6.101785568034677
-16.249412717953927
3.650385462393535
-8.4130995142656
9.225117554130527
-6.272934001037864
4.254984753036974
18.61941696201095
15.738982506035004
19.701126236554664
-13.009131409746333
7.721047342689453
18.368419621608588
0.4816337482108457
12.263831084003636
-9.674190678971
15.511989382303142
-8.035609950953205
14.142993750952897
-15.421496972006818
-17.907329940810914
9.075460288042564
11.431289517632566
-11.80776453526681
6.388056469009582
-10.715692291249503
2.8958967733332974
19.100602112467225
14.626171236299923
16.84413280244477
2.051976170621561
15.141849213063097
19.82221278117903
7.158840468998262
17.930896293145825
4.3410365230319
-13.248236135456587
12.68715845368655
-17.49602195405084
10.51750661402522
19.633323053682567
-3.6685995466697063
-6.452850888590076
6.028236497812882
15.527693649788938
-13.292042312122888
15.943189866742223
-14.643867030313054
-1.685718268865144
-2.6863600442664115
-10.799241261759338
10.96898057982624
12.082761765576958
-7.820518388159892
17.755076354288807
5.986462393421665
18.84988523073116
3.725374662842178
11.006553850578364
19.353148718266798
6.179906366113008
18.74129859211855
-1.5945458203994622
9.998911534476097
8.917972848301057
-15.043770095705643
10.451426246624514
-16.49294058297332
13.61246670623025
0.1711352906116348
-1.4401218723053866
9.905461315262333
2.88881774924306
6.985490710013678
-17.812866576494827
-3.8330026470416234
-7.746499998749763
-13.639430685183251
-4.55780533659726
-19.215213533340627
2.9609822071909475
-19.985581806100825
10.17442008646877
1.678557154835425
18.859151062638976
-8.573896944636093
11.616136592735376
2.9819644848118143
14.244445046454949
5.278019561514333
-17.873429697625674
-13.232629872647426
-9.0259573722388
4.11245690484813
-4.418396544458467
-1.7474442219867425
13.496574200746686
1.4593884250748301
0.2377705040344713
7.761750882054046
6.942391427807886
19.73923590655089
11.713631286719588
-13.002421260167125
-17.77057005432852
3.2693221444370257
9.136815111591963
10.083640037420478
5.665449077608051
10.615514980233627
14.196028628714608
8.862480123190126
9.306475679697126
15.22411595519037
-19.774251158314634
-4.78054713989172
-15.500974487066191
12.91844755094974
11.289777689888464
-15.357815716008254
4.388219649357672
-19.338329990709425
15.242421012460877
-13.105651555319056
1.8525461725543302
-19.461859967951543
-6.08827429609041
-15.697343766817138
-5.192126935278547
0.35862088662712566
14.332216627918255
7.636526662462768
-7.1769055062903675
14.973264767322592
9.253932471763498
-17.008562647636992
10.931611828614383
11.224368979149656
8.271640661061156
-16.27380919499968
1.6713173095047251
-0.8371836183333325
5.7921440324326445
-7.646802991610051
13.243084666195003
13.481691974695117
17.589866150878034
16.021737406956973
12.151445141469974
15.290530802778788
16.861262314794597
5.944319709172903
5.68152443183763
12.540619694886978
-13.36172033151309
9.044883618688818
16.75563194020767
7.192138660245289
-2.0849267556955953
15.98797656305969
10.390661244662503
-11.870053284361916
-16.082770514742624
8.782297283804041
18.150337458804458
-16.91604496448988
10.795129127268929
-14.425974877428818
-19.44175611708009
2.631367098511088
16.36428120339294
-5.410321141849077
11.409839862440968
9.15326824923337
-17.07291642956325
12.01373603720183
-6.8430789509388745
-6.405154554416441
4.634290177751077
7.302323683188288
8.437334487800285
-3.7246868201887784
-15.279154440682143
9.859511192508045
15.058583108429534
-17.554825859610336
-3.6080655886527513
-16.427202353733495
7.930136032783763
-7.827538023685285
-15.312925957831588
11.383774136472859
-2.2518874267900113
-10.186530617989513
-17.775488803169942
-0.5717280173422079
-7.14342460815268
5.695300787081328
-16.454563748548257
-5.460671388796716
7.518822574101134
-16.618316789539538
12.022516091942546
4.5832877716082
-8.39124763200774
-13.951858029099595
10.404488812448296
-2.93457627951772
-7.090451425465267
19.387299076054095
-2.7673152086775676
10.64249954022792
10.423267576565864
-19.192951264421264
-15.001412761096308
-10.179593392324744
-8.874180370383723
-10.093576190081365
-0.429015048523822
-2.084385656807992
-10.564136715715243
16.079464260087374
8.330110947921042
-12.17091442267054
-7.36577680634765
-6.32162616171569
-19.673476053528688
-11.800074243410513
-9.418442032763078
-6.340792244917868
4.561599718126428
-10.445391063759217
9.236220454204208
-0.5838037708238808
5.280994080871362
-17.3199526783503
13.64929031945783
13.55452823155928
1.3795372091280589
5.404570614472881
14.012926184764169
-7.70785765081849
1.7012950305451513
-0.7350097466617589
-5.43764327543744
-4.164383892078969
17.522152875777195
14.127550042972459
-3.6893780161254774
14.534010285803847
15.837769044810699
7.254991659707648
-14.383932780132929
-10.79285461259785
14.884679540644004
19.38213731400896
3.4828040439961283
0.9464497337552347
-16.542892212141776
6.8082515955037115
19.546521812117778
4.565370822309993
-8.395996010841241
0.5519898117526134
-10.410918825548316
15.553469538425077
-1.6226457790431326
-7.862039958532061
5.511389541374068
15.43542327526425
10.303041732667468
-4.690274181432983
16.22328392621714
-5.477252926213354
-6.965295911171765
-1.3891902920697685
9.315652358914846
-7.517358378757182
6.330300521981336
6.197962735065086
-19.5681783635628
8.983486092394743
-4.214459405157367
19.67346612158825
-17.328687968221985
-0.32080870449270105
6.7755186222845865
-19.553705435232406
-0.46488157743772796
4.729833416705254
-4.326014938535092
18.435399440376955
17.56284138851018
10.095489852043169
-2.1444730028443892
-9.56979931988052
-19.19305905430068
7.886536396687438
13.048650039344526
12.090491171429525
-14.341044520017633
-7.287163573995921
12.280008812032218
-8.398556115937858
-13.294468671695952
-1.1081913662647525
3.9284073550418874
2.1677234404607892
-10.954742339282305
-1.348034948123158
10.71979122620618
-6.566077310935912
18.285451823606067
10.590596160086015
-12.866813604530059
-6.599457326044318
-10.75997392659338
8.17594333941134
-2.4148171026339194
14.834322287665728
-17.47369837991404
-14.98826327411859
0.3212525690817447
-10.64038286707483
-11.349900905568461
-9.508212132776848
15.974017057086014
-11.416677314381175
0.9073869917823174
-2.809581350592607
-16.74959853282072
-16.114727295342746
8.895406284041755
-17.92478558961124
-1.7112335784936006
4.418256157815694
7.627974192617772
-13.194340744134742
-7.084799990526243
-5.8461114492345745
-1.7545448374945183
-9.168168863308042
6.41453449228103
1.427351142894011
-10.830912651648728
-9.943932208698921
14.392900259970961
-18.627093152140436
7.998382961305359
-10.582315567446825
-14.988821392356119
-16.130744427574314
-3.0642738107283707
-16.865019632444685
-11.601120349364358
6.469099040227948
13.68589913152558
-4.3773214330391585
13.626343968478611
8.157031551062657
8.436507315748507
-14.335645075777208
14.716571649144527
0.8572943856398307
-4.207753917372679
-5.764815092559945
10.27929290604968
2.579228877502797
0.5950530033383927
9.787071871693982
-5.133356028638598
-19.408683008349918
-12.88343502677003
-11.42078429609915
9.339778352782503
7.333289161307608
2.858264014877845
17.746599588487932
-5.68115674573074
-9.27906395896349
17.78885760195532
-12.436302416737885
5.486408226602069
5.161932713015429
-3.152097158380607
16.04258678290136
-10.802528344035846
2.850169936643492
-16.515006293478148
-6.594072899385699
-7.775754658739142
14.144718274422438
8.37369261757856
1.6330646501730328
8.89600480199432
11.086552712041238
15.064795527080733
19.23022500802451
17.14322208698192
18.448500262682586
13.269392255703497
13.033768947196966
2.2157154480537367
-10.549731781609847
-1.4187109301061795
14.40272509872695
19.93079104890677
13.843726794656668
16.438148636697765
-3.663124435675602
-6.088946026470423
-1.6592089407609478
3.0678388499413867
-8.829143743741508
-17.543868426273427
17.7551032469526
-11.300533408003286
1.6113750444888142
-11.032979574813023
7.17408592457752
-1.8658246173980375
0.6678315422732517
18.601244538953825
14.807852089805316
-16.205806774342683
-1.6892979260169394
5.8421670037751205
17.611954184049882
10.043676696073547
-7.681733677849292
-3.2056982533391576
-0.9187128495757024
-13.513760397558382
18.59638564877644
-16.053906966257454
-0.6594718424272239
-11.515640898697663
16.932417935250747
-19.785631096252004
15.927662133426
18.86624525182004
-11.829714461900114
-9.495803323959734
-7.637585784230456
15.863215795320116
8.510369015617204
-0.16786245364507124
0.0959720443693568
-0.12935949375316724
-13.758885104541934
5.902922046735375
-7.165277882186674
-7.891671337566573
-2.116949252107183
-0.889795806739242
-8.58901764241046
1.2883640906214078
19.24193112038624
2.3422575078711816
-10.223854252768465
-9.932223262809172
-13.538031468290207
-12.2532966972588
-13.555190993591829
-15.36386871039416
-6.739736791138475
-18.369913904892133
-5.4521796507420595
-5.05428297559837
14.056827739551307
-1.327657505331974
-17.570811892210454
-3.5016981758788557
6.168920034928167
8.72646842869929
-17.901229457331183
-13.950636966947872
-9.252777024633199
6.9055337442185305
3.8051183853568293
-11.355664323037411
-6.012023442512202
-0.8341335444061126
6.125748582971009
-19.59669801149001
-13.711510904965376
-18.4631621115483
14.985777227528967
13.901216833236747
15.298122589787976
-16.62471779025715
12.97866346897839
13.217153837113118
15.687489294243449
6.145298965298305
-1.3411049950008191
4.696179961520581
19.64145987846959
16.94783092375989
8.550486146885197
15.924103424696545
-1.3653300249341216
-13.99567834590394
16.80136338734964
16.36658063107685
-8.749046853458772
18.20675099429449
7.9785402740023725
4.616618849804972
-2.3686336719738676
12.182887937847532
-6.573783519025844
-11.455133330754412
-18.177505081657795
16.671219683254673
3.534153041722101
9.766031767559804
-12.642062489452677
7.591456856813523
19.153656246993283
-6.8779819204030135
17.739683905514113
-14.085455070203059
19.98452539351604
-8.53700605886413
19.962270361532962
9.655704412796005
-10.869638933951112
-3.055424735591852
-10.190721886669433
12.11281309638785
-14.791394215578295
7.128469487370368
7.718114449935629
-3.831823039616178
17.396383501891005
-0.13378724090856053
-4.003565114658669
-16.58862157259903
8.49314441862106
-1.8870574619982516
-1.6321128114407468
-18.20877045854143
15.84252087178864
-2.3900355540261
-19.962515801365114
17.909985027216035
19.220491469833284
-17.27778740512055
-14.241025635253507
14.789299763233505
13.220393463821122
12.217445772283938
-3.1756318936276795
-1.9291681809631722
-15.522382262736926
9.424878845546152
-15.441388802277313
-13.809771855615649
5.490373926456726
14.650162013538338
8.242390893122074
-18.19708439922269
8.880234662623074
-14.598041692228465
7.478423081275105
9.875413370808431
-16.12104775625484
2.0348795584849233
-2.994728171022385
-15.834838447226765
14.55539070294372
8.851869139439925
6.444138108309652
-9.663268493983326
8.977061430991196
-10.277970175080299
-17.84167693791791
-4.749464953510625
-7.623892941571979
3.3246824161768185
-19.42534015716138
-1.8065432045066343
-3.3885432467085774
-13.962666500247103
-0.09715321005100641
-19.052997283334253
-15.642883424340074
16.950645913146708
-16.557387327160285
2.138630427015551
-18.478664355471686
-8.652435599508376
6.767532416436346
-17.166501335060946
-7.669085068825421
18.99882543753508
0.47025051271051055
-6.384207136275903
-9.69068233390962
3.1650806024839095
-2.993893939210639
-7.72101254403287
-2.2680469885161836
7.5493931948560355
11.617314762820726
6.837803363508073
-19.21448900400914
-9.41851365148243
-12.085488979477033
-4.701486866510609
14.089870726401074
-17.3634780376708
-11.291927507067125
-4.785024769275128
-19.36853694379366
3.3736662715704435
-19.274070595066952
-17.851402570038243
12.333294868618246
-15.730641977526965
0.8351751239701377
-10.614621301551907
-9.737580639992483
18.735197405848755
-14.564062409187649
18.756953967258326
-5.015174602932113
-7.916016717040422
-9.103240658066687
-10.877659143874133
10.0354085224361
-3.524866612032924
-13.322235052145128
-15.15094311171075
18.808836768935148
-0.26589150126898
-5.8142934404745805
-4.917197627097281
16.123599425356755
-15.038448298031444
-8.111402716812087
-10.003801963612426
6.98897042141204
-17.091253362371454
7.791086579942044
-1.6187261227481464
-1.5514798763022108
-9.653764053101032
-3.167514099412405
-15.820437381657442
13.39063946777979
-13.302457083462663
-3.053273788860622
-12.066483052960248
-4.885790559801491
14.753288083394477
10.579401669117207
-5.649797874938733
-19.48986460144969
3.484428920218523
4.084644684339369
14.242462949990342
4.9033950861390085
-10.66258373135934
17.693174722264388
12.233150623913671
8.815341977322863
-19.812375934034144
-12.392727845178214
-2.3118121422878657
-16.089945936933177
-18.36183718390189
17.125486595027652
9.539699385668857
17.53504896952869
19.43443573876424
16.701167098512904
-11.879746358206225
-0.799327062231745
11.606195241594142
18.607950082057197
-18.015707657649603
19.988429851272947
8.232002431790084
-8.199619699434567
1.2039707781517084
-15.912575273882922
7.37911085270631
-5.401757637558373
0.006674441147094257
-6.248806317383195
16.03498473517902
-6.91312111815324
-5.752158922730453
-10.039024691355053
10.08934110319081
-4.36976177072931
19.19131341752006
2.4189153187408596
-4.159686878494848
-9.332071110800339
-14.453834013975193
-6.336027694134754
9.483843775716569
0.2825890822281707
-19.484410152608444
4.074217257744448
-2.86406752849218
8.684768536206855
2.5526510960286153
13.494544643959735
-16.640964388208697
-1.3385430212257887
-12.879086380920018
-8.600402354431257
-19.893366851571002
5.429704876421875
-10.965576567043565
-9.37581453722601
2.777054580560039
3.7596146240981954
-10.775248303071688
-18.091243894640545
-10.584697847868654
-1.401343908073076
12.5239018563914
-7.379852588178739
2.4158553025332763
15.284976225724067
-19.144759003886556
19.127983047821047
6.271310405470438
-5.359657604471462
11.47827285530752
16.931270293827986
1.6150346686301642
16.71618723395198
14.357037495855081
-19.542296548848164
6.738816431793562
-3.050215971013781
3.553432147744493
-7.040916118536935
-18.381044505426285
18.191899655011085
-11.249519074806521
13.82977521104106
9.627383003748289
17.67393155054733
8.56988439123513
14.353362571521817
11.109973942601181
18.238837438058454
7.165167211030354
-6.87153685310621
-17.608469779402558
1.807779521205397
-17.464230276090387
-8.500067486937528
10.92301689100351
4.486879879524892
5.025674889773444
18.722793025773022
4.515154349566202
6.728655603822786
-10.987981126374553
-2.676137150868305
5.300314814494254
13.455030604178981
2.850487541233333
17.45049465888024
-13.65592252008124
-10.763043882662565
-12.355565227511995
-3.701196131566671
4.423580776813769
7.857064451807676
-12.184503522319794
3.389960631562614
16.793232609956004
18.628836368135957
-2.0268242880406806
15.845784606718972
-17.975431966018593
4.570819754371738
-5.013650396630256
-12.37816231982475
-4.705642849070406
-1.9399668636568457
6.76402586581375
7.921011004698553
-19.721335271664127
-3.772987179529612
-1.539936018269632
11.387542314647137
-0.7325656049024287
-11.256043049449879
11.223964056756092
-12.115914812891138
10.80605755286658
-8.289577204844996
-3.2804952360074546
5.662408887188426
-1.0733146787514558
-16.87738286530174
-6.171749542096165
12.363794613011333
17.06144222339127
-5.827774752560151
9.33130159055998
13.15613794954614
8.64663480798991
9.800090322093503
-0.8584804500322019
3.3162671446586955
8.684460158845377
4.00863768674784
16.591291584931728
6.79071100183529
11.234265610615125
2.377758451009093
-1.8793262697307034
12.535454556022554
-14.099326706304343
-2.0497604522447865
4.052363319514427
-2.2220200067436036
10.323749254129204
15.946280279763897
10.96546623663546
12.785338593849392
-7.308363658785044
11.155312624019604
-2.607257173810882
-1.0921255209881586
-2.4185442148672642
19.100069613476794
1.9266905660537814
8.83693458491111
-6.399875068296921
-16.014464055972528
-19.86607430807263
-17.220357289735144
-6.5236132257553825
9.035912612615311
-1.4248935198564894
-11.613694630711189
-12.446593527003875
-5.35909554857168
14.459348856795454
10.380756194678145
-11.581881263989944
5.0574082274052135
12.476411960050765
19.69538686201702
-17.396485003194087
-10.750667864533971
-10.833093743727659
3.3488488879083045
8.12532391273102
-10.072177198736574
1.7181517096313126
-11.164431694906964
-5.266546267482504
9.71791884795528
-4.349110711159518
4.180662061152729
6.201724738536827
-19.90813965930289
-11.481961489407198
-1.9655275478954959
-15.755027704664633
9.96742346862102
19.584722458143524
-16.95124933949146
13.488230121533423
6.403626868987513
-8.558379911722147
16.021704957348206
-3.995237934154958
-17.358663792473195
9.523493215613827
8.784373252142622
7.959135080911652
1.3427268044799545
-17.500446138277766
-3.04115161643272
7.895905026228616
-8.125341675635088
-18.53502456697924
10.571398777882862
-9.916366396344284
14.00627522288859
-19.937631544208724
5.202334660319421
-2.259634070930421
17.231383263551766
-0.16030846318623393
-3.7079806484406097
-10.123334485720079
-17.002689775011998
-11.137923215600981
-11.088989509552087
-12.36319695545773
-5.429735975726033
-7.412569174659951
-7.998647506869729
-8.555819439844656
5.0702868313605975
-12.324242740904939
-3.591231674801505
9.343613952050202
-15.594091301473822
-1.6518375518341122
2.92406206666715
12.692044156586139
-8.142369605069755
0.9681660013318982
-2.3877916617495654
17.05285263182173
-2.2505178494270517
-2.0377927932647832
11.905284076616
7.644205148498355
-6.063228487433618
1.2336976901560837
-14.400720731584444
-12.594377094868147
-2.6330114808002714
-5.03236022640162
-9.221311318136216
10.303893553087416
-7.801668239168573
-6.153208483026944
8.245550859547821
-19.238524841283024
-7.358856393924742
8.993360646628368
-15.235221643609545
17.558348205399746
6.568723239025034
-17.75714721839028
16.235881974688866
-0.30567065962955997
-19.895516951371537
-7.715857036381175
10.330791394883434
-0.5448627979947851
-1.439874034495272
-17.80885296959205
-0.34794490944457745
-5.057598368913863
-17.04386960111917
13.016583696712827
-4.089345392146195
5.71730060377198
14.705686499126504
3.777896183268812
7.455770915423079
-7.629255060696973
19.432990019476982
9.721288369024288
17.11812533945721
-5.159440556019734
6.423269440378259
11.593279452233332
6.65177439495261
-6.579462675037928
6.700584136972609
4.148562302875574
13.393695530260352
-18.870681505523052
-5.119711051268774
-1.5044446206681172
-15.245265144362792
-13.909694789843613
3.1091367668520364
-5.911810828731565
2.168537028386144
-0.8868890119089334
7.262509108747164
0.663000570385357
2.2808650968335664
-7.981174353000822
11.425947535780821
-6.445257134154936
-7.803874538804001
0.8230384352965858
10.295094345131641
-9.296902949786361
-18.54542359617676
14.441367540045992
4.673961794319403
-7.35701483716678
-6.0338893129605475
-6.100603203015256
10.842387831965471
8.151724265874716
12.474508021785663
9.870582369889927
7.496630339185346
-14.94176937016032
-0.49685678224856034
19.207986521833394
14.806800396629143
4.877364020595416
4.9427540637852685
-2.3630984372578867
-4.067929075843413
11.04024407998569
11.517048546022139
-3.370415235659454
-6.312765289109348
-1.1801323961548738
0.09210037116999636
2.6153919156802763
17.204702181103883
17.574621615632733
-19.337714935332407
12.80093174227936
-16.68762523234639
-11.948429803370416
-15.933565846863855
0.23318315823827263
1.2024463521579376
10.782601885605372
-13.136189021644995
15.925537228169823
-13.245041760846217
17.928307623169268
-13.206795941654166
5.587587300324057
18.64347366082308
7.237956836202337
-15.52927303772153
12.780582248794312
7.821476451525484
-17.896721776150912
10.028771321096691
-0.965964448774228
-0.8215213853860748
12.242589067422372
-15.82769084037671
-8.532607140372942
4.233985363638957
1.500978135975557
-3.425834697947474
-7.404174437723681
-3.4432977186239233
11.477705805146826
6.097993574613549
-18.008598969856287
0.5753205897942726
16.99370063632749
-13.866881522081226
-17.889196446335745
-11.23342551801275
14.718686467128661
5.978165546714056
-3.37713730244825
-11.463903886671446
-10.07934259069151
3.434822336048411
-17.368355005982142
-5.552022307953668
-4.808519552521573
-5.976119072496453
-18.036964633805447
-5.844971105573329
-19.702917123081676
0.5754349533316905
-6.22338388489005
-4.304728297220839
-14.718252175097577
-1.8806201512686904
14.42178072353518
16.868078126960363
-8.559052556284037
-7.3354512687728635
-7.40137184746644
-5.633489766024966
18.523404212162543
16.69657845280132
0.6545531726218057
3.5238644383470152
17.72523957511698
5.436966131467464
-2.03887372682392
14.723634595647482
-8.830760027014328
-4.299454274391152
8.38484371552612
4.164708328537574
-6.589765057338064
11.716795603024522
-3.7201957381417383
-15.97431060958533
-0.6136923443707598
-16.65085595982891
-9.480266208256811
-1.9784628284767436
14.956136852567807
-17.896860146558534
11.299809153499503
15.797339240282886
-5.933307514925259
-15.94535961054242
13.05843047639415
4.452967650216335
13.459264879330073
16.221342268211608
12.23585786307214
6.751637402828297
-18.059865179860605
-6.573207626540549
-12.094952557941664
-15.32214341854576
14.39702047647273
-3.4617440096806718
-5.214997170919657
-10.561289887751464
-15.3050908814342
-7.385659854857711
3.5423193276971654
8.060129203727389
-15.981855840067123
16.126587308348185
7.9903034968857956
-18.8706578441873
-14.873454404177032
-8.959132560348975
-7.7838197383171215
-8.379574466575473
7.442982154921753
-17.733245244960397
-8.64585605929511
-12.66181259147908
-2.9845171916404034
4.894059995894948
0.22861259514314725
15.326824506949905
2.340275345380043
15.566052932470868
19.798964521399647
-8.925413060208927
-2.2589776232034353
10.740259187707416
-14.294515701268672
-18.761909318920615
-13.339256456428403
-9.61437336643559
-11.938394687089282
0.2995022709421491
-6.404952270709141
-17.493371618865872
-2.898035413745861
13.654739489060766
18.113815791183924
-6.714954089165737
-9.540246923287011
-2.225783116215374
5.59862032286528
19.821556653715913
-19.39879289321603
6.544696662906726
-1.433670258134252
-15.671888646112295
11.916906383095185
-13.792828651518633
-4.771559627255293
9.141554628005789
10.6602161786659
14.40570823544418
10.323177010108875
12.489098138034432
-9.286515426937969
1.7753905141751503
18.492754697447463
18.068651223469953
16.749012094440094
7.863340544101507
6.135371952051276
9.981246664143315
-12.482676585783516
-18.417851676223556
-4.843905166829874
3.3257731331611184
4.578175233671389
3.6254202628519616
2.809297658942338
-14.02045907594157
15.757706575243624
-19.351000696539224
-1.4400807693774542
2.5313592094286053
2.141696495811969
9.402422575834382
7.622191990588334
17.456665242800533
1.2804805568541155
18.999327570344782
-1.6635803527793769
-11.511367429928917
3.8616547348857377
-7.76365057702086
-6.49956488326648
-0.23006735066476658
-1.0546049648282718
-7.252607456741629
3.8665962409098054
-4.50818858635313
-12.710627305796844
3.634854965442056
12.592415482839181
-10.178437689836471
-1.9229162025786017
4.4734273973767635
-0.45952557334001387
-1.4203454972011498
15.265358069247803
-12.993307750309512
3.705042868294175
0.279427237885983
8.9742146396147
11.71059857628791
13.83497498208147
-5.514745699371573
4.6277533733446585
16.364634500591567
-16.481320042005866
-17.68980571928664
-5.978806536645491
-7.288383900034137
-7.410182971148629
1.7491217064036801
-1.1593049799473176
-5.9668356716581705
14.893034552324922
11.959572313503287
15.796430122224736
-15.43518906533265
-7.687114715109975
-1.253901955713026
7.025440640796985
-5.334216738942059
-9.493309480615096
13.553313655153936
3.937725504352083
10.271519201241478
-13.967651466178758
-3.331913776990687
11.705236687472933
-4.968546710862536
-6.369043567535075
-9.046836561461937
3.001120311520955
14.928339460665804
19.199868179667725
-1.028103307232442
-8.553820654212355
12.485723720373114
6.506806921262829
-2.5594482885572534
-10.390892839298758
-19.98387371466315
7.26978989002776
-19.838728138831282
-7.313906077844008
7.927381633393487
-15.367001044985331
-12.487543396082575
0.28956786936198853
-19.052932841641553
12.008794184438889
9.385643013814583
4.435796737331805
12.251318514816898
0.14839477055814232
-10.963855613082142
-14.76000773881458
3.792066721231717
11.439278270081719
-15.404220922219164
-1.909378710581544
-17.930570872119223
12.853121448870425
2.71566711690161
-3.770692584603905
-5.4173347723518805
-11.343449005076799
18.837338588867183
9.98784094007438
1.192803974341059
-9.596759054868823
18.522897029640845
4.831995659043091
3.5916130594178863
2.4293747767378138
-18.16665594137051
-0.004735005145968252
17.651925503835887
-19.74118961493859
6.570016709466273
16.72615311799767
9.698764082184233
0.03642392057749966
10.421838407879974
-19.25662746619882
-2.4573286734064714
-2.334298181500478
-3.145165876959739
-15.220797335726264
-3.1544295979256187
17.969089954901463
-17.49727107724508
-15.570277226133818
16.60439700839557
16.948648709990803
18.581174093641934
11.965819322827054
-14.055742829495781
-18.032564743483267
7.752735355240139
-16.550314215027996
17.59553485807721
-19.589598390322237
-6.868573855918574
-4.091181196306151
-13.244207481391793
13.052935911333652
-6.432280617791797
0.7839192126634309
-15.87172545302344
-5.627984798771348
-16.58715783760982
9.948748535331994
-3.7022920474580756
-6.506060653789971
-19.165832864957643
18.90698003923767
-8.42281778400919
-19.05621398237526
2.5138648445641953
-9.622783877456072
-5.140016239002896
14.550614641401264
-17.569433087847703
-15.926580537041986
-10.186810982891341
-19.652922095611743
2.9194599514874175
15.4769936125723
-0.45468642947784854
0.10225997673683374
12.10962127368556
2.383430805556843
13.324985017386606
-12.830144360350314
11.241037974221673
6.047595532646368
15.226246417145898
-18.83515865265792
-9.874045791045605
-11.942589328035167
19.026465508417107
-14.91726105495378
7.75168516692156
-8.34159503351453
18.668021386475658
6.669653242749538
-6.510151006946265
-12.12952899634734
-2.5507843272430453
-6.150497216903883
-8.055742536910104
4.300069008120122
-13.959812119231314
-5.053464171971935
10.113404443538855
18.4253273433779
16.421605290989618
4.313153605387439
9.80132706625685
2.7808602939034666
3.5292857817228285
-11.24177055072353
11.590001956804393
15.42535957538786
-12.30319210313838
3.1800322976297357
-9.601977652453515
-5.1525677800886704
-1.5459613371878422
-19.340959789041822
18.881051814728323
-11.53961828629583
-14.736394387810767
0.7079735924555042
11.78046877753626
-13.588782235483151
10.84291473387244
4.734015447394313
-19.528231560154502
11.993592860421618
13.841606152445337
-15.250896200241222
3.596085458484355
2.511834496372285
2.1461970655386997
-0.7668804509669691
6.851115495299065
-18.171988413531793
18.19080036512085
-0.6354305077481914
7.367012845518168
1.3648778559354202
15.82635553379193
-5.575111803857111
-2.8329861302476633
-0.6771443071934602
-10.59340811895491
-8.345720572596083
6.279968964967075
-16.446987550436724
3.1585119856499677
1.688413687322905
-4.651289778007288
15.497279547768667
14.086157267787915
14.030162019134131
16.276995524547946
2.088536022785328
-10.232969758394264
1.068827789143909
-13.863782656176
-1.5401637812770375
-6.781186687894176
0.8414942046237739
11.693238873121237
-0.4908162254423454
-11.181635314852443
2.42591917667216
1.7270512754499423
-8.292981798192658
-12.064701086308013
-3.6545153732962143
11.502978232488621
17.364389787360626
3.475379992938885
7.773301772498664
-1.1717552295689293
-18.8300482039137
-19.575422359155027
-7.716554836338796
10.039516081997878
13.070644618881628
2.611832199379518
-18.36167308707095
-19.127121778949526
2.9198589500881944
8.39628776595636
15.095106950377396
12.958615277346892
17.847231846684068
16.32320979481848
-18.950353973257158
-14.732033130341193
-12.131065272825023
-13.524795501578586
6.614479021901287
15.19471538973647
-9.409607107659049
-2.4505683222214447
19.16127492831306
16.586813210514638
-2.639995431940396
6.52561979176828
10.650565017030909
-0.8530629200669937
1.7159893358447231
3.208482692534811
-10.811889903552213
-1.1753530067334017
10.235229589052333
0.8893031332563339
10.651838471440854
7.552241802647215
-10.512208939586237
-7.10314039968305
-4.940685639373408
8.100656759960057
-8.55159870528281
-14.213094780243711
2.421955747232185
1.803107531741186
-6.886620231335754
-2.435994038059861
-5.7203830824332025
-14.77075111425675
-15.812326893291523
-15.37141023639158
-0.9909379401234775
7.873720334266134
-7.570760338258857
8.698407276720603
-9.32568559297013
-7.407999211332372
18.98881161710159
15.04655768107984
-7.342141007187788
-5.9130707841218655
-19.268136735093016
17.065766991973504
-3.9583288046364906
-4.439171721473416
2.9393814843501787
-7.585047080398479
0.9394664941014241
12.617920597732066
-10.228408170000822
15.372337871953569
-17.31202696236663
0.5329034223829554
4.240772508669717
3.8192212012468074
-8.971734938168945
-15.871323810999067
-10.539007022829189
-12.256893879438167
13.213081699237996
8.316152134090583
4.028261845129757
-14.564887778636685
16.23882873794628
3.0268710393689124
13.284573378732789
8.260790896499422
11.556185456584519
-13.673500816120224
17.68833438172464
12.023483578000484
12.150544017018795
15.933564621536501
-7.200626977721223
5.830977685049534
-10.474293263184515
-18.75918633978227
-2.756738294605241
-13.035292068020702
-13.805683591378898
19.412450014892485
0.7466691783606461
17.471284666106758
18.803436914248746
-19.305187482394484
-10.516768448058965
13.030600822541691
-8.184860402334584
-0.4111817793353234
17.39118168499445
0.9869998303979122
-11.10552464643414
16.498648465900043
-7.7999006148008165
9.245411756097779
-3.5960191243127992
4.860466139758524
-17.6026552047814
-1.5144282366976958
10.953717367951654
0.13151299165999664
-15.990976692829136
8.366129407033975
-10.469159919452263
9.72574709913343
14.496053847028417
0.30535491862266007
-19.689260005666664
2.791352620831562
-15.575587589488503
15.84471107723623
7.663296171855221
-9.343121301437755
-3.7729945065784998
-5.800926906594985
9.393492443574466
-0.07605896524542466
4.54804329386834
-15.564636115762355
-2.468541722112514
-4.160265941806092
11.695341328295324
3.2640044554050007
6.408899953926359
16.019490310950793
-1.998503735125281
-10.803439065300964
-9.298838332343315
-18.090126582735163
-0.8310754769520834
2.693868423225503
13.700819293738373
-12.315844997666856
-10.132418824175327
-9.814371538263416
-1.2215624777765344
-7.954494989155116
-18.805811324936442
19.174772048877603
1.9274268268837735
-0.36065042190043695
-4.402260898568913
4.40362042124347
1.1054042495224659
-1.6070784732026455
6.262656454683526
-19.477032825640897
-7.029368425754314
15.700144228571595
8.317344360621593
14.256056873786145
7.375613826841985
11.820297312023435
-15.795641321424242
-9.707304383002642
5.084962451444475
-2.8772014680591163
-3.0351869132332077
-18.370038489888568
5.416742883944519
-0.6512568653205886
-6.05409042620531
4.267482377858509
4.055447611981409
16.829896886638394
-18.497052283067138
-9.51195561685422
18.34281965693687
2.683216798174537
4.789293478279095
-5.2026900308047175
13.985823671342779
-16.12297887683524
2.5801317614137087
13.551876994418004
-15.61448971548077
-2.6684353545691097
-19.802063488309578
-9.798867239892143
8.271872138447183
5.978012838045212
14.034349136989416
-16.41670703425945
-19.291143540086892
11.311200656228518
3.618506961835446
-9.119354284648459
16.86285804818269
14.620929880827891
-13.838675059696302
-8.56839152543849
2.41738089004516
11.031126098912747
19.451505398430477
14.097717945731581
-18.735835521597863
12.022512613944215
0.7263782356026249
-5.522139974037024
-2.952620195061293
16.350962567585473
-19.006035402776867
-4.451016516065676
-12.385304189605106
0.050611286318837934
-2.830467566058945
-16.574916250565085
-17.66549415746573
-13.235738132373069
-11.338260695485003
-8.281320538300623
-13.667303118525362
19.285606787412082
15.09788239839924
4.479247327243594
-11.330417794515956
-10.000048690533223
13.86825730069205
-0.551584178149076
2.645793976280464
5.171626058679797
-10.649749677871853
8.10158907572256
-4.3555434162895645
-7.887854737759805
17.429266307344932
17.884890937904867
17.00738214037335
-11.299756735706747
-0.2570569503763265
11.704678714132681
15.409216055990246
9.039288285457268
-14.551452082387527
3.687808614283652
17.50168833582657
6.3784692275424515
-14.333344211684071
-12.180139559584404
-4.481228976887963
-4.341642812638682
7.48797844343235
14.702785812352733
-5.314121489186259
14.089110181777457
-15.31939755874006
-19.095338617180527
-16.012563154463642
-7.958533370858976
9.000311437266607
19.368650249267123
-14.36460762304488
18.398572250740028
-5.4218959851792725
-8.869189646936913
-19.30457490540374
19.049550269266224
-18.63057420588455
11.977526521596737
19.97595674852963
-3.948833295363454
-0.27439747363784406
-18.356987475880032
-11.612561788027875
-17.1376121535085
-2.9017333783496113
5.316741990633935
17.575461648249394
-6.428882196653216
2.2848843392726836
-5.650636367043447
-7.954812449035522
1.0365772785331107
9.864410134236717
-19.69937812347736
7.380980882338077
14.535116367213291
3.429358278601917
14.3799531472437
14.65265933066326
-9.999899133397964
6.235148950440701
14.569900880065498
6.895914437783599
6.918291743434963
-8.049359241921765
3.1908427633510605
11.916073272371555
-9.787500332006296
7.157858649264628
-19.493521653684518
-19.264823587002276
-15.087030569761136
6.142096480140293
-14.20998378546653
16.881042749316315
6.88655729368465
-11.384241582374086
-17.68038998973485
-7.058808326461006
-11.802169550499514
12.8809913123659
-14.179925513869991
4.005975001179958
-18.91351230581983
-5.297968010898786
17.296837218142542
-8.074588157575388
6.882455498340336
2.8583403159211995
2.4638250127913652
15.929896115286951
15.667258724138676
19.926193735057826
4.477673519622436
-14.150252320155193
-3.393093493315744
-13.052490373282213
13.699980027931606
10.625440850894519
9.426510369501067
-2.8907991241624087
-16.882011841022845
-15.716862878709223
-8.148093492114302
-11.77077590774247
-0.615863997149626
14.381494786077248
11.721457652691495
-12.860821831892132
-1.5460494030426108
7.943455229742731
-12.201828093230205
2.5466946357782927
-4.876338693891595
-10.178405246122114
-1.7603277002564788
14.875571934817096
-17.557626467029994
11.44801221795296
-16.8430163824411
-0.7275615270181524
0.826846874998024
-8.760499217776093
-9.964951316543157
7.847631879795882
-15.398437944638324
-2.118151873829577
-7.917545371885457
5.52344102298747
11.36250046606909
-11.414535568383615
-13.89555134849022
8.292393119263268
9.249212430278462
-8.236176497586971
-11.801049183158874
0.3266645854330985
-9.815908164990216
-8.181779141364341
-10.177282112509927
-5.0389353747919285
-1.414921629759478
-19.199437574986128
-13.927643253927847
-0.5939604078054428
6.402698740310968
-5.543732308444502
-14.932998911419375
-2.615908684979593
19.66742705507749
14.719962151673759
9.66921220367654
8.38715881782738
14.70300296674882
17.92156458067347
-16.288395940375725
15.919880214010679
-10.986303835917802
2.422652306770421
15.660128094429325
12.005956305118847
19.666530033128623
-17.91263127546646
-0.7277008516169658
9.970579621198539
-0.9386172363108258
-18.406606933055244
5.7820063619153395
-9.026468831031917
13.788605861501946
8.73547526182108
-18.928166312378565
0.4016373484852753
6.237144660486087
12.444368929766064
8.304493560067193
7.148151151299027
-18.467003332247142
17.780650039171768
16.15766291173724
-13.409295863269763
-5.285987549185522
13.819132972942194
-16.28329598886748
-17.30488427358322
-6.3505658833685
-0.920124224526595
-13.883176586878472
-13.089057503961792
2.6483199496992427
12.780419323884598
1.710209161793581
-16.161552567891185
-16.280339636036516
15.193490447153518
-15.93530280290214
17.880945171188017
6.779182329510518
-8.894175402771896
6.599828433937747
-4.769891502873973
-3.069556690841715
-7.486653439787809
-4.4847643420218875
-8.773251332749208
-19.228710357158842
2.495385907150327
2.2542422296565023
14.952380213153216
4.812624522228122
-4.585475686344256
-6.674599369457939
12.58278941290535
3.406300093611585
-7.43080077478957
15.422667320256238
-4.080891005053866
-11.722512812993639
14.011868229071851
18.71023754533281
5.087933992853064
-16.96664845216769
-2.35186619171611
-7.161886661471
-17.642358789751338
11.559718878422828
19.178176626049467
-13.185808098501205
16.31463244401765
8.06218659383469
10.009822956587087
-1.7323898241753266
9.276226265759352
-1.637204569851538
-19.006100292956486
-1.0343486793651602
-14.952983834295033
4.846570311462468
-2.259058708489987
8.275262373453858
12.506486993651231
7.925323956124775
8.119526906014984
-10.770637199348844
11.917889285649942
2.301007318190207
-16.485173851799576
9.570875573928008
-9.534286454331617
-19.20492471490132
2.1672617743510703
-4.502091583301278
16.84362488867575
-16.04888316041159
-0.8524223739903869
-10.469158416394135
-10.03718549218779
8.334278855750522
-12.261392999065638
-12.737364942692162
-4.371603109670721
13.810812866607836
-18.04570502092295
-10.13033852728844
-4.64973343065282
-4.237858532607488
-10.014118531719301
-14.126773942941199
-1.156783613825767
-12.958255524444029
6.316007397997296
-1.2676582475137455
-14.737941278893105
10.714260873965795
-2.367172759981093
-5.547082559234564
-6.632495690650653
-15.470137566119714
-7.241233169551617
4.264035113608968
-19.453306433128674
15.061719585061333
0.15296856510865542
-16.36434012124119
-8.959691768930194
-8.163791503092938
-4.548823876842856
-0.30212148627028146
16.02488604429714
-9.698073781748793
-16.817901936392502
5.818202253518265
-10.077691112179012
-5.499632270779196
13.952859906532415
-18.64022259737416
3.405014970740301
14.001368939027756
15.037881634421474
0.8063626149410741
-11.104328012306484
-10.06187225661105
-6.4772613536368295
15.909190738958948
-13.316646950775247
2.4249176178339615
-6.647754301300095
-17.76774776362451
-19.84099815650053
-4.736292056625131
4.360233070902773
18.275852107972668
-11.877872323161046
-0.4112520063088754
9.179023323851139
-9.97215124636452
14.597160208802848
17.00705101893492
-18.418861654495405
15.81001711154656
1.496507969119012
14.242929252143472
-17.67174736420636
3.7690377316434898
13.914998112574363
-18.556254048675818
-1.011988527586074
3.0981517462566854
19.921422242874634
-11.469816354979567
-17.758645927166484
-8.933209929869918
-16.583474040378498
6.8824290033381175
1.5463592827142403
9.58433324482316
11.454991523721766
-16.12440942691893
10.126358325383716
17.437162504622123
-0.27568885026345136
-17.773222857422873
-0.3575021452955829
-10.884339657815193
7.874772955740141
5.3604327429044885
7.049583573374476
10.711544685707949
-14.553986187733138
17.10211621546606
-19.213332975689905
-7.454955887941441
15.501808250795008
6.5858337013062185
4.669506469304534
4.590834069552288
-1.904397997606364
-4.909887682354648
1.300805789703734
-7.360222359377073
-15.398260924000446
-0.08799289307854341
11.117458241915227
-0.13323698533801664
-13.741297196980113
4.688937541705389
6.3156295718422895
1.5818613233017498
-7.530840471698421
-12.173154160904808
-14.981902588566157
17.670002601098147
-12.849521898366882
-10.520438167919707
-11.019912606228726
13.506197709385926
3.869056731636662
15.324181698430412
-2.6671578625398595
-1.725248012036551
0.2394986564164281
-17.819404768911756
1.0143650346243316
-11.283736503085109
-4.333813784631282
-16.25004918554673
13.10527144106219
-6.359980191895942
11.904737584814988
-2.8912385399260554
0.6527811869045452
-12.28984271882084
-16.493748902045745
10.498666205759509
-12.396206264293053
15.999209676795555
3.969712042171487
-14.483207571694692
-6.517144992996267
13.596552018749763
-13.180565523840695
0.7695765699401447
12.176401743489391
0.15686517712862447
-19.369590423939428
18.45241997697562
-15.577600104454152
4.446339017543157
-8.537383728164292
9.076632723231274
-4.906010560079128
10.15033021977343
13.077776919249512
9.578069712199962
16.10590290074053
-2.8545246673480484
15.75210760500783
12.145306657108371
-0.2516004978099762
-14.399042490347224
8.502445926615048
18.148996759986368
-5.491017427778475
18.33800958643229
3.2452659974071496
17.69189471480013
-3.3269881754722475
-18.3733019857894
-11.937469180758988
6.06600649172794
-8.670642595975036
19.104165342006464
2.4335435636286284
-3.724344550318901
-4.9574683385845475
18.04931546618185
-15.081815420163664
-10.27855178599371
-19.11673230340128
-13.6440817363127
-13.888019967040002
1.1083782494058259
-4.55133667359477
8.979452816642514
-6.102673278993254
-13.169827593741328
-4.152931966356945
-11.126333254781917
-12.543988497524783
-0.873181086994701
-1.873065953292814
7.5296754745883065
12.151026642830125
6.600170926958646
2.8380688233253215
2.732928496195668
7.708168121120074
-17.90399768602188
-3.5596162906792017
14.908922023063113
-12.90428859227561
-6.624957382927397
-17.011062070450542
9.131390877805611
13.885430194423964
-11.171011277541801
7.516315950282042
-8.046977850917717
-4.447350713027225
-5.288665940488153
-0.21109066698777212
-3.0323532848317702
5.841453972159472
-7.593606105857882
12.621801267209086
16.79822144133755
-10.547998989327322
-8.37885980519192
-0.3199846276953888
-10.56997278714146
-19.151835230222428
-18.91719199867682
8.515399740307057
-12.367798344027916
-9.25325792084848
5.013820151195709
-0.9025513661276952
-7.249880815833598
-7.077586007666681
-15.972396515634092
-0.33326689426077305
11.177920869592626
-1.776910217792742
2.8366392329463386
0.026292915356393998
1.2632463573409902
6.526940078919843
-16.887928667083575
-19.370250298975364
-12.435784811795054
1.6200763668267237
8.389022611487276
13.344294851492485
-16.1970012190448
5.209356743907629
-3.3698222354197904
19.038006115927537
-19.769935444512488
17.645465631195325
-9.478046784437076
-6.436951444649064
-9.140317377474183
1.097508468640478
2.5538183252798374
12.68272456013284
2.039027112064238
13.920383098695446
16.476238240985964
-4.698993796223703
-13.776394790392782
11.425894010096433
-9.841109398204129
-3.9076764928800944
18.801659501851287
16.384364634141015
-5.906542538100736
-5.283952809077479
18.088045479741236
5.3658831341964675
10.628012530926858
-5.526499790208033
-17.758911146415684
19.01306203515005
2.1314484863009175
-11.561029719415421
-1.6297494619977604
-17.056873688356614
-12.022353939474888
-16.009924203085713
4.892429784953833
-17.826989519705954
-15.981756342173256
14.418652727397493
-8.228122209718203
17.700732050924806
7.578991968131219
-2.3900339866920994
0.5629435481291534
-13.06116474765612
0.3422368409167431
9.53841440605129
16.930900424992345
6.536458728380405
0.08305637878195604
-3.889371840081548
16.80912478680955
-6.201938561972837
-7.705889151882341
-7.393496890161262
-2.165753784185944
-7.390360965470202
0.25523271990785634
-6.824816309571555
-16.053006816370562
-18.51246854985842
-15.33889972321687
-1.8626846402432307
11.535623460232877
-12.964374464914448
1.4342213106324708
-1.4388808686434684
-18.95928006368913
18.561937656204826
17.95051314771206
11.654062221210557
7.728479169881752
-3.806801391905239
-7.323224033002642
-4.944432001412307
-6.027373158869058
-6.330943614550701
-5.984038285574784
19.706880002184363
-10.398714498523173
17.207777939477968
17.545914592451272
-10.708543728569428
-3.4850864223105305
19.479396975214613
-13.928584107260459
-5.722176449974676
-18.713591392206247
-10.34664282058213
-3.8731343510353966
12.875187880753579
-15.963967628486264
-12.707675338907105
7.2859298806821915
3.0999008663874905
0.541317970303834
13.628120040534718
9.708294264936264
-1.6701246925147961
13.491345772247403
-19.385768959561457
7.120939442807193
6.96062587923707
-4.9057248097739325
7.717402816093033
10.739057431812032
-14.032409152609539
6.826093145951542
18.778674298195106
2.354534370189443
15.151570159846099
18.728010628429107
-10.88285372758568
-0.28843659172819613
-13.340011065420017
-4.263142929456585
2.7617168798027603
-1.1769240791346114
18.87680984047467
8.249015429538575
-5.753004775114272
5.852098968789914
2.9305555418386486
19.386643999049955
16.106847206747293
5.594738320824062
17.82537059550171
17.19610866938154
0.27244125577175815
5.471246937160386
-16.24592630071909
-2.6878736230220657
0.7293073724399823
-3.637171044894827
-2.041698230682063
-10.104795945077152
-13.015701400790851
-6.405060748079845
-5.565139977067806
18.47871325808175
-2.801863325908478
-9.731870713930476
-15.36474374471747
-6.062215082396869
-1.180732197867398
-7.339284496790239
-11.628021807206403
2.9414644957092806
-14.920729672760533
-1.011774583215903
-2.9190167398991695
-7.631983631727257
-6.124866719267974
-13.664201885481031
-1.2614198854023861
-7.0629376671916155
6.208081146725735
13.435924677890995
-3.3925701497140937
2.387443745178568
5.0047362441988374
-17.489097359090408
15.129242118085987
16.17785623653246
-10.527725194654085
8.524189175126015
-7.600139426782513
-15.379325171220014
-13.210033679741425
13.516406994153582
-18.354580172819837
1.1445141826252891
12.485765108784443
-18.613064616968007
12.467502309175105
6.029734600637666
2.4175643543168546
-8.128394529243984
-19.143803265740246
15.531717970266756
14.417711005881447
16.376806306942786
-5.185331267736979
12.529518864065302
14.500408876221949
-12.8765826974099
-16.536751421000567
14.519491754534219
18.85084887076286
-2.9472519222203974
17.379881173163447
5.3295025155194065
-16.711198365297836
18.542263604247104
-8.14209081539703
19.552420266209324
-10.585215289575029
-18.619920728267143
-8.62010441382752
4.113313872108111
9.881513497850438
-1.4420004644721995
-19.505689705423435
-7.819905750174159
-14.594403581635685
6.663281128788192
-0.8214782528655817
-3.0722564522500218
15.400414340345057
-12.648202343081326
-19.546614363296236
2.337642203526644
-14.982567820305817
17.514712046612615
-4.051382763835001
-14.494558929459917
1.637439167877921
3.921013290028239
-6.250853329160004
-13.362440673337375
5.879278696391013
5.7656557968178035
2.860944370012528
-19.141976953920423
-18.524281316468528
-14.530292208112957
-9.354857318433258
-4.037606178304394
9.823844647106563
14.280392014467452
-0.09790114436624808
5.489596703456883
-15.416392870410785
9.870753887557996
-9.689977905034182
-10.802607449587786
-3.1031964579573312
-2.202885556932661
3.1201972965979996
-9.53129425595817
12.995794508602629
-10.648182842847621
-11.865233813615639
-2.496549440842708
-7.126125734691637
-10.006060915204337
-13.653618674077904
-15.990155431247368
-9.355367386432087
0.4928587324493394
5.87469296744862
-4.192949062767712
-1.0451231978808107
-17.275032983360692
16.902769658230106
10.350364569196632
7.385132363686706
-0.3991073230965947
11.929949046561394
12.26682084538214
8.236406482236326
4.911511345176147
-18.30865933877775
6.115321626684973
3.5896703845852818
-12.271637715421742
-4.1826459259066295
-10.07657623857353
1.5455176072471488
-9.281379618607616
-14.46676874280502
-19.138376920141585
17.32434742661182
15.045088624646755
3.1277847108755186
-14.828218796961341
1.2455816302146738
-1.292772076034363
11.469553139592756
-5.775994670336897
-1.200351798823296
-9.251696993923368
9.24278537432038
-2.7154026249921914
-13.315571603496835
13.928830944411166
7.256308549918424
-8.31177630457898
-13.481941867829041
-10.925159675929898
-11.26369925956897
-4.689848719203837
-2.4981574248960614
-8.266351682748908
-3.371401821203688
6.8774657511711945
-7.146431653847087
1.7228367789479737
-5.438202424392284
-19.638101834073396
14.994567080296042
-18.85284418097594
12.59582517078563
8.351867502414034
4.019750236947579
13.611170015260914
-9.987296443776636
-8.06876175754196
-17.085702088343094
-18.601022611506494
19.196420660405504
5.032593266594025
-2.195961762363705
18.802768710142217
-1.8140904022216775
-19.21689244929024
14.622794669657146
2.0694482362016986
-7.2508788781064215
-9.646324305791772
-7.022072625410178
-12.908998327545422
1.715967574643531
8.668053564938196
-13.755023931744228
5.568399762508371
4.441660710874027
-0.41434834962088996
14.893277754316422
3.7136067871561274
2.056807199204651
9.251107231485957
-4.345481680281784
5.967859362785268
-16.57386391430503
10.35649292076895
-15.681479157371463
-11.467171126461526
-1.7145454250938252
-10.034615919718316
-7.051365669318628
-10.908749805812867
3.9302108671152602
4.486178868286195
-13.539283291043258
16.45975979546986
3.396854621164067
13.247417368258505
7.939159254519881
-4.955226088962408
3.666024494042097
5.746258043967987
14.672401775650798
10.518395751663686
-7.4601747692056275
-14.974106064161038
-5.90144598229529
-0.060547738176826016
5.828410916375768
6.521324862164368
7.86272485294552
-7.979645460746352
7.188838235994073
-3.5355675647164952
-1.7155403686915616
-2.018612216053506
-12.57428156771866
18.4585628480353
-1.8165673397062632
-17.363831754762685
15.791116026623268
-13.99316096018174
3.957248579289381
-13.107202706175492
4.308793444253891
14.843808670505872
-9.678988248575848
-12.74773546212046
13.145859008020672
-11.951045380922318
17.61006625387224
-18.073006404559266
19.070850540278453
-10.684286142286382
-14.978091728726778
2.2451943417479114
11.891902104051223
-5.812681449193029
11.630980042679608
-0.3001484224410378
18.796453622296735
2.4699963903588484
-18.619445797414514
-19.325238448406047
1.968252622442268
-13.80798473490847
17.37924539964283
6.546642251059662
-10.323621392048196
-0.01893792736858302
12.956356968033012
-15.423061735818617
14.381807013890224
-10.711761249584718
3.2677366104683836
-19.291166378823313
3.52840529131623
16.4448245317752
15.893530101788027
19.549450356812464
6.30492577928532
-7.047142059647897
8.90027325972814
13.388593929013455
19.908476295177824
-18.512176345214968
15.90950860299538
19.50006129085727
5.8719221199395255
1.1238369166610207
3.1377264409224193
-0.6611495319081673
-14.316260095863553
-17.18206716336923
6.266838806598134
-19.73671705362697
6.378846481968217
1.7298399183723179
16.371954555230502
9.272747687844568
6.084979963692714
16.98311825616755
-18.21020898241459
17.285163013582082
14.291986597312265
7.705342390509005
5.255494587177014
-17.56274929676467
-4.982860171675818
-11.388596285609713
-19.439356948557638
-11.992452208062971
-18.46794435603453
-11.51740013286326
-16.81500840206351
-9.638855814447558
-11.280529002020959
-16.43363185732564
-1.9221983605861626
-14.608976363062961
6.247279523742804
-15.927132438867488
14.18928763445237
18.21047746208073
-12.749201955833902
-3.596217393535337
-5.408974354743701
-19.33098693739789
-11.333413852929572
5.888924103431226
16.507202333815655
-16.656378784327227
-13.849939081392035
12.201113922532327
6.316887217331404
-11.535640992871796
-7.09637613526497
4.750610917484246
3.2201858758659885
-1.6441912834118
7.586502378905298
19.495319729968678
11.862024117724488
5.726120784845938
-0.35027517229655913
-19.318213852797722
0.07601269954193857
4.481226481961231
-0.9217636296219034
2.785239129030259
-9.177306130881377
1.272957123083902
1.6785600083769836
9.975772732497834
16.81252143634325
-17.765434860194034
-9.104979856505079
-18.15936255315075
10.985561885304765
-13.77092154647948
-2.8872282019774964
-7.8932568655483015
-9.117349900336222
1.4632460049181129
17.531618294022245
-2.000963469634973
-13.405514510912365
-1.6092012407626965
-10.929011729583952
-13.429381081366824
-10.846985183068888
13.188312404891072
-9.156328719684389
-12.35938143185669
7.792350682152134
-2.5562252737501456
-10.54571308846377
15.801282735484081
-14.398707949089102
10.928345929375416
-18.64577707421028
6.878257951347768
-0.8397841084866986
17.17720636755712
-12.70174148123238
-12.736600501156108
-0.5198567047151093
15.497092569450448
-3.7444547232816205
-2.8505252225217026
2.2600701021807934
2.486798840317661
-13.474442821504123
9.821242747826432
2.2024278509123407
-0.7050017510102524
16.394144356439316
5.178739312077929
-10.062684406235856
18.226477843341186
17.59198071428946
16.380622338518226
-16.436133722484495
-14.432228462792235
16.350155633869292
6.954124273018918
0.8870257189269148
-18.29973425713261
1.483687146860646
-2.1811504231132117
-10.427019696656664
0.3958256338545407
-19.788233272730203
-19.176020319368057
-16.3712174363245
-7.742685830431855
7.936127172909235
6.148556947363435
-12.695722089948301
0.8050066445311366
7.258402668786927
2.752192944970533
-3.2999307442689885
-7.821547839803422
7.652359207868891
-14.175910325440416
-9.241575594100562
-9.672450706575159
5.249721959469276
-9.682020222346729
11.780624275853434
-7.3676193847961935
15.38799848545957
8.906609793211494
-18.164912369590734
-15.290663032209961
-15.125633850059153
9.175461927432483
-7.564335799690114
0.748772897759058
7.195508867671765
7.5992115384638925
4.592025675210829
-18.06051794893612
-0.7709692811808067
-3.3943533010798443
-12.220383651555116
18.67557208449867
-14.548692372852088
17.380486903584092
-3.2563095190920643
11.889715663763102
13.299081563185178
9.839951352586036
4.961379110346993
-12.427018908255505
15.940188119320112
-13.147165725686584
2.489817630373432
-13.984042801067403
3.060968120651064
-19.184018456135075
-12.133626669954399
4.40298414695981
4.629518757538436
3.031215897402837
16.433833268127064
-12.93292311725654
16.971871630480926
-16.712322946357794
-15.73168562394683
-6.334532436584457
-2.1034196461478327
10.220106751607641
3.780867021375447
-3.084361950029031
-3.8773349514401767
-18.358032145316493
17.874137361650156
5.553743025015847
12.757330153029024
-16.82250541594677
5.9034194802724205
8.457924280480746
1.5048973511896735
6.182163433405168
-2.459947869104071
-4.024490132967871
3.0538150032192046
-10.477314914359672
-17.71503381558206
-6.3966640855030965
-13.191050271845164
-19.984997509203968
1.0602851349969278
-0.02646812591585057
-4.069818369237037
-9.20602473144366
-14.890086283926106
-1.6256776547166973
-12.260646021295285
8.538876635367236
-19.84140415923031
-15.953328679554835
-13.049502400948466
-6.975515442895142
11.414264344664819
15.55751100918705
18.984946383250396
5.004198931258661
-6.142446827020573
1.3621472903893705
-1.5997126050870891
12.003301405584352
10.995540174390804
14.384422318910524
-13.36704006958032
7.12772287303133
2.904224981970125
-8.388441575921718
-4.270002184030828
6.186585277722321
-14.626256623769947
-13.312422216834964
15.538210295143129
-8.572575115216523
-14.12905325157844
-14.735374864942923
1.3815782470098181
18.090219733756822
4.396391030242035
-12.759723475369626
2.6693000026742864
-16.646212128956414
-6.778732382284227
-4.895731164216417
-2.405920644688231
0.0053829827814455555
-14.297218319171044
1.7918397908683081
-5.402621451933216
-16.64379578526947
-13.459368462305395
16.857730974290355
-7.7182036630796835
9.480553302208437
-11.631116650009762
-7.448437494394673
-18.41152240885116
-7.194997985919658
9.114283985213731
18.628248072158332
10.879654044739787
-16.904012047108182
-1.92750264245924
-11.498685508828824
2.922427507250598
-9.447920572102708
10.51511879286398
2.877836188579863
4.152293458411371
-16.268301651012045
-6.275130033339913
10.449155253467568
16.95189764624597
-13.107004908948024
0.2509321093390904
3.358695935645941
-2.0132718137357397
-11.836684844309113
-17.218212493909157
-9.991046314737165
2.2842788999524455
-8.710961245388287
-8.387787863261721
9.614819559326456
-8.212617565666353
17.596940798016128
4.469814087781012
1.1422870199063162
-4.510761571412316
16.225085633185955
-17.716301030181913
7.628766358364829
12.27108229493826
15.968962957001963
9.720804921401998
-5.368669475545382
12.562047756561046
-6.281655692498251
19.591059613467912
8.07351586936202
10.522248938443415
3.209274415703849
2.8759165494555416
-6.672258978026737
5.376266619775483
-7.727777650087
6.152814682163172
-6.2444914650239225
15.834437142811254
-7.141899724657388
12.07671572238696
3.2475335747060585
-4.616941958411256
-10.178022125310413
-16.6177390531448
-7.321845899571251
17.81436280770759
19.942993428825147
-7.8183115435644845
-15.283945684897017
18.48783481673451
-7.423212014313796
8.156082437393257
16.045479630153316
-10.614498723403045
-15.624039846848774
14.677920863887
-4.893515809435458
2.3707955943279524
3.899798852464489
7.409093379292546
8.585261651278678
-19.948752784040238
-12.854043145905575
-17.51687482901167
-7.738840863235357
-4.78900875306846
18.160080549426894
11.946360615893239
16.876122570356383
11.59323647597307
16.75986763313219
-12.325025332688408
4.898836382874658
19.34826067446217
1.21322151310709
-9.214527217213453
-14.842372376639918
3.3475700123897933
-15.239944879681687
-3.7271728434475726
-1.6479862823941893
-3.7533562264216247
-12.164604674443002
-7.518691770875017
13.684771652265546
-14.852582079347911
16.63836693976807
-1.217721313676039
16.439114496748658
4.42636058080383
-1.87289231343728
-9.611944408953125
-1.51371950974875
17.77023222230976
-5.513655047061987
2.4769964933904376
-8.528016573262276
-0.445544903247157
-1.2949068634670802
19.74983350135242
-9.33484324908735
-11.557320675969244
-19.543328138097937
-1.5416676146855757
3.9698392741071142
-3.2751883114137437
10.835678428648464
-3.7070343875073553
5.33434094729492
-5.901506759479966
12.37902077237055
5.797817818721076
-17.83571199444571
-8.013704266602897
-3.2367865725166833
-11.208263446930218
-2.725355524412776
18.171949656734995
-9.818079918033543
-17.937617983948897
-17.42502665672227
-13.59187249672659
-12.254849666524258
-2.9411647638467997
-13.993626901398809
11.59206556007125
13.719406844043874
17.387439515524214
0.058566926389906904
0.8027855737940648
6.154671582994404
15.779487266567225
1.0760525958949563
5.902621975299813
8.526864143630135
-3.617797593533796
18.813430201554798
-14.12217809975588
5.544021163734332
7.362494169546467
19.87383900537584
9.885828041147814
7.404188133829983
-1.6879933739319597
15.797301571751344
-0.3991472656417905
-17.119952991696337
-11.380726422701812
7.538848649659786
-9.191850920869973
-16.511389002896735
6.495185791088209
-0.45291900831001985
19.76468659847338
6.213180766835649
5.792224983975682
-11.670770341958253
-4.291544782143477
9.110846256119057
-6.755767678061004
18.65419601059078
-10.452660425409599
-11.48684484870856
11.042835209394042
-15.566529341869648
6.819684888173381
12.515274723041756
14.991057541894403
9.601143894975257
2.2748362912099207
4.067472830088863
-15.883764652521961
-6.021223772310074
9.576441228665647
-6.1195151841138395
15.387685992666423
2.1547530770423995
-11.075018365523665
7.235167006694714
-3.6452792867799966
-2.9066720782102218
10.618773871180105
1.4747464285728462
17.3577765812098
19.265557933769983
14.345102437444108
-4.497255808971916
-2.4795962403116345
-5.092969027010872
-15.229003876166498
-18.368478133453948
-0.5576381583792367
-14.782869928784855
-15.68152753599839
2.033997748954559
-7.09367533927364
7.419518687787563
-14.893508163143242
-5.018531671858324
1.2197328057937629
19.680293543754402
-15.54710577623812
15.592046722820818
2.90917703691024
15.83757214895764
5.25417573050448
-6.422223406116139
3.6214261993560593
-3.4081410439361726
8.62751496753932
19.030888881771226
-19.64951259287597
-18.91965082081308
-11.218760342425327
6.763590244252882
-0.21004903051054402
6.997392395270006
10.074548411223972
18.740566596659637
-17.483141368591767
-17.60002737290433
-18.52669990918807
2.114032493120561
-19.053247892187976
-19.519873778205042
17.017471553393374
8.670437617603127
-15.388361015291462
-10.203089840189712
17.698654257197255
15.248222444602263
3.552102243644235
1.0854854350214982
5.9431639129453195
5.784261479095663
5.100657846091168
-12.852890417949766
-14.822405690965823
8.698513799718013
-10.445044973592381
-4.592919312482806
-18.017475406394368
-18.515504112246333
-14.946649131301722
-11.064763557157873
8.930464891324315
-6.061595474287622
1.3678576550256771
9.341690759559746
6.973443233142738
7.045813195019761
-8.962182123812287
-12.163806330451713
18.565145236320294
1.5957919482164717
9.439953399845633
-9.066311075683728
13.683627911602931
15.475461786758085
-1.9090578458561636
-16.774630828097877
-16.3079624120596
19.126162664737127
15.547533910774156
12.627985633527032
-10.218209772478364
4.226963969543043
2.695083480369922
14.582385677335079
-15.835871149318791
-15.690679987283254
9.73579157922254
17.06468722035452
3.7932325830761915
-0.11509383638839132
1.0032914798981452
-17.56983179324804
-15.681933280331585
-2.599032687810796
-8.12740259121985
-11.633661611060816
13.786928816824432
-3.694946987883818
-14.70096162337494
-17.784788196269762
19.027988084630604
12.901502852218298
-1.9123580924765715
-1.2318756919306884
5.948436762557212
1.2206747197298196
3.1920412003737164
19.390574836206017
12.338067055198962
19.225152569726195
9.488309236644966
-11.276872452918054
-5.782245509895083
9.686833588485339
-12.220943460884822
7.28558876873576
-15.272571569743324
0.4505337730014203
-6.668953824562305
-12.456542987303107
-5.576000950773734
-0.8007244977461969
17.661599607061177
18.235891829103373
-0.5834844029541664
12.582870497312172
13.648035085380021
-4.622395129873982
2.0126100935362334
8.645010289987166
-0.6305835735415632
15.965763115801227
-12.435860745305787
4.9078326016674545
10.774150215283488
1.1753544402636829
2.101845095852588
14.585550849865667
0.1707254593185592
-9.160204413605504
-1.540201859725343
-10.338681099181963
-10.290603654722856
-8.27269255775439
-5.892280924501256
0.2956835454154705
9.030835483659487
3.930561255431999
5.119482034817766
16.837594944969666
-10.976895478003058
10.710262106999267
-13.952515764494908
2.977203583694732
-18.11852639965708
0.833600811274513
-19.807910982119488
19.4896283840235
4.690710368524584
10.150746151083165
-14.56778068130018
-14.417976650561588
-19.738804175229312
-10.262147368902873
10.813346637634385
-8.044105141353679
-19.819537444697346
2.391941780852127
-0.49780519411670276
9.82175159050501
10.388027550850317
13.219018551733782
10.00083132947963
-6.04012972265441
-3.1634781073011053
-14.599395310843267
-7.259612741167416
-5.808806969222853
-0.49664429709255664
-11.209529598915026
3.439639747877763
-10.602617627365829
-10.39877073541605
2.8918071294201697
-19.70059001343753
-6.493478119098226
-9.775638624036628
-7.72140162250297
15.681386283132884
8.323336369560064
9.618414688427382
-13.021265197566656
19.792178987650836
-5.994312655872491
18.51434773711469
7.9444023997438284
-9.115203999981802
-19.06998260629112
7.530024049306139
-10.05141276702127
-10.161480821280534
6.4993796222721345
8.308297779208868
-5.031716705307545
4.959876401434449
16.48945778778307
-10.296616100414164
-18.904303045652387
-3.8147122792347554
19.71462422827821
-1.2210441823773088
9.29846609893168
19.90745633910407
2.7365787191499447
-5.932240478319253
12.002051935949547
16.269942307069897
-11.551692296939553
-9.351455560657595
18.456029273743884
-16.353165737790277
13.02386672673335
19.515416653792403
13.760933143909075
-2.640312837245027
9.7415603933548
-4.149950623080194
-8.527268227492698
1.6546868898532496
12.966897915499738
14.242316193266117
-9.988389632452215
-10.592391704803488
14.804994242355104
16.484506125874873
-18.823659190718157
12.518462617077887
15.331637967107277
19.07317599411483
17.033673183653658
-2.897150172158276
9.125058749031126
6.226190769032085
13.373113974494878
-11.746737011096
17.743309862387854
7.1541887992654285
-19.64691088576923
14.970526973606866
6.110964446263152
14.596120093176413
3.9812510630712783
10.627498729997708
19.628184127109943
-7.798151103489057
19.951300352245763
12.539803801817989
2.8757995306215633
-16.88572266410468
1.631911298674602
15.473232449845863
1.7756252144368423
-13.954465910531653
-18.125094001304035
-15.1199602652314
-14.562504228068235
13.142284240953153
16.833138630142447
15.45149869944268
-16.684737211730262
-5.8181843420486645
-4.258232915873368
-2.525949878259386
1.4003619596591887
-7.0666391529254025
0.1742164740578689
11.880418335606876
15.984325091128806
8.159875046769214
17.752880013613105
14.420941146483122
5.891972837473594
2.3882665770809153
9.882331436934347
-1.9088786255865564
-10.703901431029905
-9.220252305734702
-17.013407715341007
-15.844316849839451
17.78691257316927
10.741109690872594
-1.3580262070796811
-5.185848091301621
-5.445249566059873
-17.931592654708734
-10.592024866981959
-8.519501747494518
-10.216184842135942
3.1206841706304544
-12.297453355326397
13.747404501787855
6.083777168371598
-14.235671693925958
-19.303407608683635
17.014096588615182
2.0505254922856064
17.431090187737325
2.731913008592457
-6.2598305976792945
9.943786786393755
-15.470533405628565
18.48749508111902
-16.49174247299428
-3.180974680146673
11.67491671427177
4.233398438984257
17.814785796395604
-8.839354377262346
16.04694807456031
-9.348887546687239
-1.706518734064133
15.442288281819781
17.05736541812971
4.833139833117381
-19.183706389547105
-1.6087339483796992
7.510273602673085
-17.40798025671991
0.5164466193896056
17.779596429741723
-8.155364166424604
-11.967770953823663
15.644097581549605
3.864972000505116
14.459056839310804
-15.904989102468473
-13.103845168381426
3.0821217837881054
15.1304134607545
8.210711798523395
0.3521516412085024
5.8300931924490085
-13.38075350798469
4.896946054231086
-9.917774136468239
-0.4670515120724783
17.34312568186982
-12.33356162713703
1.1711733036076133
2.1483831867646996
2.415186315472737
-4.781143228458382
-5.7230119369671195
-3.459942204383193
0.11679701535299625
-11.187162814213178
16.7449324850716
-19.459612777864326
10.912546949928203
7.356184164304285
-5.357108698563229
-18.418574400958416
15.935361437322072
-5.319816638339598
-8.413159428497124
0.38562344366659396
-7.450543037458801
4.341184271758367
-0.5118559794395816
3.8712963205819317
-6.179422630764035
8.035982308603558
-9.034766048435486
16.51870738817863
-2.89825814356933
-14.650729801533622
12.638225950079685
-13.153360956631438
6.521437762981299
15.808640417601382
11.909247113933752
-1.8630465279257358
-17.120079972930352
4.601099456917632
-3.3698514043789407
12.7702896146875
9.514681541271418
3.296269915339929
-8.795268059755017
-5.848581754609734
-14.545500057169853
19.603289444700756
15.594116646858591
4.330785672392041
12.986754645343064
7.443853345264615
-0.1505926423865933
-0.13792749816500027
12.679436601167566
3.628346433039904
3.1871515196290368
3.581316836766928
2.7980586142646935
-0.7819143462063494
8.473332392852125
3.3797871342152686
9.999789775595893
18.73246857234305
10.16904713580522
9.510118251331887
3.063123092545834
-16.314015325708805
19.3396037878081
-16.53115163124344
4.254643224403503
-7.326314318062348
-0.04823870045536971
-16.851522049722817
15.039159596514043
17.764311761911245
14.03866646900707
-2.7629609487308526
15.251824019236064
4.43291914702169
-12.786547410354414
12.61953003936207
13.14824853198905
2.1391790024448643
-17.28490302340838
12.96182301200615
17.224494487224508
13.501168905279432
-8.94955888670923
-15.670167685479711
14.91933250993705
-15.094946701799255
-19.598054471328897
3.9733636530100513
-13.758171891118316
-10.221784985012125
-12.57301257807165
-14.9657600050171
-3.0711944032618543
7.181646159239228
2.665996401400843
-6.514776178242672
9.556087868344147
-1.6477871453415727
18.66301937838706
-9.851606024585525
-15.307953380082097
12.041762990046259
15.96737594501362
13.757367135113556
17.19129992703288
4.946260541663903
17.021578697363047
-12.191890125875787
7.318620464660737
-10.627523062704242
14.287188072850627
14.021796061304421
-16.94557085290477
-2.27008195451877
5.091591068839141
-1.5634546886748035
-2.539713686301801
-0.22188685843783862
12.252321966108678
-15.738535112815185
-0.16698284007206077
5.688527042177385
7.774987717706332
19.05752312487662
8.341626221453144
15.938974595971654
-5.405619410855285
-3.374199532546589
5.879718031026058
2.692705714897694
16.66446355254083
-5.769439548732036
7.436995324215077
3.337500038996546
-6.2908152012477325
2.201717875247464
-16.94474949893827
-2.6282332279249854
16.633029466474234
14.134524314185676
-7.769065609478818
8.392043175942172
-8.541436916051248
-7.828251255640075
1.6500374703176979
-14.921385875070733
6.413338650969442
13.035340484360356
16.557118594658572
14.56599185257562
-2.0905626753813555
13.16585857468661
-16.02926753369282
18.28966920904645
2.402441014450436
-10.28581406254126
-3.800457406286153
1.2419887235090687
11.062286814104038
18.712667001431726
-5.536490918126145
16.29658871705416
-11.28721791110972
-14.846543542145483
-16.1787475541802
-9.703192604748047
1.3680900319774425
9.288258293263665
4.319792899662809
-18.405462988550966
9.291893088930848
5.7072500900703504
2.1432399459971263
7.073010093395067
-12.463307135127
6.461984743206957
-14.403279816831716
1.7281604198011102
-11.589292903915016
11.04038300810645
-10.476998525866254
17.581365261806493
12.159426062750253
-17.071694360947834
-1.5117534682564981
-16.760455749932497
-15.8993362602485
-5.856459744083762
9.61904555211133
4.666154918345478
-0.2848207013316806
-3.7245959419904784
15.86335458572763
3.3118281313623132
-9.95710999156206
19.971537850865417
9.537232017384515
7.668460663428132
19.396539922273774
15.33283390752063
-19.59379668944829
-15.523376802392676
-2.4199512379532173
-6.873640404361243
13.964107491414147
3.4932268876315353
11.360638338261895
4.399338771390742
-18.731306373130177
9.85876247847932
1.7654129333142032
7.972506120964518
-14.98327308709964
-16.210065682975795
12.944249466174957
-16.520235012933078
-6.0579129747704075
19.073451692340928
-16.35863352578061
8.332400948651228
-17.547836802226186
-10.641293190508945
10.184002318979362
8.950809733049777
-15.708581410937764
-4.392771466350531
-18.451376732421988
16.505057506946088
-4.963649157047132
15.446469607799788
-17.535429541196322
12.605194468134467
10.672931347414437
13.634464370865613
-5.4982263189951475
-16.718737769185495
3.3538518291023856
4.0550321456662175
17.38266943110283
-11.520761601523724
8.756884024805252
5.312829987419434
17.043537665539116
8.148107714639924
4.880978908852867
17.845853874827945
12.540426039155976
10.491036918838127
18.62867411407811
0.09171075651288163
13.854158746141296
-18.63613526212535
-12.706727043764342
-1.4499945053008956
12.338512111657366
1.894040136091566
6.187032361410663
18.07197257252966
19.65192938949672
13.029952934040598
-11.418213984957916
-16.85373119803536
8.772966430783873
-6.889859241089207
-2.150180321619617
13.579017634812303
-1.465362463197355
12.098933061714096
-15.638696080777104
-9.034577655561304
0.45689679087647317
8.5005527057173
-8.716673646791175
6.126372539833684
-5.954346575570937
16.740407244428436
-5.604604849865429
14.444207217149124
12.27793230077236
18.15935673872957
9.442123953508688
-10.933981553061187
-6.264374291241808
-11.363288519789183
6.9147484759443145
19.95249008778274
-17.643352923223418
13.750351835456897
17.108584504751075
16.16890900362245
-14.85545426618148
13.326467787941514
-19.567958276620928
-7.849501683223479
-8.36891598825014
18.784892700605212
9.291406911019644
2.654996787937214
5.9518782184703545
-5.870234420140141
-11.93246802540524
12.755880743402095
-17.347418426431016
-6.011026305161287
2.2536648183143093
18.05272927616942
-11.397614221754452
-16.323064561341575
2.083314597122925
-1.8065439132518746
-10.962647177588991
-1.7872796334795016
3.92891401652236
0.41408431562160786
8.978769894840713
-16.367693892855662
-8.798395317126602
-18.963850387794693
-4.308529076587675
8.287041675888695
18.68036299403327
14.519193493492839
8.253437821528543
13.84451685704092
-15.313766075264468
-13.304033111366852
9.23626334247083
3.8082858655519036
4.200947820819527
13.005171454721921
15.402546957317123
-0.8407394849202188
-18.50458963043584
17.926696182218077
0.34857553308783373
14.316139189315242
-8.275744200990749
1.6093286270366214
-12.655483734001646
6.595470096025244
5.966641177487957
-5.919526332640381
17.648617014944673
-16.372398096318335
-13.603325955663479
-2.032432144872569
-17.256305033504262
8.862774968721553
-15.555730156377203
11.755985477316052
19.53950895045519
-11.586243239220666
3.110964804217242
-8.998638085327592
12.71428811600856
12.28377238159316
12.235882396377878
15.129194382102442
-9.700441831317699
-16.051544554700975
15.711861897500938
14.400263105841793
-10.013449398977219
9.273782013036435
-18.15655410897646
-14.294085167490124
-17.770520396016188
17.42926292459118
17.79897120198335
-8.958862296973106
-2.3623892216745146
-3.028331615218498
-18.22935323422978
-9.056877135534718
5.683739948266777
3.834238159311698
-8.687650133441318
10.92105439213649
-4.873383627979093
-14.790903852490867
-15.773905519479499
7.467870135062893
-18.956347524138053
-2.4829115346156394
2.721244765708337
-14.432460888088222
-4.416746449321769
5.13332948027915
-3.3691011480844812
-7.4535405088288
13.663039395151424
-15.509462632894335
-16.64363404906995
11.12926901979272
7.831839214920846
-17.640934813891004
17.53014884463431
2.392148825008591
-12.45583890116201
2.85235740593595
12.103898549391424
8.75772041395174
19.494260741237763
-14.95447915637246
-7.262687763357598
-11.381797067782028
19.87420557060826
10.475770676502103
-6.201010401437035
14.64806662264265
9.831326734822143
-12.24772561074741
8.026726622476552
4.61874000566195
-17.043715027211988
11.041841182413199
13.738902664354015
-8.062238175810199
14.637136813494024
-15.81181268255734
17.808190115710353
10.26887288355194
-13.179004497606952
-0.19596606594038946
18.547203382413763
-13.60281013511309
-5.455134905985788
2.2337826240841263
-1.5907074552241873
-0.23679373961916106
2.5294234981454977
17.296768103240204
1.564588841858816
7.014518537755081
-19.08189774769209
-9.628691290104303
8.630133354065709
-3.7547529658205425
-3.030283472172859
9.985743408921909
-17.384744378694144
-7.069704567291666
-4.805238319743408
-3.735314259261373
2.1470538041823817
7.700188148933411
-15.035089467613467
4.284719226439129
11.832550074065438
-16.98674297173898
2.530295762754591
-13.350488714485408
-13.024664172746867
12.594370725959902
-0.10287109473932521
8.271376136065772
6.974665581139381
14.812256963187146
-3.127632407238088
-12.471001413313871
-5.162439373519128
9.702301122596438
-2.5146615269496486
1.319431626924481
15.891697908433366
18.373377885829385
7.299021624313169
-5.41191522437765
14.205675571102251
1.4433838299623591
17.165169496920235
-4.395399880115054
0.6124083515533529
-14.596365207802755
15.698975710664875
0.43837345926937665
13.870614191360762
-19.6694775360857
4.832576926041199
4.255663707772381
-5.4441672002232
17.531811358062747
10.462456513787899
-7.522598888186578
14.102759440404897
-13.0120508599162
-7.820828989994237
4.561575015774144
4.038382159396003
2.995485270586773
19.361222332791037
12.924305545156244
-3.506197081225446
5.304080147305568
3.9150866238031723
-10.529759974993649
-0.2611557342434878
2.666180189645835
-18.493645007458277
-16.311405837410046
3.4760080978450425
-18.946863048548384
2.9277119069480317
1.296981378469546
18.49696229676931
-10.010015101763612
14.77323247407249
-10.058686508393064
18.913541402004235
16.11881427990053
-6.566479394009135
-10.146339200379844
-19.285280224879408
10.308572456772245
-18.84265141349278
2.694742098799643
6.251383304438596
13.724148561017863
1.6016861784756165
-19.98744730111288
14.012903343985833
-8.596255184738087
-1.700376513421289
12.206335872809099
13.252607949895538
19.55400055799798
5.455118226563864
16.612748544527676
3.891115239128502
-5.893416347552165
17.36575268546215
-11.297586815743133
-13.614768505415906
-19.45666781262263
5.985201970891474
-11.224844231330957
-11.150939057290472
-2.539475543406571
-12.981398884526145
19.032855703860978
-6.093742933993398
-10.662620002303548
-17.01960580190066
13.611618593897896
-15.057279678121724
-5.76147721475496
-16.925736021486593
-5.664353008353222
15.972374518595576
-17.410590827323396
-1.2238803652530494
0.1331239951193952
14.612295024426164
14.368825939900965
4.300209719960146
-5.076685066109627
-10.355511247193032
2.4180834175371757
0.47918572438830687
15.6308666334218
-4.7673407840640625
-13.729363521495323
19.357303938225662
15.166908998632408
-18.209671768468464
-3.2919496659723935
-2.622457427644016
13.185018123572988
-7.2710268354350305
15.79714833799196
14.706527168880768
1.3855585302720819
-6.0367006302686965
-10.332041128180887
3.200178921529684
-12.693681544561528
-17.722818707699656
3.251916667545829
0.42287053077504133
-12.427593846206157
-2.8917753215232223
10.563129745469354
-9.613960782685318
-9.130116491878946
18.250929632343194
-19.756492348885594
-17.003665766286442
-19.256001854518757
-11.62259056892594
6.458376737963869
7.421624798871633
-14.312121457107212
12.737733852253816
-15.26258048270391
-14.072514313871768
-2.8655425169016713
11.481534120155246
13.980302659773365
3.49444240936875
14.088200095746885
0.35286643372234305
-13.153511235141977
3.027655335559145
-8.181512426677484
-0.5829594670471527
-16.785799602764854
-11.20188012959812
14.80547992268023
-13.887365616938947
-14.062914103904136
1.0281322690978545
1.9618417787166376
2.267440466480317
-11.129803216915416
16.925287255318764
-16.112066830936858
-10.686903087963806
-1.107002983202925
-1.2472908799744298
-0.437181983183379
-12.952947071674199
16.898413154900787
17.376572759433458
-13.118584478199317
14.23409937533366
2.9142605586824555
1.10785388502884
10.121206755122287
-17.99699589196981
-15.572414861613208
-8.308104996917764
17.820541900989028
-2.9232278542910084
10.332824644154961
2.859552457311212
-19.773521132058363
-2.5681412000105297
-5.27317951529211
15.582345849529059
16.862419794873247
7.844814232219637
7.19444289123099
10.31561180664713
-0.6841483863304632
1.6137365930208647
8.159327705769584
7.1277281680138715
-17.757810858997107
3.424550792897114
-15.525919002243924
5.656088830386166
-17.37767178875472
-17.383260069936632
-15.456965764486181
-2.8408282209344904
-16.60319188369858
-16.79332363093444
-15.472163086292143
-0.006226239372759679
16.869519967160503
1.4666123384573648
-14.37026239456683
-12.660239459478424
12.28313972868779
10.117254637119286
-16.550780463024747
-16.053038090454205
1.4139906640601163
-1.6841778140708197
13.245045969486977
8.813113740831717
-4.019475757147428
8.697885723975546
3.6673139978649516
-10.755693098231633
19.27071244245916
-14.107917870953038
0.5873727195567113
-9.281711582570553
-7.165355653164198
-10.765561370236005
4.096017968934955
11.168406414504911
-7.194925184826855
-13.300146126475912
-9.423524343618421
-2.343119763123638
7.739917330121204
-11.321988705029412
-15.670453554456367
18.069969432022663
-14.52679586565421
19.745933590297348
10.335304376822467
-11.666080067057214
-12.003604354137352
-18.363143874342505
-19.870823970288363
-6.3760401672601175
-2.819376277235448
-15.012521945154322
11.37450158799243
-19.66710108171467
4.952354541683093
-7.288346209997525
-13.062286060567857
0.5306103628690195
7.350515689452015
16.202314836631082
-12.824891878416054
-2.9113671607032954
-9.815107622725856
-6.816481719349881
-12.573084357034237
15.344198734896857
-9.792313382320295
-10.79592224179073
6.509306925840503
14.833979738159414
10.25539512838968
9.368074842216586
-17.476125970842457
-4.79795788605895
-11.459122561515208
-4.239420755515182
18.519475765941074
9.868038226162103
12.919198394972131
-19.611473494151944
9.89993589207006
16.076248600874848
-3.4705305777143103
12.70251350017785
-19.168371332640305
-0.5117751668925719
-5.127048786909669
7.114222823112919
18.228347570091174
-11.564860381176079
-17.067678806555303
-6.477673995385449
-4.874164643052006
4.70744919171088
-8.464838400015218
16.97063582873042
-8.309510831242473
-1.0783646838876226
-4.0985280105116395
-11.274272246662548
18.08456262135508
-14.947919740581783
-16.17325319008077
8.849787782491045
3.5934427648831635
13.134066958928763
-12.220676123369119
8.587086637261724
-0.9924324268191276
-14.728027382854076
11.905288432266033
5.784549007433224
3.215512417637707
11.046468848251468
14.67374437925173
8.233545211107295
-10.507234125045933
7.17431464025188
5.232686436781493
10.473373998916689
18.980172835629897
11.08477440659209
-3.0337874166480505
3.6132685527196218
-15.134041727026624
-3.1149519659881886
-9.247751318016721
8.956422457991131
-11.243556118109627
-1.756830668050493
-19.939773687351593
2.4936066496717135
-19.80783725277984
-3.922007933422438
-6.1161748255328785
-17.62716676537876
18.46046097688111
16.4119353264649
-1.8781503625845586
0.7929617790270349
-1.9570139795798536
-5.006772625118314
-10.905323909552527
-13.096628402615105
-18.549386310080767
-7.880971097882763
-16.882191750525028
-16.01948602109681
-12.632532624513178
19.984923235986752
-9.768004353413167
-0.5749902240293459
-13.717916027967947
-9.593896105652696
16.820419919893837
-17.094420378014835
11.959543636591752
10.088345651169618
-17.6510201382538
9.867161943656324
2.549431506960773
-16.37079431785601
12.7138771687587
16.061599836662733
8.707596297820658
-5.070641302317922
1.5390582432045807
8.251482390660318
6.002568978645879
18.93078535590127
-2.2863030820718144
12.843718376015207
13.376449287137984
-3.320433542358594
-4.463914794917567
-4.412764355921048
-18.713112372648695
-10.309344461748587
-4.1370133543527965
9.195545345325332
-13.9941930825385
-6.5481117959626545
-4.850715458579518
-11.214290420793077
-16.0729274456572
-7.239546226745985
16.631983775719988
-16.351859705781106
-2.908328033555252
8.623419210757493
9.811260662170355
1.4437351255127995
15.690301533194964
-0.7324087465283835
-19.119439539020032
-14.426239336288686
1.4348510398670022
11.225445704860313
-10.964423992563773
17.441072647285026
-3.7393440142654644
5.926723616430669
-16.03046194815863
6.669434443779663
18.065445124862332
0.3134424258096269
-12.045847322598675
-4.367057297830406
-8.107329037851493
7.044178315584135
-6.48729351413468
3.0521460886537044
-4.754885598972289
-5.982803967938426
-18.43593639776588
2.585533451994464
-8.466190938552746
-6.094418216400244
13.019940149110226
-16.573537502260315
-6.181544666469003
17.491072433051777
-18.02137115092206
10.949235119582465
-6.636581669742809
-8.36126218258935
2.153339878327394
7.598103865995762
5.718160824578469
4.881608616552082
3.4840985015678783
12.805893058805742
19.514483676586806
4.297731428049385
0.8178328516305422
13.192424725555014
-11.35122228598027
8.900878908023211
6.619857881854707
12.896298019004453
-19.51467635202675
1.6901238775988547
8.561389754535034
-4.257920326757438
6.068874716977737
17.695415754129826
-12.405058854853515
18.154448762433887
-7.110079044693025
2.0170939581743275
7.625338474081271
-4.575523395461594
-5.5205808779091825
2.75329352363209
-9.268669615335305
1.4141277962077448
-16.20568460020682
9.735837687696712
2.5690165600529546
0.5787128284733178
7.209537476191663
-2.5491839804385164
-0.6264394980255572
11.869252630381823
-8.851778841505386
-10.786161520896428
-11.09592451593973
5.900855178987161
-19.623880484563507
-8.279372556027962
19.68989643640487
16.477436275070602
-19.932471840373513
13.231281441546248
-6.818244042225912
-10.657503898159773
-17.999369371149854
13.718516946809816
11.60572584422753
12.16265370013501
-16.97852057343782
14.839903464591062
-18.9309575096623
9.524783865925205
3.318411671813304
-2.501335511264089
-15.407788487522405
13.68824841679472
1.4925244745854993
10.432448898557634
-15.52426067130157
4.731826382135247
-2.6404322337345887
-13.557105009639896
-15.78181841515323
-16.13227074624224
13.144643933253409
-4.897992006432834
-12.50968114420386
3.7981218866546973
-2.86536619938615
-8.544766773515725
2.0386953969346644
3.7864366786872594
17.06844961103029
8.759298046156179
-10.273272197532805
-6.9580625780738
-9.646775330935
-2.8295527051537306
-19.78229277655441
-14.01260712713849
-4.169765787582818
1.4615758737118867
-10.301274669577838
-4.938528694849724
-7.837593872770063
-10.024370056387424
-5.15385964350306
3.3943227297980805
5.8892808675344455
12.554576157048597
11.908352709329023
-11.815842415543738
14.47966853322949
1.8782491864049566
11.920174246302317
-14.752098338168004
11.314818648929169
-1.9485267787168858
2.5698235124304114
4.315850313559264
12.320708838725372
-10.822191117484996
18.845871371177353
19.928934879926658
-1.2793318218858207
19.709947244473398
11.01924554109495
16.442515742653523
15.540554118630254
19.015885457541273
-4.467110379000969
5.4288988023291695
-1.379173278250927
-10.843451568138569
-6.319448419650269
8.149888309183378
-4.667577094320325
15.06244591981925
9.657682602660644
19.57917166177923
-5.852079094381524
15.939590522222122
12.820686539368587
-11.735767654237478
-3.2109569061283816
4.1819239846793765
6.659247867007081
-18.3609428602977
3.2786266836093914
7.2285118889625855
-5.027825667591697
5.947003041510279
-19.9633533781913
12.324626006486028
-11.12879150825593
19.746605961568704
-10.50123784451133
19.250093084838053
6.004522067110845
14.593256033419951
19.8979125792663
-4.4391417391906
-5.157478338365364
18.152344743544692
-8.145312463217094
-0.6104050329582567
-16.693208298969914
6.222763387596868
1.617438860919198
-2.4898914889135826
17.82590365734928
-16.230376176472504
17.28200139969886
-11.972434209405787
-2.7437851228457966
7.255528613349482
-7.4260387889195645
14.126924420014415
7.029700372457568
12.981245679635887
8.062831257535613
-9.822055138142494
16.053536165444346
-10.844046861381425
7.893582025377754
-16.3667550216354
-5.509343465272738
-6.062278523223821
-0.39912655596792135
-19.937004367901
17.03318687523125
1.1099366332719152
-1.2897230579440633
-8.199842630493706
2.38079990016526
8.237383411773811
-11.229356008289626
-2.729158439296069
4.180218042452193
-5.358082830026771
-19.98557546642811
8.18311713178514
-13.475861468355621
12.252278600369495
14.935653856325075
-15.670063572951172
15.160859944733499
15.400461511749999
-2.048847377680696
-17.010866865451355
14.741345060226587
-10.071034208201702
13.97026564862844
8.393510600355611
4.4623831780941225
13.767641368797179
-14.360057287688
10.185172414147857
-7.187035938461359
16.96075071368277
16.03341784646082
1.243897088522199
-8.765132307958856
-4.550828037067358
12.52997608466723
16.898931987509258
12.000045719964811
10.00400466961552
7.789516649700112
13.891276423639152
14.640998570744737
3.0732003787952156
-17.64821429796772
8.384847767258714
13.676169147853612
-11.147188193082451
-7.411683116641954
-8.002760187595118
6.4325168326104665
-10.165867402880004
-9.740564270722562
-13.668696009997854
14.268617680175751
12.91972789525095
6.986946650207271
-0.5286612192539986
-17.054178283575446
-17.36166442582679
-12.428238335714008
8.142246124763236
2.0417526437252898
-2.9038804900153092
5.956498329906426
12.952377103561199
-5.32521875073495
17.523571662483523
16.284213306745976
-12.943992360589323
10.414534006889546
-3.4346929148818806
-16.885653850598047
-6.277569795304965
-4.2627892566241865
14.241148798884836
1.2536525675291532
4.777675514371689
6.67118789015392
-16.281450833429645
-5.504891104629084
-0.20974530972228234
-3.822955190929611
11.808590783971287
13.493948119471035
-12.10105519205424
15.75672063926473
4.610531694236828
-6.686251201150992
-7.602726798449471
-19.263002607364452
-2.512132302555097
9.292813426541372
-11.197034608901122
17.435165384182557
-17.584155504948754
0.7250219694182869
3.8164330152600012
-15.07885447292427
-3.160707918252994
-6.028517555994681
2.3999765706180742
10.309822794156416
-5.2276328702091135
14.673402927519707
-0.6465641624370466
11.933723719510274
-1.5656077754076136
15.173309457876961
-18.94523903658675
13.74477373107446
17.93105471615274
4.85349630239301
-4.953217664652234
11.972836343812517
-0.3769527351137647
8.164134786419893
-14.752611593128432
19.752103182668822
4.804450466084549
0.3143899470159628
5.38016253007878
3.231701511736449
-11.810901294634704
15.053943347722814
7.639809648023581
18.704784089133746
-3.8745078589021897
4.234696734716201
-1.5858071191966383
-9.479723456190161
2.679629200704423
3.931396846185735
16.750794767421617
-15.085454956727657
-10.757690184078811
-15.022817091213154
-6.900350845213659
-9.67426683738623
18.30591325151638
-1.601691316864633
-4.666479138668085
-9.822088355455048
3.798728993508238
-9.998552263470955
11.51263590990724
13.60495647664752
8.641530112050958
12.688077523929774
-7.927322345550962
11.154878168064046
8.098315836609537
13.318898337655472
17.316418291237802
-1.2347420217938598
-18.39111567121499
3.4770121118013497
0.06865947143786855
-16.150130526436627
-15.608686353655177
-17.63841629377323
-13.399169186768226
14.706853844936521
16.857368366745952
9.015322905142543
4.418157795987265
-3.387049006844367
-19.71406522427642
-7.442194715947004
-9.43555438141047
15.130108485297896
13.074907173765627
-11.077679598668716
19.05919732036788
-3.9424146691974027
11.05103557751249
-19.394510413834652
-10.761710563899069
-10.71131219593874
12.09005584075081
-19.377181051760388
5.048792706976037
-0.20925404317631013
12.094611096763037
17.175679038579794
6.556399002106081
9.723652134768246
6.265606629859124
-3.281811901313607
-14.130972562545425
-0.7560082414129798
7.858071481132298
16.594193191299517
-3.1116261742835505
16.519922024317573
3.6800750392213466
-15.968278862355284
-19.062582587579257
9.557215883058937
-13.85990837085346
5.792269125178375
9.738744016501183
0.8624233839291717
13.28781264883176
-9.546683295366005
11.859586918265004
10.085664735893968
0.020933094019492948
14.727015310709607
-15.56165148363207
-2.263840096402432
-7.949230128519162
16.252118169982754
11.763146568267487
4.35156124237372
-1.1187867465942603
16.992968994500938
0.4217228604597345
9.472962810783422
11.443781786961868
1.7018025487093702
10.442448983749433
13.168665672208384
-7.817261176803818
-19.75142867174361
4.834048177760786
18.301084835194033
-5.898518915572137
9.965476168848838
-1.0517436519944123
-16.720828161262222
15.070041489696123
8.382254932566449
-9.068443299680995
-17.92363676595317
0.7678744734834897
-2.524232469623069
-2.017200718526695
-8.322256892671662
-9.4034417387366
-11.547135879699567
-11.504664746840803
1.139551235620604
-14.293138905848002
10.93677327168367
-2.5731626846172917
13.388312235336507
-19.394485434412765
-2.714175596210997
-8.334745334646225
14.111356988073656
16.785062665064324
2.651273774734366
-9.122292307250458
-3.1029367465201396
15.94844235938079
1.3214059026866432
-8.244088142061532
11.455157707057516
-5.381124110334965
9.07671249682716
-8.530621905854904
-9.354583019556472
-17.034450660621356
-8.246951322583097
-2.0625736704704423
-1.6079044936065845
9.297669258175972
-19.154500654380115
-3.1223067705504226
17.933863052734416
0.834889017903957
-17.100162759362526
-7.450226935005744
-8.909640462592549
13.002098783587769
-6.112060088803992
-17.383090287481153
7.260274665953368
-0.4259358795469703
1.3321566630572912
16.68013158883904
-5.109115102886017
5.051011929638904
3.948175983623159
-13.972004567253569
-11.62016320615653
2.973597959962646
-19.04220579462062
-12.813863434469193
9.05553641403452
-3.9448695080817364
-7.527511129288773
-13.909206322482346
16.426681654648846
9.00102324086765
-7.301157439712487
15.307705804970318
-8.977480492905695
16.254723959309395
-19.07334588670357
12.34519283732423
6.858217304872438
7.354561964999742
16.979653451599287
9.31848057400586
-9.755939174543592
2.0176932063457764
-8.426413107718718
-10.084514525388037
-4.201240567730555
-4.308002656765688
7.135804503838692
8.772005198256615
-3.8519521539981527
-4.745335199513914
1.6508253309686616
-14.377630642421009
11.733280072992747
-8.958861488716533
-11.565961540877412
-13.773922726026516
-16.708167320558974
13.829199821538825
19.100375950965063
-10.918916855148835
17.39417886367894
11.57168122277685
12.854257226372905
6.909140100196924
-14.760525111953896
4.912165234733319
11.940998860653242
-5.0729844868666385
-12.584450141154452
5.642824481879378
0.06777477241578733
-13.105255051019014
-4.045291780448728
0.7127745620651016
-4.149390687119232
8.442862190709132
-9.210356490082056
-2.671249816887049
-19.559618298109392
7.9175235076403805
-9.666876754087891
-7.336621373640728
1.7415316609791587
12.859101037246464
17.881011169250954
-2.008823203373411
-11.352165533118605
4.5589065028379405
12.866374579380677
4.195409347867511
-15.841171244695262
17.386679570820185
-9.352863550480377
9.333966923208328
9.610782969993817
2.922601668679108
-1.335237765275008
0.44348498612235776
16.085604177453682
-6.829354483315049
13.745725473822876
10.644439595992514
17.541196350048285
7.75640755651497
-1.3744701084321997
10.738080931213014
-3.4576826666287808
-2.8238471727310177
-19.730799889871573
0.8821675406507623
-8.777652705837378
10.018974323526578
-9.460108975685163
-3.5708752872156513
7.5667127159318515
-8.361936865539263
14.275824843223134
1.192994087705883
8.23647077218514
17.787480501935228
7.38943451364324
-3.3961081281085947
13.821353577864596
-3.2228506528176304
19.45301137780353
3.6060261076560396
17.773882502434756
7.389867578099305
10.46331393186648
-1.185445859894152
14.584861453190495
-19.46941719776845
0.715105768683757
14.999628030056144
-8.61297831582647
-4.422905558322072
19.83514774182722
-8.681831581126023
-3.5088019275531446
-2.984784516618717
18.620128734944146
6.0521247468468164
-12.606986163782924
-6.659966527153158
2.9592089764764617
-16.89057166854574
16.842038162915767
-13.551186073216188
6.554414350626558
18.234454923626142
4.121360706783075
8.448346827563299
7.616882163071401
3.799800644809199
-14.17903116785805
19.534156209521196
14.396500830058416
12.617630364737348
-10.743804485781666
7.744715742106916
12.031424460044398
-17.62164523897543
-2.0108264892746597
-2.8707265434605667
6.329044255104108
12.413741726801835
10.920362021128408
19.326851444783905
10.881731015988585
-19.738958194043725
-7.134475060158718
-2.026465596022904
-7.837229290037926
13.330135224206984
1.644330792899904
2.7415319930693416
1.4839087520328942
-3.428200052733459
-9.546143290570942
-5.682649682094936
1.0958630358181232
-18.097099902266134
14.571703975787504
15.164855484012012
-9.628992826304902
5.820996273632022
13.581857197413916
7.892240842946854
1.1228817724705253
5.671462068292752
-12.823172718941297
-2.614622038423615
7.571885936675349
-8.314182222881477
-10.827588715987101
17.85840439774617
0.3376917211428321
-11.851633139059953
11.291146602596577
-4.538905507357827
15.645133741733499
11.757516288910441
11.300635743034446
9.631895024430243
-3.4751306550304495
-17.6105705076723
6.204623001648595
-6.532280127955139
19.70726415146549
13.431358086082295
-13.974471075444562
-2.5981699027396887
-9.49819218152873
-0.07444797180175211
-15.860290188042958
-4.206147724195524
-9.142689749608582
-7.631833264371299
-8.201959265852592
6.602174015021651
4.596445270434608
-7.775150584006165
14.561117570006612
-1.9737776870807755
-0.4320498124129646
-17.182363511888276
14.44709728934789
-12.86104217944425
9.56680075102614
17.029448497200733
-5.267678467403001
-6.197650519578741
0.5927026784338274
1.217087113894717
-6.705011674468366
4.985906691376676
6.186149183067107
5.214333285940973
-19.615704508692232
-2.4331859499854502
-19.315070853167832
6.247484722294727
15.92559859054802
-15.189140746048198
1.2783603370765295
3.375991042946307
2.1498429359444415
-19.60094232736258
16.911374058591974
13.668234562489573
14.238998531448107
18.130502296848725
-5.980175221792745
-0.804655396875722
-10.71015410506483
2.6974074790357028
-9.706990831986086
-2.2665198227247663
-11.468156896536543
19.45152811348457
-17.751642234289662
8.13668726290192
14.452990105470578
-15.237323267044435
16.172828534813277
-9.007486245180889
-18.385252943812134
3.6032384949907437
-17.547593249596744
3.911001590274683
-13.44428831944346
12.197311690526146
13.101835885755783
8.11943273223266
-16.600665427616853
12.345094900754944
4.431643158911882
-19.923166220957164
8.435581893467067
17.257374180904208
-5.520333357579985
13.002309811025889
-14.48103851586994
-7.805756707272553
18.657139963641683
-2.8163706299149815
18.97272377397988
-0.7866568438031818
14.92599866446775
-0.653469582965549
2.8695992347953148
10.619041186572531
-18.704372033380018
7.334032287156562
19.408042545086207
-3.2825557823174556
7.584681082630214
-11.241096149050268
2.224738227783516
14.838323655733848
-6.4922967760109795
-7.899694519535139
2.509789803737994
-3.0666484653918324
-8.404832866460751
13.963801708600766
-9.754701979041883
-11.127441025894566
10.895178952564484
13.219852356955402
9.323003370952993
-8.746922422903038
-3.103539755623781
-14.15902889003895
19.710367184031238
-9.836872077539622
-19.306996295886808
4.48474137437334
1.8887794006386605
-5.77008798365259
-19.4000094204806
-3.4907800660346044
14.031256799759735
10.356916587267726
-12.278104699092886
7.106246600495965
4.297133390770753
2.3210569213517607
-7.749897966027155
4.436412814119413
7.017033747889965
4.911831559914321
-3.6176840176825653
-9.541106746718949
-18.522131757392
-17.099493598007744
7.589945171205623
-8.045831412986622
-18.733031282544005
-18.977884790115517
-3.8562583191973543
-6.10943181724096
-11.276234652861522
-16.942097501001285
-16.896981672354716
-7.15647508586454
-2.3682502230621827
-1.8465120720114614
-19.169761066056303
-5.618701645970159
-9.836372716911601
9.140803543534926
-2.0698677349554595
-17.75303341819304
-5.682511898792284
-17.615721438583158
-16.086597111262808
-8.770758741392992
17.624455828483168
-17.68446841426971
14.979411300571801
8.899177554982147
19.162405599353466
3.1840873397814073
-11.323580348003386
14.697985297624253
-17.874403650364048
10.610520136576085
-11.20394311193519
10.47586640234909
-10.583579191195064
-9.233473078767119
-6.733737765557324
-12.132433734083712
-8.890150263919852
-10.44873760124295
-17.377833382702686
-10.453423102682656
12.636301009903924
-12.55396020374301
3.2221963543113175
-18.243741603352742
-14.153262541312266
1.7010104885131394
-14.13624991200329
2.425934973357906
-18.5262810120123
-16.391679338140207
12.68895765212639
-7.904728512361303
-13.33373382704291
-8.09804369967348
7.402564966955967
-19.139085429170937
-11.962809449117717
-17.04698601942237
-8.847193546682384
-4.743836945022117
9.255448829566921
2.2383888345479708
11.58677609879803
6.740793642663152
-13.587395026496276
-10.747812814720795
16.81369176505172
5.419629231256979
13.357028257417273
-10.445838548458983
-5.84525949775569
-6.896859491289042
-6.708550403913938
15.384564544762323
2.38174059510174
-19.37506175498628
6.76578738741485
-10.783326326072968
2.833363864915963
11.596295052817656
-13.015348794509233
17.425537154471055
12.08841071540824
2.154319939340845
-15.726139750498769
7.049931657953934
1.8408231070847725
6.617231241347521
8.544105143849702
-8.696727019885948
-5.584092647585606
-14.503551194168121
-15.127870309427443
16.697430158656253
16.465051284330578
8.612273456746863
18.41223215346252
10.100069497755154
-10.407084048077477
15.546516482277028
-15.344754754560647
-3.6606066544312377
-16.859083311058434
13.880998775038528
-6.1942406277744455
19.138067987258424
16.877747837116587
14.771621422526167
17.607822999421433
1.7776700044646976
-15.226931246717403
11.591629239794417
6.462938656251098
15.442309213858337
-18.365993008712834
-17.06433436294914
-16.39809119238416
-19.38908229718845
-13.040961525461135
3.331077061434171
9.662595994055533
-2.1631862400784074
-15.043647334552341
-12.751062694609786
8.445787506996677
10.857376519920612
-17.257881408789935
-11.004925010283223
-4.056713467677717
-6.711429753459397
-10.805137393892768
13.575516250623295
-13.98154247815874
-6.247836798402395
-15.762739760674954
9.523958595136936
-4.598517226929921
9.806630510374653
-8.932944449534563
19.92442078963697
-13.373341831730517
-18.362918466679865
8.869637362302951
-9.41635324634234
14.752039804800049
8.079898059783934
-17.27935370295541
-2.8265105958843995
0.13006465195162686
-19.062837538198835
11.46691040126585
-7.67685342872193
6.278527070182935
4.725454060752021
16.35935797486534
-3.9255389095611415
19.216327273447593
-9.879163399764202
14.490999671365138
10.697622190085037
-3.745904727326317
0.11202914323451996
-7.152914691228491
-3.364479329015313
19.476160666279267
-12.046208122412612
-5.9422572552130015
-16.273670836200832
-16.77049136587593
13.491565726074253
-17.743361407471752
16.067674113827298
3.638234685270545
10.989946518942673
12.876519486457877
-17.272530700550504
2.0216921731278514
-15.995635174305667
-5.651611415543307
1.453577041658134
-5.5296375279681875
18.1221293665695
16.3962106340273
-16.82540959068482
4.4134670748273575
-2.3901516798973965
19.928880165145138
-1.5932670901371404
8.999274799600734
15.244100975663603
-18.59504886723556
-0.6104097305111011
-12.326209651081514
-12.823047001983173
-19.465685153915242
9.669097605079147
-11.77239931654265
-8.88184625468301
6.4931868342611265
-5.950971202286466
-13.105989635352788
14.190548628969854
14.412431956104793
9.857839935564531
15.116569348658828
15.760092534603611
-18.77896446962047
-0.8322886068815771
2.233932877564211
-14.192487274718575
-6.611568917001618
-12.023571480460582
13.353978794422488
-4.928373737618119
-12.755353041614095
-2.3465531563630293
-10.807577253468503
-8.62229635197405
-10.25903566521035
-12.419231496485263
4.624584017387043
-7.503063714829623
9.214480562949014
-11.73085251354355
-3.2773687988939804
17.466658023977708
-6.824222338373875
3.8046955291354934
6.437917352393243
-8.446934507212305
-10.327786938231377
-2.937919338770909
5.79942448151793
0.48625487230859576
-17.796795603819696
10.256893916700985
13.231439859041814
-12.898146824265124
16.74201973556132
-2.5202282024495215
15.878415035998522
-0.35973760724870907
15.951762619101157
12.86817946668771
8.99372663147842
-10.846583837648174
12.942298873732057
-0.5425717720678414
-15.01725051892799
14.295607882265084
5.326424614878209
-0.9049944335030347
4.940701180162215
-19.86311583635523
7.794452553992639
7.513525846712148
4.004551889103074
-4.221148305870921
6.475198674986404
-7.625690767601161
8.648659250983348
5.218978218815118
11.658079917682741
-14.653124268497608
15.184933977298613
-3.3296625842759875
-5.437715907895289
4.0212036124429495
15.837688236309564
-15.717702102587076
5.622378004616193
14.4112312100116
-12.09208986851985
7.830963897004923
5.62530713269461
1.9623546493068966
3.1217087411636735
-13.915784217124054
5.9519947339973855
10.273549924037999
-16.648736943078152
1.9793706253970589
9.834749389702338
12.09417784466353
-12.886746042741484
-18.37653038315843
-15.56443516465337
18.866854511822826
-5.557662192436266
-10.613827922245772
-3.7569802840120126
-16.551101391974733
-12.37644332490131
-14.235745408151551
9.504179976034099
19.7741220010475
18.376496472136893
-0.11553545997015302
-3.5759441617909493
8.816329676343981
19.55075955722696
-6.631619295872757
-1.3058433983449547
9.129884465570829
-2.666454168014658
7.6948769871776435
-0.4732846111532041
-11.614417757122354
4.289050021788192
1.0696721103928608
14.58115718348878
-2.838442740731324
0.3245563408111307
12.050174156882342
4.227751752856075
-12.952919559385618
10.108570313547531
-4.59699019787891
15.955044571583844
5.873455405220991
-6.788847451701647
-2.639701350229875
0.9214713609212177
0.9460798009898985
8.100357276951303
-10.662712883287394
-10.8784839205705
-4.165974872952569
-4.98926270741423
1.4572464804448337
-14.903460590948626
19.40163647576203
11.880061045106922
-16.2831962294087
3.737533277810332
-0.9912355274279339
2.9551482082907565
-1.9941223966648858
-11.883428309994034
-13.13717642733244
11.215668017546449
-2.5205013279084687
6.323700120031521
10.40902469298453
19.438695819740936
4.939501238724375
4.02901288588688
-13.030695276638
17.230229125044886
-16.999564004647894
-18.239009366518584
-14.371971581807458
15.155015160644293
-8.686019154536737
15.618547945142476
19.022677260964418
-17.980384321885786
0.244887076286755
-7.12800566141691
-19.36395425506884
18.656513826876147
-7.525516343650409
-7.6719892149680335
-1.6409766544976678
12.546366387646074
1.7805582653332852
15.349483742193758
-17.552112218466526
-6.0599116821082255
15.299993749736128
-9.647798245436405
3.8850647184554843
-14.025170293230085
-11.846609376579265
11.919558241745221
-3.8694670403225695
8.656938702137506
-15.698651275680543
9.963216645652299
18.32672023037607
-0.5303200579679368
12.613215329760731
-11.572654960125984
-15.171757167148456
-2.0069551862036805
11.613447664367209
12.294525386434714
18.09071769812858
-7.1063419586966114
4.939479625557279
10.768334081098573
-15.919237062674263
-17.03482278597391
14.659031806259929
-6.842216732929343
-7.604206071089883
-0.7412872592444142
0.27807564836257015
18.787289518775715
-19.437030738374578
8.631050411495824
9.215730362890184
-2.694220512005119
-8.077520320587318
19.997993308282865
-5.1301089273500855
2.1258110434706046
6.891129999321066
10.645076422247923
19.56799171703603
11.145395673500085
-10.071811006466547
-7.319590119957202
14.983631465844374
12.272979679063
15.263587974565883
-18.579484915826505
11.579793364500524
7.507940950947329
-2.2531824494679986
6.912481459369579
-3.454091421898302
-12.790484793380571
18.847757843793
1.5291676228555984
-3.598007646502861
5.632110006866049
-17.038070704558915
2.586882513677571
-6.633914319060885
-10.97809245905447
7.8186057011238175
14.835641048723062
-1.6140910574431322
-3.047547854584156
-7.38771762356393
-16.900208113435205
8.533299117754392
13.111171898607243
2.6624993285127108
-1.3391273652770819
-17.04520253601856
16.64680503639802
-3.928150371888348
8.585614862767358
13.438821896946852
3.7639080916892897
-8.702623727789112
9.086424302757944
-16.415678994943534
-16.91036103646735
14.108279156002324
-9.348346694010994
14.461185544216843
17.479692324410493
3.419504434195897
19.181985459648928
-4.031263542082244
-10.881023450516786
15.209864187500948
10.310241274035445
-4.06036678022939
-10.268970782678576
8.321905582789153
-3.224423222203856
12.961720800861073
6.518012791965879
11.415066072089903
-7.791402040115694
-10.486136610503003
18.303032144018772
-14.163505925115484
15.565572229066063
-17.053688995168258
12.238451818268189
7.217098381324094
12.630247240490057
10.201531430939323
2.8803463782153926
3.1743326692486162
-9.923498428905141
-1.119827017531576
0.6330457470569595
18.89178997677416
0.18279953950953498
-3.752757702731966
-19.976669211935288
-4.769745695249004
0.6195992948653339
5.173973141274728
-12.629887760230073
-12.383428966293799
10.042961719119795
15.565174732298953
8.330011861676262
0.9994390938008602
5.067392679808069
-8.586576912375193
7.324840382285731
-18.971871615817403
-7.642659154663867
-3.8006307752055912
-17.90407573591925
5.13073741677768
8.460088212867856
19.688634581539993
3.8215298359939043
6.7969573522379845
-2.37570032139367
19.43483477540656
4.183864641995352
-11.128640979279908
-4.837519556571195
-2.6961009574057915
11.955849412080699
-11.046901897624174
13.977971348582612
7.212497003894098
-8.771405280926894
-9.016843199743501
-9.289086240961485
8.397508827370498
-10.203499692695171
16.412177759086415
11.363404480165546
16.84939885313467
2.0842729137143934
-18.913319616054352
-4.998095849439386
-4.705027235854309
7.866930327710482
-7.484514234344477
-3.161453085693249
-14.296913393043432
-16.14219418358964
12.976026554486118
12.872668677449322
-2.4940762912372882
-5.854902595061144
-2.1623977704497355
2.1809457118002884
-14.863815653040714
0.6201019520892537
8.653630538261442
-11.0586363565353
-10.616609388343097
-5.43824443707547
19.06185516179216
2.4932387723765803
14.382245979211735
10.726358648518918
4.535828093481182
-12.531885162178199
17.787222984020453
-5.88952818446975
2.937233992021433
1.752194113597163
-6.150858830422679
-14.738960768273323
4.94511652217505
10.476777646993387
-6.113682221182288
18.893210388106482
13.374544545394329
-16.870686771941784
-14.922966546340067
4.692907593582989
-2.1382709502547748
-4.076865440207249
1.427557987108532
-7.496710444638834
3.2073246114945286
7.038856955871986
2.6884737234170286
3.533879879907613
1.8969247633328257
-0.5830720601135697
2.058039855646059
-16.50840227760947
-3.763864870843956
11.715752715498432
-1.9263133787105025
17.212910540658545
1.1046387064572682
2.771274514609696
0.03923899617463977
-17.36752706750659
18.420789476438376
-0.016312417602684093
-4.806485173200521
-0.7134143639929169
12.932172671495774
-14.836505725657387
-12.254610584261002
0.27155783992390603
17.707934395860224
-14.330972593207964
10.561629501101795
-2.788969419894465
-17.762207237288155
-17.182285402614124
16.203684111300465
0.11019797726048441
0.35568205208932113
14.769230132388502
8.019364352849422
-4.656248172478228
19.15512182026206
8.082787400541132
15.367450000076035
-10.391866362559167
1.4621754085939687
-1.2203990753592597
8.059031518905414
4.506665976567392
17.515215488919722
-12.974965194457635
-19.105033794249948
-1.9907408725707532
-18.490006892801937
12.260323716784857
-18.65941909761313
-7.382555810990916
-14.98288399018219
8.784880737968358
8.893819456566519
14.297304019476286
-5.418455292811286
7.375247658177613
11.394818666574551
-12.404973337112857
-12.747503853816013
11.619485043541893
19.619577344091898
-17.02250671410164
-2.2606979853997666
10.596247297956808
-16.905153847151496
1.251942911922499
-2.9959284339188397
5.661127125186529
19.575322286279363
11.346972128694297
6.624177306054642
-10.124910103973882
-15.274974519400487
-11.141675404935123
-13.354842346191864
13.390671257003914
-17.495520388357676
7.824651660519328
-5.6607139693461805
-4.21426067986483
5.892004994648521
-3.1009501940818485
-10.390292902988158
7.639912498798296
-4.5419934010708385
-8.945929042304437
14.452175939008898
15.444003925550497
11.581924138194871
15.920331794336775
-8.256260293463846
17.30440771640293
10.156557194090094
19.06080863632972
18.043868853230286
18.496546441886945
-11.913226113410955
-12.772532808461943
-15.714135751410288
13.536555002028976
-17.138913495517055
5.837145248104205
9.249263929290322
2.2155282739706106
9.188946855794216
16.35176627032601
12.532846776459046
-8.397193299263765
-5.802318749597832
5.832811233264263
12.04184484548036
-6.375465046383995
7.6058012744539205
14.939453292962845
5.742405199434639
19.36291575587071
-5.650791954451155
-9.72760563608482
-0.9388728401974467
-4.191782428444948
10.808282141984936
-19.086399042360213
8.971323849986774
-1.0041264713691822
8.461101452022067
14.62969080611991
4.874667541697284
12.356369310395046
7.394646077998219
-0.14323707385852202
-8.863682393945753
7.169442651308415
-0.5904378946372102
15.934990257328057
-12.98286628087148
13.706390350494523
-1.1588736162354962
13.961479282555885
9.716562968932191
-5.835129530071743
-1.4996449102963405
-6.175135272299235
8.651872458892779
-7.41980322807017
-1.5192167152113223
-3.0496952711481207
14.240142145690706
16.49359859757817
-8.296349332432875
14.962288707813869
9.098143888138619
14.87452130375127
-15.736921205062671
-7.116361172133172
-8.86011789599074
-2.10941089475281
4.699393457593248
-19.341934682067844
2.148997394740113
4.811089139410911
-12.935169762374725
19.031729438162902
1.9773562862319194
14.817801794723033
-5.2285879291167925
12.052671910298649
-0.9834332982392358
-5.79070555759873
-6.515569214826273
9.183963660255824
-12.404331606152198
12.933502346472526
-13.932852025968234
19.94605797816973
-9.201248070658217
-11.4354672552997
-0.37558629226319695
15.494849593186476
-1.132672404063828
14.15373010117689
-7.170518560155128
-17.111719591063252
-12.768437695783597
8.093268051837592
5.955288850621847
13.65242509633024
9.66630560021156
5.614985553797069
-16.49693042702193
11.086559613029863
10.234124026014921
-13.653584661472863
13.326855663000966
-11.29917982972406
-15.58713548965069
-4.373438586958867
13.75488410340548
-4.592346172752739
8.028227446465186
-18.124618205566833
6.789270748286582
-11.461419276820802
-10.695837148675738
-17.349114426691308
-16.353037187059655
15.60826963045297
14.953863385524953
-10.304240637914766
-16.40898163976894
6.61847799147945
19.41787547502357
9.813779987063835
8.324377214136573
-3.9798763174207608
11.682779112713234
-10.69395781751524
-0.32329347000830566
17.769512286974205
-1.826865248638736
-10.794517463457298
5.969146870452571
-19.21679741513774
4.858969763365657
-9.479103799957848
11.556363649514584
-17.840493963256698
-13.353407843434347
12.112866499694857
6.335276593496841
12.921177160448982
16.7215423863665
9.83516382854608
1.7951936029678306
-15.706883421944756
0.8421903153608845
13.33632578373258
-0.4551185415164172
1.480392268609867
-18.76902397361439
-1.3143618155306092
16.329259080825477
-7.510985969343125
-17.10754673261167
-2.9699972499270944
10.524769589417753
-8.280113230696863
-17.426092074040085
-16.740033629573333
13.99528823651992
12.001231285842957
-5.032969358695252
19.498334942764842
-2.348315088780484
-14.395307844582991
15.128398652529103
16.281290853729743
8.891864722327142
-2.020524328898423
-16.12848591915003
15.297044430774216
-7.1572152551250445
-14.457063902733722
16.859173267969638
-17.506725405776308
-9.244528586401577
-17.288018165057814
-8.122332830286023
-17.054265713532494
-8.991459636264146
-5.281972289524899
8.73445835859108
-18.690697687893007
-9.122874215538918
16.640483749201096
9.832958117527584
-13.933578106577599
-8.959567531389002
