56.557608059345064
24.183680329612283
48.99976988377309
48.10267522690388
95.66130324110739
8.652934244726076
70.8400179430526
19.746811070835683
77.9577590698032
7.779973836712282
7.133568903045991
87.08011701315989
24.68850688151834
9.91143060910434
66.02299950198785
92.64257028749896
63.47833462612344
40.89201400795001
31.77529541576421
57.168912442273665
18.755090915267974
97.7002381159803
42.2950573847995
53.036431813891596
8.582438982108641
56.094130406720275
92.2955022588268
55.46717693675506
58.86928673582863
2.4746555170923776
66.94000882973499
92.41786593953249
58.736963797344
26.486504915205348
49.25003817799788
75.46016398918057
15.945895746380362
56.07944350714688
49.49155749912157
1.9124198016146197
36.52825520053732
84.55999766577149
30.81896244163347
96.87173594549033
85.81675554559486
37.54804456383314
16.908507174805617
37.17927319253107
73.78144375127046
7.420773184086396
22.96587330574193
7.780751214370661
17.06487780812283
80.41673415443839
28.619422290622325
78.99225857280234
73.68134447990292
13.889520221462167
23.234776949783942
88.28224540643713
57.07576618566193
87.9597445964183
67.77178988012474
44.52032164653133
51.8114257931829
51.62699067529877
34.54554900704907
58.803358018494
80.68377817615303
62.907575210545005
60.077380915313526
95.22598046852086
68.3152286902325
6.957164568981361
39.33373133749629
71.85419312338644
14.813614781710292
46.94685652398342
13.342649746427341
97.97680392055533
13.498456406768243
56.9296780494474
82.32385293926369
12.442643442931244
76.84308143223443
18.769365744769928
88.80471967016504
28.490518922914664
32.75473744476348
99.5711387559775
39.91382109227393
33.01934221020209
66.55573223519568
98.44528525368617
42.53206604906009
29.596804780591974
82.04402379255333
73.34021241120395
93.30367509599145
33.5872330440738
43.78417647571522
57.16982660536633
17.158704918057023
76.43452285898118
78.64834266936971
84.06924340339282
10.7788026898354
18.605317411121206
39.492916425429485
55.98729722149949
54.14276753913367
39.15071913191933
5.1124588684405605
36.69323031792077
85.06627112178715
74.81547423411281
83.18732480573355
15.45926246120555
17.00288258631228
19.688287801942014
78.41798364943436
22.567233767576067
88.95893828989927
42.530064315187836
3.6324614997677527
7.144107965212104
39.504582348395445
43.7159164205457
91.56011293529673
11.52611407930831
33.41308216753883
51.26348826259394
20.41307439053444
12.713567416027884
85.72235354298822
89.22489025849814
49.004458826091586
34.244807443767186
52.26016725893078
17.88977287824057
60.7237143817957
24.1181071845637
65.1683663486141
74.16369347665797
75.25605328549894
91.73301708543926
73.11330661693378
98.89098671548184
79.61675640483915
83.86450276684823
14.029234969220981
87.30842652135335
69.25910974879183
6.784667614194143
83.45576915875374
92.40553974719646
10.592004417559716
5.010133162661223
8.372978073502166
79.72514875635345
31.29707664995333
62.11219380423003
52.86521529780946
42.491197218051376
38.86548439093363
52.608618097573
8.231788133085114
91.05768849582975
74.97991229752638
70.73930191031252
38.91597060474416
48.05603656314136
46.75001669000253
6.9106546825069
86.86420422952953
29.62460539850044
18.119563570434003
74.2263158709083
70.34117299092938
32.41573228140871
49.15943919959621
94.01424346687317
3.851583262138739
29.251404843981845
11.836580830394704
41.38636870347219
39.972992441202855
9.832851943279081
71.33520822581309
97.77498371074111
80.34982416744464
89.40748118045877
41.967666360007726
72.709852127336
96.14434820458301
50.869889695709475
23.537797859970947
87.90794119657448
54.17016632186951
68.59540996004606
74.91023682471203
7.633843548172589
22.344718770579874
39.401796202316525
14.397611176270972
19.89138509113592
15.26834551522456
45.06715173261908
32.836510623514116
36.817635320635546
6.471726344440357
62.11444297721218
54.10816447987311
93.61378414734128
56.79316053666211
72.04429919297293
28.61586162736398
11.37426561187449
80.51222089360903
52.14406549858505
45.164829231903234
72.77516502331054
86.2346791476064
87.84660970215009
51.90277895411167
27.81488145381606
59.87837528357579
86.08834286865616
3.1925360448706397
40.84984622381476
59.910980287190476
16.365394742909242
39.47767488073218
47.975614232699435
13.472715771608673
89.9923251230525
77.35557153996898
58.42900204021455
8.952154920479066
92.73177914436137
30.163928214727715
12.806040075024061
57.49649359988338
29.524541003095447
93.28724741224292
39.29724078036755
67.41831743835274
65.53715203979735
6.637039015461035
7.037978623409598
33.459477463009684
7.2956056997761625
50.237420396737434
68.13055926382724
65.29347499392658
94.57677649666341
23.51744126676857
48.975572909057185
21.235685538156858
89.9221750365638
36.01652646276356
51.540820444931335
45.17285811475485
86.04110201460891
14.250536250366151
25.974776748146077
16.10990512695118
84.72176520593644
8.728549720674721
6.574207173656531
86.31967784006457
94.92706361872723
45.39221264181253
76.66063565672171
92.6283265615837
62.44898895962651
63.8575020353744
11.94532432496922
89.53561207681717
62.73304012592337
41.45390450103908
6.302149698858962
50.64850584754591
58.549792236639156
4.624521048997832
46.518144784412115
42.14054986229567
39.430237542540496
2.1373196762558533
80.78222070840894
92.44541279378089
36.505461606714384
43.820058392547665
65.3434431142658
58.065813717932045
44.89210206781267
56.22141171544993
27.001846311041522
72.78146010986437
14.568160638988566
95.62243301205368
81.65241157971113
86.50228031472135
74.21643904760698
18.37994178100915
61.35325536590578
33.859311402488046
59.68710866807691
7.682147154084982
9.340445049645997
42.30337756335873
6.888772422021142
74.215227397683
18.268222526610398
29.425440833652708
16.613815706720512
26.88294362177421
56.4691334949608
30.121675617136923
34.62313621941803
90.83988967270106
70.17478468943268
66.93679128869331
90.95311643444397
5.846900032944426
5.595639082662697
12.55195951276824
6.2161607609061305
30.72454108177172
63.45204688973621
58.96918461976162
59.31807237786654
60.515256396157135
31.780907363192533
2.0217160781311465
58.31975353651034
94.16083496106717
88.37491377569195
29.906131374121006
87.73056311962556
81.68976305580605
20.503068304555374
71.1849737375189
52.51999473856022
18.557059936385873
53.592962224773515
60.386356586776806
99.05424630773335
78.79097629108362
94.3318871840409
19.07273611746869
53.1901323557894
30.698296510415222
57.511825550044435
80.01016704985348
57.214518984737815
64.84069829510476
38.085946869312934
36.240859944210754
78.46614396013905
72.91032530464354
66.53201066460662
69.87071293935104
45.96585099017579
84.9245161770601
89.38694564705511
13.792308550770825
67.37287465284686
44.239894096866585
85.32437387477258
28.877408395757254
19.294458928604
37.45533428381752
92.25018503172608
25.803415300673397
18.40717735221719
20.133900331503412
19.59421591098981
99.94987625003553
92.93802167296137
41.56988315218689
87.10356640724048
25.659503333755307
45.789086351849626
22.124453022465183
41.87091171472509
89.54114805671311
34.67503730857425
27.305256673531037
96.90110366066962
9.776705353892003
61.02565480480953
73.90053742899893
41.4150362078848
65.38820438689477
92.36809949873054
9.635456597252592
50.77941814277658
39.072085491179955
89.27670255591404
77.27975977586733
6.408359442567309
65.08189914044883
6.671367320936751
47.9348014986977
65.37176960982416
61.08753853520888
15.436158509036343
60.53787633895967
21.99207880459553
93.81639594857016
86.5815567170241
82.29918707730128
2.855578544185511
27.782395636536425
16.808086036763317
22.210481485172515
69.39708945205616
92.36936307818515
43.58637132140893
90.5486170041521
16.640584992024475
79.52839265552085
94.07390132255091
98.134609082352
8.593111735699846
58.85300614861564
60.172866300927275
21.129297797390937
67.15987826082846
57.25184384796791
30.008306613657354
42.68872119045293
44.673171318624924
77.20837491326112
32.98022793963413
60.991217302637544
32.46116263613308
31.37883208818563
99.36598018512728
95.92527578182452
37.048081484797
55.43157920926934
28.411751297700807
9.619568064272642
69.78534830675008
21.366681088540584
79.1491887932453
19.903740544764183
84.80574765382363
23.794943002204437
84.72378095818058
26.8448526854913
58.73433434540552
84.84811246368525
50.90678748445847
74.25889448349209
63.33769489082489
56.34728371485122
64.90321175988744
71.57264939044626
54.03519799487549
47.074268894985636
48.231772585838165
54.93440204976579
8.699853337211733
29.462594442453423
25.75622051140442
52.16547236490295
47.96608239148346
6.944785028473275
21.81065377581782
14.551690876241352
46.879217209562185
23.36885014691813
36.368768728813976
43.85216764648214
48.82838289961612
35.785960124100235
24.024622304528073
36.394700199353
92.64948306610933
46.835490532440055
37.07368476214877
89.66331786834357
68.84652308141538
17.144547942055098
3.21165665751661
47.38705230801549
88.92736093667774
45.24307966775799
46.56703268721206
85.84281435685371
76.52062984568524
90.43247076304175
76.6836523068446
18.13366937404961
66.81509208404363
14.242000099700535
26.174774131562835
65.47525868869984
3.977610592754228
10.42117050491562
70.41608597924179
80.53242889698339
94.61393375967286
8.081866653941367
82.18398427586988
72.79705467023932
70.50814768105684
12.62769513624311
49.17066379498712
56.039687025499894
67.30935908337646
47.4992075757317
98.67970637769825
66.26245771145416
52.76178765983193
19.799702217803272
8.900258801359913
87.20622973926696
14.814396931322841
53.66135766821374
18.35480765385756
23.23558222546468
57.51745527304876
88.5930578877133
19.714665525249544
83.6958171128417
22.705438841775234
43.85945451801689
23.910098704410558
7.194485520111226
27.335441583240485
3.8986716080961696
3.1974159506954933
31.94242347740378
5.241622245536891
57.50973237043929
73.51665735435364
14.279718271516812
43.88330882672077
79.44068969973702
57.20963825863266
18.01943695082667
89.9348548030163
68.74222549989716
37.39694970394797
19.052740195109532
72.38612147336354
39.20784837744171
57.04468417071344
81.88631567125738
4.343008256886022
31.862567292905812
33.48562986825085
64.43510861251856
3.2715452715489794
14.260248045492407
62.664372727936616
86.61847379491542
86.0131451919396
7.641657168000208
22.14937868186956
73.09593852234288
77.91063638487735
60.437047944881236
56.53396283615297
9.42188403684338
69.88988048342931
92.1667954286199
1.92229419462242
78.46007805693597
41.27436351827182
89.44486659730904
9.80029101523129
86.75070662361726
58.74445602451926
41.894690198197075
13.861878309576957
35.34585650661788
45.557522763413395
80.30381281756524
90.94724604415832
67.59102362274238
43.63215047402311
38.57785844927141
74.78936219119998
18.719170130957306
98.98517836324241
18.478093435810063
86.28428035722546
32.15958179115098
72.60466581368524
13.838131487341752
13.556808417189478
56.07186819758127
5.635408709835171
40.15648424270584
62.544347843375064
42.04099103668716
63.87409951532252
62.614176203508855
11.089397465126355
12.818366295071078
47.577223802159374
78.23645960147694
59.6890652155781
87.76560591196404
91.89943987104414
83.98779682558906
37.92199907044744
6.5348707950173575
70.02452692844709
38.01871084366389
44.527719913112
60.02781955283396
61.197175607654074
57.186814646929925
59.33578562213567
41.40842314738137
38.96307782104642
67.01096688831558
71.73261126926998
21.37800669866849
2.758689502495233
24.408726939433503
98.61208882553814
87.88941058775896
28.292733133459137
94.74981892334488
45.274703993582285
34.87629963835564
60.05127349992409
83.56834338697253
21.413970041860775
83.13600827425854
2.286717987605276
84.18879562711894
12.720499463874535
64.28272374860359
5.079564976732553
47.95037065949143
86.75558928042945
12.186448533667752
85.13939081786438
3.6691237769912814
63.59666164358161
61.297746076009126
93.32615136167088
79.04603923640745
43.039852013741736
18.703882379480966
9.734521353949319
6.6287308196648
20.163351035381833
34.59442623913874
26.925820686078275
55.660298705056846
96.44909968473371
3.282770953996978
54.58697683468171
95.60530369216563
45.916161602136974
58.61762638605841
80.28071434575018
35.579556944903814
79.89566673252386
85.85668186368433
60.72911096136236
68.47130609060905
12.043944331400118
24.55639847531349
45.260418722840654
28.395139348009497
77.90113237003533
14.634836561670006
9.211875572835146
21.41357166716517
57.79235097751111
43.11612858809257
32.31255840536554
42.483052752450504
84.35140952062422
5.21570522968235
61.9336921412419
73.96509177491183
32.556613616521055
87.30568887619773
51.8858778977138
18.462620645948277
99.28773434078765
73.40955731802295
74.10044710800666
28.65384629609496
83.21259294072263
50.92103381211683
53.59686684070552
44.148520628156355
53.118748850644266
39.3439999632628
75.7899315065357
98.24003880789648
81.05468744971014
12.761837270289671
32.92776731536961
13.760901540686655
8.692420359162908
24.168352151296872
50.99355773348848
99.40403352845935
15.01101997310393
23.512791677775862
66.33750458300075
91.0225847155878
58.92864539747519
36.287266329026366
39.705612333094656
33.29454494312612
26.804455817122385
12.611309957664195
2.374050989110376
81.3043649444737
10.144870066424808
28.63112137210428
12.137862837264784
26.136170047346734
32.91447328115996
29.382595920471452
44.39355489195405
35.933169613519915
76.74485648785577
21.932189405432307
2.466795175691698
96.05686805750167
12.870551845950326
77.98953363083082
88.83627085256632
57.90016613575558
66.09656723200864
92.94077720716508
54.46602485207181
60.288772602321075
79.00803109662088
33.51456215969877
74.80736301610415
46.41085212807275
48.362592573845106
11.51782249432891
98.84420342670857
7.115675043712088
53.50686961961698
50.769518824338775
12.682374951930427
89.69488458270882
81.24724495249797
39.084487013908934
52.37415147006561
36.11291616225171
27.66947868766522
39.936352291040926
11.793989922661032
91.2007256846408
2.441511679762428
4.568114986000303
13.008074636389303
38.675850363213975
10.334510311134018
46.99556165695043
5.3365002388271305
42.059376425019686
82.76759567638045
7.266989333891994
35.90020069019988
98.1853175678368
33.198076857580325
52.805119376980045
14.279508366043425
22.230195378131654
39.886487372452336
77.4080971264799
88.06584526457286
23.121834155514804
68.29988141168018
52.90019050558619
75.08916040325691
32.55365228328236
38.542576635527155
73.5343301753033
36.168694501630384
80.30402669843708
71.46719420457833
94.80124997883031
51.1773733528638
91.59184645824416
87.38535402527768
75.55031323791079
15.814949249767254
11.518363172261662
24.523540720300677
78.13392552234315
4.698439274342299
31.25764389612359
43.3343910505127
27.909036732505562
69.43731158827259
8.600623148394282
94.61934467054682
4.157294509683409
70.71902651151476
5.52145470758593
88.40363851469488
68.0124520485584
54.919535357358896
96.7573177789768
26.478553839568086
7.71875519619086
69.82070335301273
63.92658190234383
81.6096225562445
58.36219365194987
33.645359019808836
52.35757188498992
56.61335499379884
80.71788544565004
96.02404943470148
18.467114674910654
66.71993253964436
31.702590341976435
11.148344382146812
31.294954246626034
69.00629282385549
94.98985126494976
65.59601442820265
90.6037828590718
19.52087728850654
99.83509677315344
53.36015559851032
71.19178915105527
49.267731104888135
59.9930596277064
94.89635945695031
27.729639363132318
6.284763533924786
68.83807003132138
92.70258129787258
30.943001856750357
4.72733052241839
31.59879111797592
90.92390621645438
38.33480124749312
63.11915134581408
20.114899685187456
6.528104008295121
47.36449786166961
58.03429311188803
49.29052841671045
68.7776808410261
67.37631356188538
73.44788765315487
46.905068527022706
87.88284638670356
17.562781510927504
45.824572987698716
25.379396465719157
25.761876635673456
70.18861285073994
47.994836417726766
21.916870691942645
10.360731410739394
19.550823038760523
91.11864905174077
28.700613883799186
43.86964621683428
23.547331719162084
27.007109157377485
62.91309256147521
41.688536907817515
67.5731912518018
37.07605811677449
20.821110956640844
58.57105552757444
40.3403435745115
65.380468297634
31.125038660406634
12.286814013967442
51.71052885794538
49.442760068833294
62.520412297241585
65.55629016548798
37.501155693182675
99.52317447619438
44.61179609801227
73.1204728476551
55.219372827042065
61.1883848030625
44.12878498164579
11.757315640887867
48.638705940372695
56.359570324065295
88.510783890424
74.72364689938763
49.74214116073873
41.519131886336424
63.17288948995157
35.782475681954836
61.792282768871544
4.2085521867764895
62.58596297784184
43.4679696183653
8.617733075133438
24.07023118553046
11.596801251470707
87.7723437123991
5.241167284145493
45.74793741852963
42.90717936237724
8.69858324336289
38.143540347929154
41.02558478549608
1.960606203955047
91.4510386915641
68.92515396449396
13.798514282168934
53.65633037794926
39.584897560051715
84.07828029488603
56.79740713644745
27.619927674202415
97.02964863510256
97.3573695720078
24.270905379947347
29.49755582920957
2.4833768998012506
9.121364920364494
17.102457155260712
4.604248748750175
27.36921965224564
96.77438238563295
90.22408493378708
19.620643142074755
4.655404112507118
75.20137426779233
9.783100326336077
39.613136643701445
19.621663499010307
44.158959716839426
57.64102602987879
4.482869801842289
42.66539325035047
72.67253521157669
24.721462413912768
31.892797612244724
11.01259588013343
34.48175658089942
7.504115665892021
70.0266012723139
30.473011998088857
96.68594603729044
94.9309986979915
11.088157907668322
59.1387064170061
12.368677489811576
5.648703845155706
14.121761253645868
94.70088213011026
32.2640071460165
54.97870071200052
89.44547536420932
33.07875797498784
69.42465450918169
50.739443788150794
26.767208770092303
2.4254212977272345
26.812534822945615
5.682327123030417
82.46840302327512
73.77173680209403
61.01232632444428
53.362527235925356
10.39539544657231
20.423108814019965
14.34339128400921
93.61664297356528
44.87734640309709
54.11955344214358
84.22039429572838
10.436933532295093
58.00439690718435
9.073940763118484
31.54830719781499
40.361206308244896
90.27756095870923
61.9006260574235
66.67456915303133
42.95101156857396
84.87039368070347
62.55433430317613
68.86694849703092
23.5323773032708
98.5538368167945
44.51721062027562
38.366651915289054
3.1504521575492865
15.138236223656937
14.62858601945348
33.18764411787288
2.6705510031040047
35.272376609315806
47.52212296175392
81.78102910950278
90.21342833463528
25.152663723085823
30.947273173184712
97.47267507064284
20.51402020065487
21.45811341729382
7.690166620015756
73.80676149618687
93.1494158518658
83.03368870924461
66.40263880558588
59.85850776058892
69.29848466246047
95.49569916974367
50.24139644874704
90.33255591734586
11.709939571199786
83.20192041538154
59.57454497260281
20.745397905791826
2.452305920281279
12.578529643002467
78.55092537714289
79.87893587204984
16.7656913796526
79.80310488298808
65.9891724873945
37.58466838927629
43.15879000195909
12.163175012058845
52.3212955778225
93.55280132813745
66.9084305882902
68.8331128857799
82.00702187840284
46.858725456611886
69.33535574594333
51.057331365850224
36.26864248794827
82.5393892339019
28.346588225445686
70.89498008037667
62.09527561014486
84.69032645950475
87.15562370721156
30.24032930838795
47.53877020974169
69.8162263667227
3.473665197109612
7.682803180193825
81.64668861269644
53.06355304903541
57.50266709497184
65.38299257418643
59.96837489852613
92.40858024381855
21.111550246331884
78.66326477544749
26.843050934711982
29.810811993109642
37.17138339737591
25.774573318779673
29.178603241417285
69.34661074642509
23.623527966798722
96.3108135769322
6.633757217251934
61.63857754556849
20.089066148937906
64.63874203162173
5.143366617696832
31.952356579070933
11.65896264566626
1.9699278371142381
70.92505709492588
88.7993738660123
95.04494405355952
47.45370699554945
4.174199773526466
54.95186783587112
29.237018450196665
47.445271737513295
16.064701056881642
26.340750051517436
73.77388548840828
28.448887858833587
86.57333899357647
99.89517803664883
53.5036443381218
50.065514696843785
53.52876832371359
91.46248342209007
49.09190035875144
47.61629030169324
82.25868564626369
92.90373833106992
32.22865609875404
7.409051706303422
40.471796729431894
6.8592225242741405
77.71411410503741
54.21960375156511
78.43340614507325
24.404632902746155
97.75327345992439
97.2320444186111
45.68714001982582
57.935882932490415
31.159084233038413
79.42819232340788
99.28000768659206
28.991512891037363
30.92543668797282
32.60718594743162
77.48328093051883
80.35738322332124
68.82171450271274
64.60243168624878
31.3769105926754
50.27082344314619
14.931953152037122
36.77942929829947
97.75820398975618
61.99994141499138
8.579005134583735
80.5545672209854
11.945369006246647
89.27073812635923
8.433968336752923
98.03519645611128
59.67397342853877
65.78804464736143
31.49063402573551
37.222615507267264
61.57387210027897
78.69484311830799
54.98942232297407
53.49731347965457
72.91157287818578
85.50825436578432
92.5538877160891
76.4587239937273
61.33915908620593
21.596610020521997
5.494998289381374
37.43096224442408
86.51765205522419
47.70984703192068
25.568131000034953
72.65655018258006
20.173688404090328
88.53276628991303
94.66768221609868
49.85382877619326
87.01362963361112
2.108366941753749
94.04648895727556
26.03780283838453
63.08560396306863
57.24397184360071
51.49070168327011
88.32620553595723
63.65752241260068
97.03599008150043
59.94736620895591
37.725681313603594
67.0625158044326
31.223007695164274
4.193086221628764
56.0927166351501
78.93040086455036
51.83561085329056
67.36262753139513
46.85138997920022
25.313823465960617
18.268546856181946
98.14958588316695
13.18483755712691
8.513812737031962
52.755012787216124
73.89280569700556
43.67725516333699
12.103340331459924
55.126864996182356
92.90429325743868
89.68532590816892
2.412412417854944
99.51775365798852
82.44469043952755
63.68556291759429
11.617535701314138
59.889409214615505
78.2864917010061
39.43793376082637
93.9191700424908
92.49610177642788
5.067584432447036
99.37850798737185
49.6055812520801
13.137811026229281
69.23422217394723
85.8845381642921
75.34723825148757
76.17288839676111
14.323699184901741
75.1963986479541
74.5073217442855
16.74085207410484
90.96610691494615
99.0955701084917
97.23052736366853
72.1879941166924
3.833915733976531
56.261802838994136
13.34512721920673
12.989511383646093
15.004508352920233
95.90357860125074
8.183930855843716
82.73945666963868
71.0274346203996
13.232613773795993
50.43897105659816
6.973850979119497
2.6087004899137773
75.23279106695757
49.97552342618532
13.109225478974153
31.718802697791396
31.46905112553504
8.698568544646095
53.46299368157591
60.58809227830191
52.67478522864839
93.02329983162107
83.61233888550859
6.717743490485624
65.17837231372674
74.34499207769957
78.5118837772726
70.41017082135181
71.36770602365458
27.05588786064002
93.82167671095586
69.49203848218974
26.82548060760096
55.34828032863691
30.6762917759664
26.83746952086603
92.12545309005084
15.447483148724995
4.11994648482414
93.58025664427332
52.75764809270303
22.012697073128205
96.29724174122082
72.62862069358614
95.10947199429401
30.474786775381673
67.55579589821996
22.231175868449352
28.726262254721522
23.57855506371316
39.626558644345266
33.66706634193864
80.42232049432592
92.5922756649488
75.24040428506494
85.96476405659901
46.53816992259603
88.07979192711753
38.9177131096863
55.136063990921045
84.07583194321543
88.42927240361307
93.50449197269336
80.46613547776016
57.10845714616993
79.12128038414627
67.589272446582
36.35344458031971
53.740879633191454
50.20456421912606
95.77478685597787
82.7838613927584
90.64550572509985
11.30747896104661
14.51647300012411
17.392507891453754
67.37115578103534
31.946517371688575
24.07122338502161
51.2204859089323
84.69800055274187
83.16577594033697
61.420517671702456
65.39215533676602
39.7415583570819
19.08721078731038
7.638228451769479
71.77032541070173
62.03493201508283
3.3325084770775417
52.34410267274291
3.4240186829154546
82.59249321268169
79.54810741574558
68.10680019774425
62.00105900361515
46.27133468613356
61.174085202549634
84.95085731892901
13.30674330237762
60.764091033769866
56.05624659518098
97.4397614894394
67.24543731973671
54.17940614239785
94.11392646363957
9.181801152890255
78.07003702199212
9.264367468542238
75.76549733712713
58.42573206745246
19.662660966052005
6.462116484353735
38.74013796589845
77.61625394580088
79.20643830225796
89.33213314630049
51.09432921741736
10.237395643018155
26.21880780164554
73.7100673889125
22.802241952824403
14.793760209909134
51.530084868714304
15.871348623474194
44.699465929459826
93.20939043292299
10.552108718870196
66.5076041106701
37.24184041082333
12.859291696091915
10.546198333630201
73.47854491125476
54.424687044120205
27.879189884296423
84.67616315993753
11.572016931249218
24.305721030541186
8.842394504469636
85.69286425846376
11.693358514838478
2.3088486908259274
33.042832742017026
94.37393375118897
67.23810820813229
72.44599079784943
30.89172246352527
46.99161570146222
94.46912428624361
80.665378377629
4.756625476843388
16.45467544646456
4.090934453788698
21.06038246388581
5.253836039624619
35.99707301742218
50.96719929807661
36.329391210912796
5.296545407476654
7.452042859019504
40.42012385383519
1.930028641206984
79.2356878200732
7.107780065154221
11.882217287042348
96.21716140009075
24.101803204041204
36.98143242981232
37.81856330933671
36.425422735580874
14.397194302993729
62.71898776095104
52.141555392320704
20.342578536086048
12.640445000052638
12.410490499293717
38.76638942832919
25.04867896935053
18.234327516764953
5.319789597214252
3.2174992720143014
93.01921953623796
51.53852470139157
22.704105281774634
57.73589021045569
83.26816397027106
22.308456699746205
72.07654026264395
78.50408633237085
35.156764076608574
15.763298268988368
44.81824514007904
10.237767650926841
85.31476277753204
5.904995241706619
44.3939942076549
54.899776546264604
99.34728093747039
3.1195199389308286
27.5841326981481
93.49851913806663
21.705750921554362
25.227924618292505
76.26083098729984
66.5075629751948
28.852858551715695
52.41999285481447
45.427465601494745
12.945271044602032
41.69433203385029
61.21023406524793
6.53554599969586
13.44569636001764
86.4264575990175
53.330581611676905
77.04370960785488
78.59178043378428
27.67841935478378
19.205578014672298
62.49287204141604
96.87199901607528
29.98464164116647
11.667740875857648
59.858332415511306
29.279506918461603
31.70120860668573
12.790765436184001
89.51596291804105
39.25632746412375
54.119004407466036
93.11469596031945
58.21252806966452
24.78079150339281
38.34153675187051
48.68653386040375
54.81889201925538
63.34769180712375
26.135178075991774
65.58946792381094
74.75280561072526
11.224525091533833
78.74102727566056
67.37534421046506
73.34400077299762
15.426139394430335
28.368546855324315
53.70578562212554
9.14049721120838
41.60142051066194
24.612909792115275
76.34306908829933
86.18172152646524
14.812268289551945
83.3788586923638
70.44357271405173
88.84887092847788
22.775696818489518
44.271900013562934
71.05039585861279
57.290763548612674
26.042493740460873
87.10171257584254
31.833820708028767
11.75086877123993
86.85137506442008
7.71359534107111
54.2572250453804
42.48986761361395
16.29457085804212
6.780178866945501
59.497310101521414
91.75939711309265
73.40430183489013
64.73369042769686
92.50735212122446
83.03824929362636
7.643972124200866
57.437046495397055
37.685923686851545
83.1141798115699
43.72634404036361
21.031536876350035
28.189946164965235
33.29430355461299
44.466191254385926
47.276184133522065
83.51195911458187
95.97191041750592
38.83383004079902
70.00039963489331
81.71580296098443
50.93006515663836
78.26986928819962
23.734139470233927
7.0568830531225215
99.48415746777086
17.678012593655087
6.726490063244735
78.17218800451201
70.13519716260018
38.98602067644657
68.85043373869391
86.94739373649627
40.150993517664666
21.089382353356307
61.17452540834213
86.82556727885093
7.6326167864064525
93.12633277059383
27.447453016297914
33.054570522171176
34.22593840437359
97.83352380731877
4.902138715790765
27.50426254647568
74.7192514371097
52.96353983006033
50.68970097083715
96.17315071059768
16.9391566503947
69.84616785204679
23.093609784336874
69.1402857990178
51.15362603086608
67.24669317370478
98.27549562749198
68.87935085261341
76.28201679333817
7.500136719933993
62.28728144957386
44.242973826092516
30.62677997888584
41.36464622633096
74.97408710128248
82.88500439913098
87.1651902565992
85.82557039028305
76.52430327389516
61.62236583503896
35.746622521897535
20.85630036424472
23.39625312539847
12.132251252386427
59.55202594614816
4.411754510493648
80.22462057055677
87.91613719828297
78.94313718896831
30.858059960821745
43.79750735063016
66.17555912688725
29.206147237343004
66.3259314811225
20.26066622377344
3.3619219716635964
82.22235393361944
97.76793456013728
67.63652504836257
28.21488297661873
47.95673291260732
91.04607894395924
10.477022497987484
97.6664016179018
30.730504849235373
79.45674745974691
30.974542226572474
69.80729533693703
27.60839691806689
81.52054171517922
39.149812203988
26.34289774141384
59.24608157775133
39.715229002995365
50.40672525175919
5.976833359132926
10.435909469263498
86.78241316463584
62.60710794364378
3.6741199244609906
76.40472142350819
85.8536613915438
15.606672565685445
71.54055764249387
46.286606048254775
56.419028404978874
97.97364821794305
6.197062194045788
11.663448606377122
67.55910051081314
19.052737858525635
59.86823190676808
62.15186405331367
18.90827305701531
82.40595690428779
7.435038707098215
39.867609888004836
8.227296689791492
32.54723274391676
87.19145078224423
74.0891950419625
51.34182215070603
15.191387832843544
74.11781007374935
7.160773339805351
5.760989771015512
93.61136888609784
85.14944885365276
22.721319137400613
92.03644571831758
86.90121537393331
31.149019421135986
68.05677041367156
50.35214442567014
69.8959631783859
92.90244682134124
76.27238590678522
37.57502787966136
31.265363422947633
28.546971962675936
69.79098985986148
63.3535806712772
70.07045755440042
92.69935676874536
46.12836594160267
21.724306159544565
49.08530116699928
13.18976939032232
11.164593846685374
81.37528295259852
17.97631212223384
33.819147572037025
51.74407950399187
46.119306093075984
16.747864019521124
66.85774643547623
8.460776667117733
64.00807202393187
71.52577721998317
71.21976597777119
5.295753346992357
98.40229286325618
82.46917698805429
53.10178202598725
94.21671586369682
30.34240811206082
78.03554874658413
38.39729322457528
92.95385360718267
73.37639887229513
60.718883666295625
86.91983954090662
85.68454136238046
67.19386413565292
47.592453527591935
32.23868054161609
39.36526589925167
72.33628150099211
81.27713022343063
44.87765432607314
55.79482342669814
58.173394286000004
26.47289653499512
7.685496845698344
1.8160309026605
78.90843098097518
68.83587858807508
42.4560737369042
48.66853804327375
76.76359562249169
80.10216155150835
18.45362096993414
76.78579419015017
19.01023185919167
60.894785515251506
52.3475499908634
23.82943473115536
50.85046358949537
70.89299382844642
17.25308567169383
41.8127744031884
57.52422512350142
78.77883809507972
92.36456168096144
73.56670041884901
15.406465450390646
48.509395528159125
32.85693022747257
63.38185767617933
18.48496270066897
76.9634251721352
4.440734905934167
24.3433860942075
27.23866900913846
53.96410847435645
52.27488659283134
58.29122558310257
4.828678573994318
23.44254018553088
43.519776026664104
64.86206788257968
33.45314055526632
46.57600755405296
23.578941521120587
26.723919683650934
65.77046039355895
54.82358179239336
32.866597945068236
99.76173327512853
55.88095995370646
93.55280892964629
63.05447865211304
30.608677029044014
97.59071977600482
49.953796467652985
76.67171866039138
86.43884842198435
33.37879358119573
56.18175380348254
59.23772016855764
64.18045187983476
87.72879167726205
79.64877460143121
4.942300337701428
44.83920694205964
37.52464592603441
69.13160004854959
41.00304698136553
86.67548778369866
32.03162522676915
80.68668055527694
38.181364288512356
91.36439859643683
99.80363436310861
95.58625090570638
94.59884123863719
98.07580155884966
96.82244454860358
70.47949734320096
31.04181861316609
48.09334325778057
23.51782612266091
11.66389411724656
10.504242174192342
83.29981666381369
65.2890297446295
45.677540918095964
33.66972245845412
84.73243525993603
72.56632146741435
16.411238078072117
21.49004327538028
29.3005468309357
82.25694441764007
62.31611907477361
29.786636242268766
46.1689001094958
27.680688007240935
4.400271555209192
53.305340426318935
12.65214690832853
36.01577508065693
63.702109259071584
57.730902605412126
75.14721925758231
93.47293323387147
34.512359976574096
23.497654287924217
44.6869059784677
33.82255134430904
11.692286205197172
79.23586781633055
9.799164817405146
13.191715515043075
37.944771836175704
18.20045160749029
40.88653939328338
58.69626440836326
24.63287660485353
52.30893083963419
16.45018666919456
46.056080849068316
23.857821761079652
40.01106476765724
76.75538239944792
52.407207331705756
70.03559018849816
42.721910817684766
35.030886745121734
47.497869737508346
3.415054406469412
33.55050370655297
66.68654020913033
25.064980310739806
82.41221054931503
94.51862497220051
40.01663128587367
25.11232591309634
67.69502050093347
70.2801874302692
34.658837152083585
92.36151195129132
4.69107145112079
85.95486857749539
14.290877989270715
84.245918187853
9.387078787389502
32.86489854629669
40.18849978752682
60.58161749478701
98.46174241804059
23.898468844694378
94.9561107312447
3.8046614567010653
7.927339598977434
20.3484016998811
50.32170196475258
82.24358881621721
53.653070805818
53.70983998440536
86.38495250729436
3.333430925515574
98.31574025645946
83.6835351282311
67.21219863452785
48.77888733040889
52.54541155105105
96.81601353955664
83.970985989859
75.83589078610875
29.964788698734797
13.267115262947387
80.74393223455188
38.76553947498938
11.310457786059649
32.37600054307434
10.559176063554569
48.90824825810093
5.305886326625152
48.84094673054248
6.638363732077516
64.9639007865527
88.20907479815594
18.714213194886465
51.37601630354589
71.78071135784181
5.504961872691709
2.694500055538716
40.89231678285246
64.57429183442527
16.584257273393202
60.27311542812576
64.70196128716304
59.99389650720376
39.22593187675398
39.21484945477722
95.468335650053
29.589330915686233
40.43021126299959
94.52528862247242
47.09390729294149
17.904888028001707
84.33907046280345
16.162036146321743
33.6592713834508
46.96848917152217
99.20935572744129
8.30594516765491
68.88563061209635
14.607880311828376
11.726089107430667
61.99198588498231
66.74812573879116
58.58600515724347
37.57266393995657
29.723603868507354
32.56327323111759
95.19924149736867
17.55667066240807
98.13841407634474
68.28029779735049
99.84507288527277
73.98491152009522
7.82443746209222
83.9997712274224
16.890360998109628
17.986745430674794
12.036995768435652
10.515116942201765
29.928890372231027
40.90876916068223
86.66023063308974
12.99068392551587
56.89147146374784
93.49807947963036
94.71489999807547
22.162095779655342
54.3992750446128
97.41002800060677
76.80430804101543
95.95898582661032
11.69770506974677
26.084259399893067
38.34527269257011
13.630326847924243
34.15744581917317
98.19500488180779
80.04596393238477
43.24783410235225
83.4645933056909
36.744238970447064
84.6804198629912
26.310096622022073
76.68797400145397
56.2330508376022
41.91800932859049
37.51767564399512
7.867735227288243
74.534938404472
8.798593529596191
64.02986660972977
83.9639787219764
75.87987767181245
96.07762027198446
52.596508910988476
30.7829656159496
42.4582020867136
72.37799717052579
18.919457795972306
43.6423883784578
87.16015124007
50.38968381420351
97.07268362817841
60.235033765668035
16.600789942059325
24.564658003175442
83.57312759946674
65.84663641102011
70.88338696523674
54.16102869188233
74.6035705970778
64.59643055805333
83.04948453731414
76.27636963541
78.15447248056908
25.13479638588395
8.040968505501404
40.153427721756124
48.37366666165187
66.68622736358984
27.749850187648313
77.0140075678142
61.759989772461864
85.20383491229656
84.64862319537195
61.13843039351849
64.15581409061183
80.59051718996066
61.83322263456031
46.64727930501755
5.7295914868449485
23.2536971631733
76.91006241192615
93.458127509123
34.338071300316194
45.79120780777163
38.65248639465284
93.12440255993837
22.181448992785594
2.613979362254471
58.54650489754566
9.766396853075438
52.62584508724423
43.51105824549013
75.58963146673622
93.54387545568304
46.84889460860357
30.28464218263154
70.16326776866951
95.41203287319964
57.88622049931879
97.47021247958203
18.804918845101202
10.726867898270584
80.8523701235959
30.131829061873997
50.41805503865872
17.083779787184636
23.005444795563037
87.96674989035873
23.26385314286106
9.73610303503098
65.349775852898
15.004241551810122
73.62668187463548
96.44804871507905
65.13294813146118
81.09706703065534
60.631096627628615
49.10391102156019
29.8531493068247
56.006124575804385
77.4960578342767
82.22096699545637
71.0870718262406
44.82023765757516
22.734152739167165
97.19513068527229
75.87469750639887
75.01424554488105
85.27450869722264
12.552192658790943
96.12151935506041
20.752067809090633
86.0295669263304
48.148717036938905
51.038574950937026
78.6248932823166
26.360903803293695
55.489381209067126
76.55246991138203
73.26338958140681
68.73978524862484
43.9139376278921
64.13872754761988
16.00350548713854
31.603026264783548
51.73661095741457
35.86734197753582
40.78688612161295
22.55577870938621
11.255805391847947
62.020626875053814
77.06048788018867
97.50798506117258
91.29644394573407
18.524824266776555
41.17382834261691
51.47902390335717
14.31384219482901
86.11090816443313
22.5259858619031
89.11729303042925
83.51120624673403
44.231799396543515
10.01966364335232
73.73808816186754
45.84672794793734
38.58184410164523
58.34801295839864
25.25528241883159
16.241114894909092
46.628948768945065
68.35043644471627
49.442061825151164
87.35647341424533
31.359712349536867
12.408957773031887
79.07450019603593
90.05611630622683
35.584415365687704
53.22614415864157
39.92247202513961
12.817193145697587
50.47220267121892
20.16311247363059
97.22597440874826
34.12178699211215
17.54102780009134
9.766811165730859
18.4336149009417
7.374297883464127
58.60222304108018
17.281439498433457
35.264890280223334
33.31152060753012
29.47276340029843
59.363238706612535
80.47914173594324
51.53029712776875
90.1365059789285
19.843205322362998
7.673832327228868
41.1446699829449
15.772785025036109
7.675182047316461
19.611763150462018
37.04813396959888
12.957802133756175
51.20800230395561
51.92067873547689
66.26921906758261
64.73370996326798
12.631168023302767
36.6282526187017
35.082945637952605
98.51538157471295
34.44616348522106
61.72714412036147
68.59932716948516
40.98539198301693
99.07701766457285
11.311339595149297
36.01794185280369
92.60974161416551
17.21118279207247
37.24381682433744
75.3776826385593
51.93744554279587
43.75079300683692
96.47225894096547
21.92083186704405
66.20765617783185
41.459559793269534
85.44323271878889
71.22352671189267
88.8004161693385
25.380442931201195
3.590574158854767
37.95585589645053
8.447878115694824
53.911805781596335
99.71279141214026
12.783601124938091
75.73092493077124
5.892414013613126
22.81045654132254
99.97616901771926
42.873026563524114
24.49799690833108
25.987568762981446
53.46660329823187
31.317710316754333
49.00335102218585
24.859783486020582
41.45405369184875
25.988096070375605
74.25199029902849
23.778726575287475
6.59691638846902
18.83157894580366
45.152554518915764
31.79448843783916
95.53137391056542
8.71754258288556
90.30282792762272
22.109387567939308
35.564680570095554
97.02523750752427
91.70025532670144
87.26202032251085
66.1064969493659
59.3773524583653
10.265181179854949
38.98062476806521
87.10240893351907
31.39724450537858
93.33451747255405
23.349573976852692
67.6807483862177
74.47784805389485
10.030524187372468
59.79307387178179
79.79095982532846
43.114705579534366
15.391107644237906
26.416614184530193
71.50171180718888
73.53732840295422
37.023504087345124
38.80614676524999
81.69286221285836
82.51108551105305
41.697658308806076
14.514115031608261
61.9501830348586
17.569494410110284
42.48088996283775
53.10367187437063
45.126656193707376
71.38545530785684
50.962976915707976
53.09828306392864
84.40643666834818
90.27293071264205
78.70947522219156
86.57990597294723
26.408965707279496
99.891822830922
40.85567235903136
42.90020667722054
55.31970581029377
15.33159036525681
11.800552965545485
12.183118376205059
9.132068789967034
53.20836836941684
55.19388304857184
10.25133138354443
63.08240986880988
94.2081920503345
64.12154462824267
90.29535100703833
82.75256763924637
10.217069096885945
68.05462668847
21.744820829550434
15.625233181728158
39.96472973512676
39.13582464077893
47.45499925927465
96.97884033858709
34.4542982001979
65.95410781010533
28.257653783695268
58.19458438043267
44.482683989114584
29.42306362858302
40.41214762659026
56.42657863219304
93.03831359909123
3.356700359275632
12.753630863098563
57.53302232479851
38.044359320906416
28.96822541405462
5.234800569670074
49.1288464857202
7.5295420081751825
22.627654915851092
29.755024271892566
76.47876406617934
36.53761466627395
37.277349661855716
92.28332103321353
25.490668969422178
80.7970642936904
58.33259778034716
74.43787394203264
94.36337053196179
62.543866211492734
43.7966865825341
40.51307437472361
99.32453066630359
81.7330097697361
93.72466899297389
28.97878503667258
11.442436881233466
61.95879200993034
11.517409986148666
37.92154423050456
78.23373584582373
60.87098436841735
49.98490343791931
95.11071101292724
64.08766205755734
52.95445624583118
56.96941907810477
24.8579359499686
26.751110208638238
44.18982753603286
72.5716482745972
67.39208432985107
68.24226259509642
34.436266618115965
79.31805910900523
22.60448093741542
61.061887777292476
2.1528255424289457
90.76860459036851
28.10213570775818
97.27000060752219
96.4348304905893
60.40828823102417
58.7920868927665
32.32348514512837
8.511304943780218
4.828548173858408
26.358616642839
62.39202090821057
68.75113815458438
86.21554891766141
26.193540015829505
29.817705242973812
6.025794214909221
66.01746587115532
55.952892000671575
42.640312870781926
19.445827670123634
10.360671231749691
47.90425897775129
45.00834436662257
23.14916544034179
5.26614524288435
85.12165160189302
51.88739944106368
34.68363330006303
77.00076348326824
96.54699740635216
82.13721427749647
29.32037954471095
46.225023407128674
41.24193684783915
60.24367241396245
89.45502993411147
53.49390319597202
24.827076686437334
68.11828225188655
85.69762876451527
8.471672849901923
31.671758963401246
36.71388907402004
32.497390335995334
21.41012418315782
31.059671582365116
97.09738342208666
99.94907788226449
64.87811349087399
76.21037918196069
61.53938528119648
53.26424085209465
63.86877865448111
61.21269685436985
91.16242422333517
17.726091612116523
45.71103417665152
58.02213376265864
84.78315663221969
37.92976922879745
63.8918655245418
48.5904014829439
78.82915847741504
16.807440405979683
22.00332882290726
31.63659712461081
97.32718288587033
62.172156826916606
60.1114053751858
45.03513274938651
52.074486295620396
33.42593429241683
66.08775053102514
3.1816567365267425
92.43997067110631
37.206767064331544
82.09189147082162
13.96363922848009
81.82983883903219
31.023238004344705
31.09770664157945
14.117980360011504
5.901674666094068
74.35676724069138
62.01313515017671
78.4317236684047
61.806777597494666
31.1953086004242
74.1055887723808
2.3304958019912276
46.1482913092384
42.59916294368941
6.71168392176233
92.52158679226085
38.27301574577324
9.454518517490103
3.5635055703202836
70.62570604487605
83.73007178971093
37.35784879343886
35.87438486698096
2.3168526677596106
83.66177958685735
22.38700325801155
22.17526891388836
15.044392509564819
93.66374787527741
82.02160213185286
61.4667143869559
56.44473433846249
34.602558035386075
36.26977843122266
27.140762081658412
49.980942161397245
84.0747629654989
95.16080630322719
75.01450844592992
87.78116825735474
43.47908966908738
21.62442960337687
68.68692584971268
38.91165137405668
70.75094796007245
2.2996919378249236
16.862963627851965
65.0346520094039
19.18464259841628
24.368944625383588
20.53098959583564
90.15670567258115
23.68182824877875
68.21589282036862
55.56251827974906
87.53777015145661
92.43062208689533
78.5980303383941
12.917316442786136
21.08247904017371
29.693484232144893
37.47706832787076
61.09367990708226
84.3875108700088
61.33527730953956
74.01972487474984
4.51709190573943
82.75972609138461
59.42335796037482
87.86306923102445
53.76941793524245
18.15362293458492
13.842248324409221
3.6771952459965824
47.563796584765825
60.91451506106946
74.61767241566888
79.03345296355997
25.757733922957975
78.26029104997255
43.87434745754487
83.02072767985365
71.27237254329691
83.23431043046806
13.93800389673742
99.80349126756559
92.36278497315159
44.79547755698606
73.28698976315083
9.166180296227061
87.17614242434772
82.58753020972513
34.573430504120736
78.31122953787707
35.06710740461975
68.33415573742953
78.40248341664112
60.65553069912608
61.99401090547024
97.28408149541166
27.725712647281995
93.98477332722892
95.29708429327368
51.45521953570624
52.67739282264663
23.97709238458904
98.74999042980012
68.4858254370325
70.64615154838017
90.62921947260683
49.79099851375746
89.171615398988
3.5596566712823186
94.70872894490539
30.43568151673706
43.616740884345326
11.64706673138366
91.7821405480435
27.121142498433002
55.65902768017377
40.84405220597067
86.49004277486496
32.70313110882209
53.4662695044209
10.191529414722124
2.912755280530827
23.02134884534405
2.4776767820921677
24.69711536539095
78.25057336062382
95.21410111435348
18.87805379770441
16.79794591659233
54.15804837248365
56.769023233963246
26.645496203575995
99.59599009943007
38.40254043552769
67.57891168086343
43.529340911548815
71.25493490671573
75.86876306428238
12.022283896933374
89.40405898951995
95.03301400088633
21.345070323870058
6.327985134473198
97.82265618509986
24.887086621349503
24.2868566065755
19.927303441630542
40.625496977438615
80.9176197726412
99.99716015305435
26.985204632500587
15.139792535349672
83.85141031015618
79.14728926408367
41.209921944776184
6.40578180501758
60.889710720015735
94.27411491006046
10.768219648335466
42.75809988692209
25.791107949181686
39.84063100206673
36.79106837971047
39.60451356799194
60.910711091410285
86.19002317764402
35.147769197426385
60.16863503558119
56.96248230180487
6.6662713449058595
57.990746157163656
60.65855630379828
81.92895757062742
62.584840035284024
45.83486979399725
28.083169015249165
64.02737554224804
77.33915830424753
49.834770424427596
2.5861320972106467
95.01294177111251
23.524332713314532
40.301726415637106
38.75070124654585
11.938847826187184
87.56980482542095
92.50196030256582
7.6039800251777
45.48924058209786
33.24401033598807
26.466223851985845
75.82982193632424
4.472471389725324
33.61435422743196
87.68013388685087
49.37723091478464
57.47672324257072
37.934734617734534
47.31229721400862
32.366844383817536
25.342978635827134
30.521467906734216
66.28233175422304
55.66293027869995
61.341864202299924
23.829523395405626
99.72879066029127
56.748780397682715
62.425959002842255
66.63423974139478
72.11798453982351
22.938012636005457
70.19344017513515
70.04117899247545
44.346841009563335
89.41884746413885
52.96754076656202
5.242403414268101
2.1287307332116194
48.19894637605575
90.22178910467919
79.67907799386496
98.39843724014129
20.27048436929146
54.744130776068666
59.634047964897746
2.375297946737448
80.31197417319716
35.688544202350634
47.26366942783261
92.27941282235041
93.75672841123185
8.478705899063444
61.0269881232885
23.040255564225088
35.92256638847174
35.3285302955158
68.40339386281323
11.433488046273068
63.78778970425513
29.511250442250414
90.84280479549606
93.22449362830879
54.61480281632485
71.26271797864061
23.308879511392924
45.55875497143173
94.72426143393521
19.951537153253497
68.99986063340695
23.08853763125521
58.947488095937516
19.63659276084114
24.621807993576695
66.44316106900487
44.33209730760945
57.33501224014031
69.05926441218718
52.00573144929995
40.80469127531286
13.08852877116656
8.128345897470599
11.747905471450128
23.286371002582246
13.906366353762937
4.192414171599776
17.95869881457009
20.908315756010104
36.96136235569031
13.448336224743777
12.032417158341241
20.228581798362224
91.31267081438013
47.68525916277036
33.09422265600279
18.272024473380487
9.399694135478356
8.587228413802398
89.27986665288927
59.68380900591202
54.641492864273275
66.7741708746068
5.161814228802755
44.7822808812588
86.69144611555517
67.45612395122896
5.189268849272377
86.06689582468043
23.217196181349284
88.7681004349689
52.022626500979506
18.937347866997335
12.978471648747735
4.175005896494619
34.21648428561859
42.65503027583184
48.1384361181323
67.63933639064088
13.69120543994207
3.2964678891255326
71.52189945766561
69.18665118641108
47.415194246622434
73.22045017059288
49.90644270633442
11.653094973825073
42.236754040705826
74.28203769535241
30.29267223230978
77.59856198256841
26.30703339791726
16.371554843766475
83.97422106072388
87.76863564454166
48.017895096322604
71.4799209914351
44.69818577563025
34.973694311142985
1.8981183290676946
4.959828182171198
37.483233910721346
2.4609459341925772
90.60407480685508
41.66467050752866
81.10848696671215
18.185467909716333
31.65985663723583
87.03349761641412
29.72183174969318
85.9301273548405
57.44357135531123
63.80858913359246
55.19385228714249
7.994828374967151
19.761663581929948
92.95985890805804
88.12400909348762
74.8246056641831
53.35954027660258
84.31410133619919
38.99885030927307
2.800880282697276
8.772882564134237
24.432933006183262
58.32626925236398
97.94569574443719
77.76787722777297
71.2141020138013
68.49268457580102
92.22601849342286
96.07268577320755
35.50764933172028
68.364853978401
63.82503687871491
82.33926102208488
75.99380586713382
85.43936057878886
74.80138621083012
43.1582480597025
95.20808017455
35.54169450180015
52.254513097710536
8.113530384673835
37.06100156230209
15.427113813017113
94.66328070836835
37.12360793364643
47.79149015661729
66.66273703481926
60.05396535064481
58.969375058417235
74.87034585396157
64.16920296987637
47.19817711566062
72.32176683560391
35.811510953590805
34.96094986206914
50.72595169716116
33.891441607116185
17.841761839703235
35.81113450096204
86.88847888909979
90.01736959971414
93.5537732522948
74.94994614815835
89.95034603267828
4.805668595409775
36.64036967875475
75.52709995140876
18.983382066197933
42.53973547959598
83.75962224324878
94.12265525701375
56.504149125837465
54.71744951181324
68.98738226742586
67.9871982181039
59.19716213801179
36.78536838356403
18.92629928426
72.97091695483492
35.61414747577191
39.14626121709913
53.33420301265297
62.2500423886817
32.56672072794034
23.870529472764925
48.581005341009316
63.7297045147475
14.531713445747075
63.4877521610779
81.50898772322844
91.87300983806118
38.39026953666578
25.15149818285923
86.82619304281175
4.197388095791405
47.996592401593446
73.28158922324532
85.39842305496309
87.16313502694476
23.981560572299887
99.43008249141407
24.97771099959481
4.994665920658791
37.849168482825284
59.87704759487892
74.56517297971905
78.09955670231564
64.74752635312176
22.490631896040284
62.99440338315729
44.713164149858926
31.010929298078075
2.05418994121681
27.301409641227504
30.326432158945067
45.476394706235546
17.98425557172147
46.96789040810373
37.96444727503114
5.886500962939538
20.639168585556032
42.7809447311935
46.31683177915716
10.214195727281917
34.34759812909036
93.18322734896196
12.195439434158825
78.08400989823112
62.008503922791974
97.39584830374328
86.53218798071804
74.07271809588497
40.54405168800024
99.46007348176934
64.94936040404478
40.60365611245892
81.74668096747646
4.505176994108324
59.269347925312246
43.789063359394945
85.0503040701381
83.8115920809554
43.041043802413995
68.87000399521736
3.6667793173964958
43.930401209184545
24.739855101951523
97.92185489507263
59.18789855615395
74.69919342379912
85.12487882690556
85.32558966605295
37.611606196116234
18.596815219480497
27.253676502031116
89.85396996383696
69.19589759319038
75.26846513482572
76.8210946718262
49.41152779271754
29.361266985891962
68.11982927025034
52.39349110944902
78.60539330865777
70.4291087881366
98.29004948395541
65.73273939947775
54.90089592815809
18.52401859232444
59.289308347905504
22.871763522409005
16.20063759370394
57.30143317686031
29.85770091647352
22.494801688419763
55.239611011647746
58.64081113413098
90.41003830858513
89.96826436879064
56.174340193451194
66.39596921789958
8.000096378678293
71.29110971796038
99.78486100508513
28.160580402831528
28.83107506212742
98.38787909543886
34.760462142643206
75.52988464063395
67.67701695451998
83.14700291095602
86.02013241128401
50.0708468971986
87.3275350028111
83.8341177605619
36.52154704518296
86.39576335265521
44.94674295951038
90.87941990363657
63.31760589808738
61.5734629866209
40.334333663871035
98.76794257730909
24.341894200081185
64.59550911973999
28.063399383139018
89.72794972416904
66.99563286355425
63.96631884186315
28.41359518760265
29.048018860544044
81.842991286694
37.247421913230355
90.74865852772533
73.1175725389727
19.464836194139885
9.5941807259723
81.12513536713573
62.72149215436686
92.72330151303446
67.43827445511626
62.12634990562121
88.54799812143995
87.27022180792149
70.95884374480673
44.72405070006827
8.698065508898363
86.75297806375188
6.791714260399081
23.517499740128617
90.01086027990105
45.54439284055371
11.649936952834784
85.13857292541543
12.968436447322667
66.4570316385554
34.03369855077101
13.242668072620997
74.94054997683828
76.63854602683817
26.414179487501464
2.229460502204276
62.79763680834067
78.75756504094436
4.246775672949147
75.86080779253359
73.07508721610365
40.17831294589488
17.96504016445673
15.41649378104982
15.41426103761281
60.09148735392533
2.238670810438921
18.15225216082768
39.68164013051403
32.43355864724981
3.676685664699979
24.17385983827575
56.52001866527145
3.525299545723103
62.10376671561246
52.13229848789755
34.74325195006399
50.553315579685844
62.82676350250729
40.90284369954694
23.39817556521975
28.770507651121196
56.51608749397066
82.55979484490199
78.71610865415674
31.214867263069685
90.17326589764326
69.27904022600173
40.706633450812824
47.93310839305743
61.20466659632139
80.10915528436662
3.5706726178427646
70.56106420558605
91.25007778307776
8.948571229060652
57.686631695474446
71.0817470544511
71.18293371217308
86.56725881299724
87.96646876298429
80.2083682375646
25.36325043468397
26.199449371617973
88.21046214978989
67.91923797768206
51.86833179975096
12.064041662439386
15.064379222565016
41.967563734393714
73.10021705421681
58.67602814617889
93.32008747504345
91.88384180436933
34.84620776960829
98.95920086686006
8.567649277776514
69.79915387721547
71.07898982692946
74.2099828131306
86.74220968209794
63.34230381887791
84.65685587615815
84.7603582171701
12.674731368543473
63.22312613910075
54.50732242249818
50.09724881359418
31.469634318057253
45.121956119388365
82.98019855739047
5.500189355269862
34.29443625264924
45.2456738955818
47.34346965852239
59.5795077617065
7.887931501464048
54.164325163798175
72.55774142321737
44.22871908485389
62.8278771089703
11.120352534315394
67.26067994740191
74.32690552982174
69.98736159847026
9.784403600090295
63.87294001768536
28.573877791189364
52.92280627561376
57.49639336566575
89.55191547060025
90.48964851509977
66.16218922265713
57.89460212365635
36.688963856397876
8.494686058318717
21.02785953483749
45.63278680476123
77.42366222473899
50.26406726686622
98.79159731978406
64.71635694896356
97.22519061923273
70.02581459287659
23.684911960907403
53.52750242232886
89.56467497344227
49.8985518281264
3.229811222291125
25.426214714427772
71.88012658287884
62.90588179872843
37.9713018118237
62.760614258388365
16.81959918135367
20.921189413316245
92.00404332649543
48.917062773086315
79.04257133444803
99.8833551638876
42.862573717748155
5.986690779229761
21.35826190332459
39.00272752430003
66.91416185004762
26.898674603397552
59.36019302825433
48.63605094696239
48.78040440605347
63.295299960428224
17.583924026110125
43.103737502456504
39.36670337631142
11.079871004473151
11.703832723909075
78.63638582992732
69.44820771776757
93.6869880248152
80.09329748381953
56.44316675790757
3.632893014405861
44.44686137793972
73.87343832371968
65.82375992641335
70.86631655246656
45.970524651885206
29.33399365644025
13.919225527826534
20.600429041188804
50.230385295477134
69.75211709237557
28.87063333375418
61.71276868562344
82.14110204489906
61.8382924411029
24.86591052059265
66.75796146588736
65.99283099982945
88.11831469736774
14.518033040155718
41.24842705964969
96.66327494296188
24.836166139563076
31.607236104542906
70.06854272941875
23.690296661714633
13.248987093297682
93.30829180533455
92.05139580439027
68.3575786997924
14.86651995670879
47.41723670910213
64.4597201554971
45.921995802115006
93.70193153430196
17.48837592360542
16.71005961855194
5.617997051443571
64.06705360936373
35.56896632899425
76.77861512233676
31.532878321597096
92.22963363305884
72.8131372281166
99.90993698390888
69.35671123512077
38.25203839862685
24.701351482700776
92.21345298731592
77.11063161821758
11.091418433177443
28.74761303191978
57.288209049004145
35.76563836351807
85.24841655332318
21.101434056986655
99.16714354892754
83.41742544324408
77.08819620089896
74.23174077892914
59.16949277676541
60.08702747308852
88.21567534428047
18.295996534965166
46.50887867287
67.92120354266784
2.6268845563827536
99.3372508099396
78.4724388278681
63.50856065884679
69.95271305961546
54.123697661411555
70.03047461748154
88.67119018339012
26.556924988508918
54.89067689040229
97.01140243695498
98.02058412400854
18.410659616926
55.70585955670186
47.11182742770294
21.994342169058008
30.482793659890294
17.09542984942494
41.665859677051714
81.3499287699857
68.5676235573687
45.532435236781566
65.3898319959288
89.21981124380832
44.213618998294336
9.204510764241462
18.08161879640347
98.24308425034847
55.48667114603888
64.92380882576224
94.5679857637326
86.25368523177515
67.9297741078895
69.55220086881998
95.46975437647885
74.50738346152158
83.40924755735027
72.24264432396669
27.52293088506471
52.45921819907013
14.224599210510618
96.62153888121223
31.365099587316138
21.647227666467618
57.984214600708185
33.87102495270802
93.82025358514498
53.903759302221935
2.4580079639509598
98.67517126153851
35.39668103233992
67.59122552746513
19.326276820130985
8.412201571360415
50.0606900551425
22.18227276485926
83.7347518209059
14.523681704877866
37.74418673235152
16.29737527567359
65.13282026517547
47.158924376798325
29.281424104318557
21.914843997813666
61.90377504127105
3.0642523244985265
17.76630374762808
33.26611278602781
70.05928618683221
98.06459147140207
94.30090758201764
32.367641241081074
27.887937969281882
87.27856121557474
18.48249159325705
4.652094100572504
38.84451364543356
55.20780574507974
41.16078142358664
70.14881290526934
54.531447407796364
7.288246103006756
99.2607119189686
41.09160410028853
69.12705944749197
14.22578465774198
26.205568745179704
24.395867089732793
99.49818377925013
22.343658756587967
26.623817501019456
45.61658099746273
57.83785403243398
47.742223345016136
23.441323397245803
41.12433621837123
74.48428004663847
15.034734855910536
17.771439617731424
32.969677389608734
33.66562878500944
46.960007642563255
74.14426272987167
54.193503708047075
78.2140203976623
76.03219180563654
36.18729688032964
13.128984741491825
54.74890318298412
9.345809923880571
79.48642418087688
67.8256014603922
46.17921787313059
5.973457347350278
74.70665575897881
15.936237183010443
70.72528755198505
38.590446098884364
45.34541073758038
72.66744247970257
98.29411045563786
89.35454127707511
56.56097504442957
84.2220359994913
2.978142111218811
34.9288030781047
49.51843030822507
96.94275787184979
41.59821298096949
73.58406044546462
95.61809541628814
52.14070864148921
90.28790324553448
6.362514943588331
51.690176941333306
87.73157252554613
71.92804213714662
93.93328835446214
32.36979466359366
32.43220405366589
19.514532399614016
12.42286388891832
39.86745676093486
16.093838807410194
64.96045303854844
79.00872215744083
94.76874081168702
40.17172737229865
77.04578155539251
58.17833108031332
97.13133946184992
48.553459288878976
76.99321035374616
43.764573490958064
66.87509783263116
21.566838198010878
47.423984433741076
24.246299145076552
19.135989752660333
77.21187358900376
90.64157554526585
17.900659202246814
42.93035650719768
12.352199008723314
12.55191251205705
6.096961493020062
9.779123959244542
79.41216772278037
58.93334962816257
30.69120551674029
50.2791146493819
65.4073894343812
43.47583738652229
11.454463287958978
15.003462808578055
55.660405902053135
80.85257430118162
42.20440277275647
24.602954643045962
39.896223745149165
56.19859366549829
3.7977522332175
61.47949341202714
2.8623442311022824
75.41218385317006
26.61083245429628
79.64794674456535
42.3588423497427
8.503397681091474
2.2109365748531995
91.09442121309475
67.00061242692873
83.33952483725915
88.91015835983761
37.68314038880816
72.65623903390573
93.97138180322976
31.750129889622244
37.592738836401644
13.637224700614697
33.25194874314972
85.55569253921614
2.634246175659963
8.052479506350808
2.1000578518454174
52.71212772177532
13.255301028571136
18.286439550555905
23.39396581538323
29.93868777301799
68.99049878758952
29.79029198779578
91.43661134408956
93.34890703712169
55.63679324034993
32.53003149026541
42.67285596223089
41.28986580529824
22.729530113252984
90.61705188473933
59.23101937961297
17.931448974151312
14.180215443523506
17.08186547195797
18.67575313386124
30.265676017348323
55.86146501495204
57.80908645169352
69.41946773356949
97.97794909325395
39.278220818480705
70.7872328621792
51.301413476536354
31.667223388099593
88.32214307281754
94.41122241882648
11.505720297481679
53.59892363167767
83.24573117972045
29.78707323012339
57.75829668444932
33.13319726309647
65.62972632539432
20.69222410018034
78.6442280773217
28.78306658725809
59.23458898996495
88.42279291766175
48.360905061194394
6.748738133644844
50.882818718982186
69.06796734036108
6.309779537231121
77.15508950365727
24.15620650504523
22.1244176786711
59.761039952860415
68.44720459071421
8.494089128688891
1.827409124202449
64.20851360697574
47.26117859871531
82.81885567710273
54.73089156268764
58.065602450495525
22.718588692776283
72.67163509979106
63.736209558613446
8.221727704749664
44.59845623171035
69.06598815160841
37.072886732781996
54.63499668842912
34.109806122486276
19.52026538230611
25.365920227911616
31.998673942617334
92.8749460589605
93.8609948804551
34.46429616721958
52.75013554260895
29.738012609167413
86.06923030488873
87.44779913575906
56.36134045437363
98.36304972296021
38.89607051741055
84.04374452154168
89.79819329578191
66.17008766604451
91.22218407699812
93.79871426465111
75.40636907950082
18.544913669293337
46.69841638727594
61.69882654977921
92.96701323785578
66.43024204687057
28.506337770086677
18.695579161592047
6.426828017674806
90.04542658645796
15.738408861807502
72.24992355118691
50.68507251787312
79.85606349416243
77.35620680854758
76.12829663713563
93.29437137786728
86.33407085188384
72.57790557072846
46.27657265066412
90.52943882296958
25.51343828241353
67.32857681851951
42.350689127013325
21.347951412679656
9.53983537199458
65.2980364319523
71.99632627864746
4.280617759063226
38.20170791361226
77.33222381533899
65.8636647553164
44.5516898655151
7.926690021716086
98.5465004992874
59.71881454888912
33.26557108500335
41.74521814388283
94.34100596344176
49.85703061967315
78.71669774059065
97.31554049674993
71.64656509395256
58.33504896739735
97.33256169623269
20.61809930844519
5.379870192296676
52.62843851394673
42.16396226681671
84.5279906849496
12.2017280933325
67.53061619792315
77.96960867692187
73.54344857696164
88.08421237628619
21.112768756408528
96.52049334435912
98.59133578266541
7.703997222837985
93.52822044165151
96.20542762780335
47.65387375606828
18.77067699880961
64.7499824441443
72.02791073586327
88.31226286158336
83.11290012588886
85.26143267468662
35.040689822834004
20.62114701483133
99.17938208296701
46.263716280029364
37.69505189422218
64.88672917647747
10.983162391529058
78.57072538749509
69.06245612381485
99.50514825249792
38.57984319548183
3.872412916302103
58.929053084873956
38.63971972562867
32.45897942380069
56.438080246867116
63.00619947094187
91.9764164281819
99.33003630189856
23.73198371934967
31.728853162213642
86.58113160847009
60.13439228208072
21.38955123416273
42.97958717773759
52.93305383982297
93.42724610604377
67.93471644977207
63.294273026082294
86.76154149751116
11.416064053186147
53.83055135148463
7.382348945646997
45.62467523907976
48.074134146678226
22.470524046583385
95.03682831163206
9.397611354207035
3.2855440890087997
42.57302783763297
56.31690763133079
52.84943129258592
34.52656958870091
46.6012632112658
68.3806536965622
39.58213689975823
55.65961210763193
17.127347567603277
81.21751740971928
33.729880130003686
39.6364424392858
91.15153199444528
54.7862760932545
50.606729587579785
22.66553531878631
24.341717142895998
49.934472534120204
40.73923187846492
43.42670828848797
7.366363081126051
39.368094737774406
58.16478872292045
63.3327371634066
45.198095128017165
59.815057973775566
60.73027030855426
74.24458402412698
3.2399485918835893
81.99746512492986
85.6914909340446
23.238988848447033
21.1818472517368
15.937830209675633
66.32334748909129
98.62795867690203
91.3350247492611
73.6988304794056
18.044061147667207
67.37394216386275
97.42138086585621
28.216687773435552
89.55338419365523
42.46537621032661
64.15275990419981
73.57968742161431
18.168171796116773
67.78688723404792
31.16111908262729
19.709304766892927
68.00434460290876
4.7371498547301405
60.31530383689034
30.50494838331216
5.89901265047418
28.681366378588223
45.38325303133094
13.548955845951674
71.48282027514341
55.62033439927719
62.21963974337712
27.580351121646327
43.340021790239305
41.70664952571079
71.74056539373937
70.52811249585316
19.346329977707754
70.16327507640247
90.75608914447939
94.45358599491186
27.68585560720533
20.85856132532321
5.300765019543557
56.6026045874124
16.981847641555117
18.048385470750937
16.80713977672787
85.83808834979
73.6269705824561
90.68531909348255
27.720607596444687
19.133627611710303
41.95907155831798
92.17768863043538
3.9413539423559842
22.46862819815013
3.9318943465421836
61.471874832465694
67.16948135806514
51.19986376612416
14.219436609828994
66.64404415444794
1.9975961131200157
47.92764156827536
38.72394732364503
55.70124615452692
47.234902115096006
19.070441224706077
30.223387942195263
75.70525768560165
2.3168833728961444
4.95769420792922
54.92531978539984
17.773303550848514
78.16470494674053
44.112020128836036
42.93468249918316
21.084375164627744
55.73986550710349
4.761232313092675
83.89298787352664
81.85531683184166
93.98083179762718
98.97124876603988
7.454782282816054
6.707090762982513
81.42818017764992
56.66821201425902
45.46782482728084
25.645075873909235
76.31624830922094
51.976341797334015
86.83219352277386
84.71707548013238
69.01893653190031
52.868713412376835
57.79042533180743
94.40000783621487
65.64330765275342
17.187715096294415
85.91841577125611
58.38799114459554
50.40386377348988
30.06719895409817
43.83776278931526
78.53963434963214
55.284016077327934
30.001881344341403
13.875536649263216
77.92217889767026
54.70646997195155
74.2412085209771
87.76951945660971
62.31233506342603
80.69066377368219
11.03073664937286
13.472315275387345
50.64183228451507
30.135174770348566
48.87589404945267
12.420102254765373
4.963916027405483
24.319333665183304
21.426710222917816
75.62937426011078
93.37467777017855
40.69325209517633
52.77508305155641
54.51481506425495
12.0464930125566
75.04547643863657
36.517946286767305
81.18621336587647
33.05407461439586
86.97484145302177
22.483316230236095
35.10783616968416
63.059657980153894
39.868606553914994
12.001662719120581
65.44368468894262
32.70060091159104
59.86072387541667
68.68401891387661
98.52920652811382
19.063697052267127
84.8511427605117
90.5977893397566
70.04156954504704
27.521848867920024
10.020744832866162
65.81801821325017
57.64106155890531
28.955423798576604
26.907262146799372
96.23935303365518
91.82812103154156
32.177957751331135
11.20784785173987
86.05012667053494
77.78914962137642
79.19237707160946
63.25255530918334
70.81383102793907
85.86274856095712
17.826014487475224
17.251459953139047
77.34392273927983
12.906942353982641
40.66114252743585
35.81740456320642
61.760406098434885
24.75772606205934
58.884858254626685
41.64505256129191
74.46426064569236
83.36714983367976
83.43570949780475
11.221823265294613
82.58517188781276
10.742588346520458
84.73426158796823
41.61290717138989
70.25850953896584
39.67368554571535
68.26893512820605
47.50237851256119
27.06346445267928
30.1017462025549
88.07008581847214
29.56553679733203
81.22928169117998
23.489686054072127
88.99508283670832
39.591487407644024
21.5966140847657
72.5905739494487
5.385818732620069
49.962348246435376
9.855469795795669
89.11078308545969
53.81031485829162
79.31309260297411
36.27986489497522
65.9598439021701
67.13713733156199
77.18145293071314
20.787823626557902
9.947835896811975
98.89696009863037
88.97910524138975
61.42516189660753
20.55111617274693
16.359209111161572
11.062154786883433
51.56191528003397
43.98393592716432
88.72986789881382
63.00280134427263
26.424985750372063
22.41622046976209
24.58534719902097
61.810167293235146
8.417739955164295
47.40277487242593
91.72370528486319
84.61292653913351
34.25257899320465
61.406267430357715
82.71863205320632
42.618434388889625
68.95023553733006
59.897767602956975
46.04161080679589
44.70948519206688
4.131397168767092
30.663302308665198
95.35851356523582
21.17112443266105
83.76478576430975
90.32087486160277
73.90207766039313
73.18551190676466
33.936584944728914
50.441267759946655
83.65611772830178
33.74601244273814
48.83398080271919
6.806991052261663
97.584572118843
18.051201177716514
92.08085017566572
83.01415669986135
8.28085168460967
59.84628393129308
48.09298302849347
79.0079561359049
25.62053505382519
55.94200790101964
74.2191399859003
12.393454319188947
56.947866014867884
51.74516313638804
26.976120345054955
24.238797817302256
86.23852026256932
30.233405509675844
49.58281704676818
97.96016411436139
67.5818175548116
71.78831121509911
31.505789565966637
77.97496874474123
79.08933155571576
22.056850072129485
32.92625117766413
89.47278400023276
11.251656598647081
23.562458590218114
80.03303515437028
76.68146406285345
44.60570708866567
59.69282835409611
91.19509055296228
60.61098148102961
9.964708885292449
68.86408656669543
99.11572011020245
19.19820660045952
5.250112408302792
99.96825174445979
50.27870343551321
8.719591507690986
54.879409353546144
90.34185500942975
2.9915328629860776
47.85705607154224
82.00378404434304
68.05901109274936
72.95473653939405
9.359386177613047
59.84840762117872
97.62332902976168
30.318771992421226
82.61006295972814
65.40922958553452
18.290919431989238
91.58637714367951
82.30908805671989
86.05529198858362
5.425901652057149
31.56508286370863
95.60298586962685
26.817760211200227
73.08079066371046
36.032407490334734
9.076630512697088
43.46044259206439
18.872164777293968
77.50239171421785
50.26349108517656
36.7305129178945
37.133390232434934
6.678637328394944
50.66522891816313
43.51870939819772
15.351845882147641
31.449003912199654
46.46794509405285
73.35624385735919
39.13055740647158
59.96378923662719
37.597581476794055
30.684749579870253
29.60620226920518
27.850061438990007
55.583463508551574
91.05924799779034
94.6187096659022
9.809679647325504
33.52830073310764
21.196052798945825
63.36199883752998
45.56925133494194
74.02935088122513
7.823112596132096
2.1628630410671086
46.35310413251584
53.86438084261676
40.858404340792774
48.28675102114535
4.917588605455491
86.72700444065403
3.5464429005706877
59.2792291345984
89.90576614342959
43.19203035555376
27.12360578209811
77.61617490279671
45.441563263539145
94.53378860977152
63.797611734959474
71.91775633346096
87.63014742965647
16.951084573298793
68.09177623581031
55.98831701305303
71.14802030920576
25.356156325398082
68.07046546147477
44.66661236590563
5.112608373484991
62.650336570153485
22.588431034389043
81.87572837264504
69.51486910160655
86.69566074345627
17.805356512615322
5.804107347989836
18.494173320682957
20.847486109390097
39.268330427873565
15.845043611017475
62.39532120855026
93.85317385134279
71.9041761767295
91.95739620184554
48.68589840026095
99.34840608380121
26.4056825677841
30.113033247336258
92.18746967229377
76.30702917546502
9.608523334643255
24.098589644559013
91.65583309599073
37.26240084036669
13.571290552249824
77.02435370855838
89.36069907235294
9.542275046995947
95.26970935132012
34.19359111519016
51.29032427539654
39.65335187625286
45.46243950148203
54.97316850913656
52.32413549938147
98.84883832589179
77.46968859362889
38.68652849640929
22.15045043422492
8.911100466412679
82.05047064297894
85.58734364571323
72.35390482213316
84.27136814934586
26.770797868379226
20.598733193433056
94.4297965586135
61.433191755416004
12.395496653085848
32.434693879706565
56.88433270186218
58.172518007216425
35.33574175967196
98.29161263917585
37.11276726031292
43.06649629040618
26.828503849842576
84.27003827401104
51.72177970184712
17.62145105509615
27.745081377878467
63.08481307585866
72.3309994339584
17.036522155336524
3.4178403533260853
73.73186032581532
52.522208457603625
85.25167817070945
79.69528306041073
37.94844237663911
79.93688542230507
10.247412472043504
78.29183791901875
59.599743403270196
17.827090158234338
75.99758720300673
2.49272388301163
51.69571315058994
92.12986213818698
38.36285865042258
9.732638933123022
29.4481611743435
30.6557455904681
53.08516542041339
78.86881923502233
50.198151466728184
31.08552303163948
92.02201754405483
64.7568366621367
71.13231108086485
18.560731181589873
87.45999575623006
42.861347544595375
66.0132723233362
15.585707643056216
84.29850417683515
85.25081178408786
81.5814959981606
61.28940772182722
32.670477656708776
2.959888524988335
11.61758181485874
53.9694832888938
97.72777775870777
6.21566826348261
2.769715134871988
8.816751648184532
76.77309502078371
97.09396282809614
82.85089095346271
84.68557511812944
39.61741126324468
78.70744567752244
47.714338091900466
20.961038715539765
95.786022863628
17.54643502680429
23.09932777104114
56.36967439939892
71.39665709663207
74.94535663542965
85.0072090200179
55.7819142219532
39.77068727189821
58.93133750932295
66.0769676670127
49.70874191744875
66.91240392728699
94.83896210059152
99.2437817969308
26.995455095067182
89.27178078224813
88.47548744131971
23.39488356418689
32.331128018758804
83.54371329203059
68.36842806640753
88.262256888358
18.655685011975745
47.63288032185715
94.33462528999118
51.911297222249594
61.77337405742247
68.63077019038461
43.21117430182678
75.1707677763612
10.120491536108224
35.39450567472464
2.507620149498117
53.666115415127955
24.092997579212668
71.15063157672803
49.37992306374816
7.025416515404023
86.38069704659821
86.21681381473991
37.01040978485808
57.6631961062402
79.0043406213939
22.081369770388267
33.74271429865554
3.802640929186801
87.67467697166258
56.43797487312277
42.41569660933123
83.22294726132243
11.314119262202471
65.10118161563264
35.39742220917176
23.347807829561173
18.28408377462574
82.27391815650829
49.86025743890944
89.85317326926179
24.121235582165983
78.1401704742283
54.798153159425404
54.174535570164984
92.94096533510906
81.37837244483778
37.48886866962337
70.36510266351114
50.97920808920931
64.62839282341449
63.30076368252809
19.085037936336782
4.687531937002296
98.32652805416504
44.31194758047774
43.24588861226818
26.135446167026714
40.26600354380911
63.65546362816811
55.57042667984764
96.12206734069429
52.73138034159855
67.69519214114034
85.5691867630876
73.85828512933975
39.023743250648344
98.04303254419787
57.39128388778169
59.510424282408
29.264646883849185
51.19635941322276
18.731476002257317
49.80500706733693
47.53940688272186
7.55366567048233
87.7627397848368
55.65403376289768
86.669169969532
68.00939358612075
61.592968266253926
45.1681667824174
85.17700917816933
13.997646326299666
83.14469488378766
23.635691914156464
85.22703923077376
99.74831023674422
89.95191153285795
49.08280995718378
98.28344426651847
93.99745228188907
67.02625969400648
86.32866709574249
79.8875813264053
76.62197154543908
56.78780131176371
13.829228799172474
74.02349296514942
93.46224092851705
5.551557722316773
92.7768342010962
97.51241716788606
18.090425253944197
64.02342829742544
74.02507710524807
98.29261624537534
66.14741367709271
9.470319481956771
48.07883057852861
42.962363959929625
22.205835242401402
77.59273074488327
48.51389964798006
60.27939232781924
6.398310668608613
95.45611570796247
73.95422983968471
64.34078500089996
12.873342579270501
33.49388133626961
11.173020796738657
35.48906521019798
14.306575240373574
66.19457049689832
63.73992062487573
26.302542367023776
49.14508583483833
89.20459567813283
49.132700459347575
24.78524957217014
70.73662699041178
99.53800569592984
53.341404995568496
78.87984550336313
64.83859000571279
62.60883354069981
51.398235367433905
18.547923093729153
22.90081971799166
61.984767696556624
52.60442897802126
30.664350028565302
60.79745013848666
52.01154726809429
3.2507517508933312
22.202251385309296
38.389176029518595
41.019589649776044
83.3119364451247
30.51207839160978
19.677510159777288
56.47021950603895
86.97088085245522
97.69933255411223
47.419238924284876
98.75007476706453
72.17597048097964
68.71970670106799
87.349388892062
8.313443091914243
25.530501434884457
46.25215169921312
57.00779322920454
10.676674574287537
52.99968012773984
60.01196535459843
55.00971461824123
66.57082931494362
99.20855480083677
82.59537541945784
11.081957467575718
36.23823119814243
31.589914010921365
95.45160686559957
16.5982690437646
55.481898744920294
78.2040755374495
90.09301461723565
27.630532209325658
72.86798157944754
45.00445611569677
96.99430953363485
28.097083681707726
5.8105216217018745
14.301793324814984
71.41468068722799
14.913350217238163
53.171651884499276
43.10649174922208
64.57447168231292
79.94465705027349
62.32731013056665
33.12760941041123
3.177229047720866
60.52525718999942
38.666088172437995
2.5947793679668574
99.07032455346567
15.900049068927
44.84496851069843
53.95711511620774
71.6127833275683
78.55537837235622
46.64958309283153
14.915729778603918
13.745899166485263
10.933948900506007
10.428546187725704
64.87211637844882
57.55470968608481
23.12646516421856
93.64664982989297
82.99334230564874
13.600510906302151
26.845665921559466
11.410390673935188
78.7765304392628
24.43283122151453
6.075181690030882
80.54678732825558
41.71706119807616
39.113846774862324
99.19861718783372
13.819262512801279
40.36002876501364
49.28663259244961
83.39007392297151
32.919336384220394
91.68776637838704
76.45650172890748
15.006976360940362
68.61868069508026
48.132894964804116
39.87536782686735
29.899311481063183
95.23701361979477
29.554351173236252
59.54912518580014
72.61295176708906
21.92160295255502
70.1768706408901
92.84159165706863
82.99486732813185
33.94117693742844
76.74662216045675
97.41226579725749
88.5655546867402
89.55378766752267
74.81159778111744
21.16387741303337
26.530704826779214
69.0573643333128
4.707503418073592
20.70807898951419
25.48972504859668
61.90794040460099
62.82535308924745
48.357644673804174
78.14197167611583
17.796580405439443
16.077473189210814
2.7755155483467644
66.78993741604079
5.8058536260534375
95.29192390165423
7.094749476022906
5.961362529968404
42.78471734611438
76.79913251322225
22.226926994606195
99.25315832021437
72.12734783350176
12.078035944395886
70.3102710682551
47.682361883677174
92.9574600972609
83.46565365805569
52.61157322823381
94.2166668779997
84.55490232923971
31.007580715196696
4.763277182563589
64.86112910764116
9.408206669647711
41.970396710734086
63.611643714087755
25.264600581558355
37.080848953861334
19.604789318461414
4.87632933813391
80.1868122066543
84.30683573153537
74.18225831475276
2.9996600761246035
71.86242143943096
38.81581004177248
92.49024389039197
4.780478516210658
91.01881324913609
36.41183477005696
85.4722059331244
2.650715337918122
57.23368309498415
60.17682157195822
62.35644682549207
11.211518514916001
95.69862591298545
80.46875028008539
58.47566626271903
54.29918511129218
80.87413702133861
41.431735467748055
96.76769751993108
71.81246899021282
36.81598571420034
26.427480632413022
65.20912411813279
29.40833969382215
37.63058433264893
24.18062329571286
45.66167518321671
76.83049073028363
83.2280725893651
7.621794365300451
91.04908027505732
39.14347067943656
36.03655724500812
53.730444533249106
76.09609494225576
95.32570576775184
4.628211609443046
43.494536247597956
29.749090389300008
42.93483797922365
35.221092805935115
52.37011351972615
18.19152190213714
49.093394604242775
25.890940548571006
18.780960548918532
48.09775983804333
22.12160534281905
50.02153158805115
84.82600361036457
25.054307338985122
80.36712127264116
22.392375223378977
49.83969591632984
80.2063347267197
6.00919275192787
44.5253280455536
2.5719191812026008
73.72510067759364
58.73894228183407
73.32482990314912
57.32293958983255
33.98680286908364
18.18670872780651
54.83061418172088
7.769745242302561
18.890019187117268
58.56643981670877
95.15434398447144
16.55468739390582
75.0414654553835
26.84824947945514
95.40548749824788
27.165168416689824
32.557131863635014
30.830786371440173
52.548727500312616
81.70917587438312
52.975544591605946
70.91368262238815
96.05832689656229
39.032372306429785
7.22214575284125
37.946918560365916
65.21707063287171
2.279056873527845
51.054223149048994
90.4198578951347
3.4485795126936463
90.4794931961485
4.427360539440962
83.79771685613828
52.73332886517141
90.82120583243058
79.25388071603416
11.734553823729641
96.10797381821838
88.2948971353785
26.991249143590466
79.4624569325511
86.77630678039093
27.739328811368495
10.989543326386983
91.08050119308339
92.87203740461388
58.538542206459525
78.9029913763867
83.20931227550392
93.25465364035193
80.16325222989607
84.45727880624771
43.56726755689277
34.469655216798046
53.688383335115574
62.47329834350851
41.370550994557306
20.685482715203154
10.37320744267529
51.77883850117464
63.52849122562733
86.3918084389232
75.89166111097933
80.56013312071106
9.304962965058591
87.66924730776459
87.67395657047747
59.76769853101778
99.5418727789456
65.34918408967332
76.78349386838252
92.51397455683056
89.68350705046292
49.70916896149524
82.39353702445727
34.671867629556296
11.538324501294895
46.240375891995484
55.97177022441884
3.2225871022337964
18.70622294930194
28.771043169808426
96.55427748380365
71.4909582724495
89.1071145003087
38.86794437441898
45.97638474666047
51.861117166266446
81.77527767869985
37.55472121576346
73.82340238966701
31.83393386112607
97.6802679945232
22.337051385323743
93.33784472135562
55.8363844129972
50.72921846063161
43.08067303230713
14.100830951001855
76.68855444166681
78.99077047891531
72.19381347959641
94.68576744833148
27.541230698945345
40.295023758703294
57.233228359728805
62.59780138730231
33.447016659082266
63.857580627511275
65.66223463419475
96.72232278716028
21.036773054431936
21.31411583821704
32.489463193172895
8.833698581379608
24.033674830663696
23.79049739643204
32.600826689303744
4.190021400717336
72.74790783181061
78.32323537835501
49.415265328157794
90.19652419816636
89.50725043235275
37.13096183956626
60.08482528447164
58.139008141723856
86.21126897247474
80.25756314031395
41.66879179385326
65.89566246819304
81.5630788970198
32.070075417256994
33.29233963609728
37.01474841478937
99.84815228000696
89.99179823350858
97.72187440167514
84.73730417052313
24.54564688870361
30.1976958519181
41.72450878228926
32.768361403036614
46.17330550719293
43.98725703320871
38.08996735656851
85.24761360430084
38.77428041766929
16.625543677105725
27.608241550440844
21.639245061913794
20.150561873432324
17.329132319686625
67.64816158518222
53.73568297500299
46.86397009660033
22.145526259535313
47.22542616585272
94.47769078201253
89.95296545325013
95.33335822646167
96.7995287754205
80.48183242700341
6.862080612364946
83.26452542177064
59.13484536826326
60.2822916722937
72.85398706352748
41.35698893013448
49.9445095446149
31.401331370383353
95.77172979375527
88.254275142428
21.977233444299646
95.2022741916698
14.58795930216503
63.43676862255952
52.750881711593074
3.087321064899427
55.89225172182389
83.51524772451225
55.091399604699134
19.67231719018758
50.50846815960538
19.989971270160755
65.19981532452245
23.543418816240457
44.69711173675003
98.81379314610926
12.241973652874188
25.570694079116887
81.08688410510536
63.10297086864551
45.02898842998275
96.57508116063643
93.79858530292869
53.16994909195239
6.905596782418431
49.31353258618479
99.17424625199244
37.46429010407704
79.5218244966636
72.95532733961814
54.895255684433316
90.29493255429888
80.01010586344113
39.361776623699214
24.626964782318495
64.32747150887316
65.89331581954019
78.37613656067856
33.6771519381051
97.37970919492761
10.332264861211815
67.71770859421275
16.567560788992726
83.2743196867123
60.71600948011345
6.685840753339354
8.006685049452907
31.41644385088791
38.91005944481087
68.60919148178958
68.69516533879217
72.67565316362383
97.36048037708106
49.62925757935551
38.31975768521369
45.19546072078047
7.698967788252316
54.90558027038872
81.78698463134627
49.79827131015188
97.26815254393948
45.08106873746248
84.511809760377
35.35234218430821
55.481547097095394
16.18520319877008
64.70734383150558
55.49724548997378
62.5673294722429
46.08385192762192
56.53051818612759
87.69052133912409
2.423421441083572
63.51627966403661
42.71224969908849
9.567598483515981
48.84469213918317
55.425630277357286
94.33483094406111
76.69958861258722
74.96719969544193
77.94670164949102
11.451079380151437
84.02666624105943
98.4022016567384
69.17261590890521
31.59879464575544
63.339833477437004
22.214666243395435
78.84582279863955
43.21109572594168
94.21367788721457
64.15162211006181
20.20389277542315
98.81791761688929
54.543563494296116
81.9846225150426
90.69712187749944
62.53805699716248
57.24554240561859
65.69487702594506
92.39934876475867
87.71329611536103
77.37604736549378
7.387247354244317
37.38431053567641
3.4937324008167985
72.08826753172688
12.042257555399926
62.50807413977908
14.81277841375896
52.66817166910401
18.029113795182575
14.780527406516164
51.84359226359564
91.15530440037293
30.38093465191225
7.2564275201967865
97.17028267594918
55.35104477453151
79.66943486503959
50.1390416375582
3.15949170112871
3.4554340991855597
12.944081881333108
47.0214587054456
93.59231172726895
14.5667786828456
27.403973609023286
31.138975055266155
8.842835435961451
35.25991177004323
84.49822523950367
55.25060776833519
88.62892828106746
81.51355895172279
90.95752091297075
16.60462064459188
20.868410270522272
98.61806462958509
60.66961607649109
92.0837454239954
33.535968001933405
15.676224746231854
12.62961254631325
32.30492184288063
26.87007915883307
64.46449408801143
38.88855576084096
87.05348937649023
48.2611585546888
36.38884174521498
39.13497294230005
63.918229799739684
87.2025586711398
55.33318950870123
22.615095416761314
17.99374490958428
97.6643719329508
19.376998880172064
86.52135578098218
82.69624154421626
71.55836360247122
21.771192418332397
32.580165388321106
56.73919487989317
15.119315920843256
21.860122473984767
22.57937630814478
76.39941603092001
27.200474696061494
83.08892417020304
20.068433376984483
13.017723508294393
27.68683895855044
96.48820179995533
35.50410282867257
68.99168848382668
6.530773338585793
31.21217234037136
71.51893658892538
58.741004917691605
57.94082673941694
60.12565132162743
55.97100279855316
20.803976866982296
87.0025236602735
92.855996626251
19.77411800842351
19.050081175309405
70.67165173185842
89.25820606818891
69.8628369169367
98.00472372539025
59.25430756401421
5.312164984014244
11.062032141517602
70.12079464675281
76.16665703313099
93.2043860599669
93.12904364059338
23.775596828862366
28.596791895621738
4.622111190077938
82.14979758669251
75.92278974735319
93.09946234857102
82.42191603611053
30.381831177365086
53.75234036428451
96.80600118029508
33.698737857743325
40.85217638643024
57.27612900005632
33.37517774846882
14.70699186742809
64.19226930765808
78.2649649610217
42.08440550190593
87.22906830473306
32.06316792032808
53.76346506023975
15.057172852668435
98.11625856385551
65.95850101144762
9.980561540508662
38.895646898890824
18.050143817591724
54.87392790378583
39.05248271005921
44.376453698309206
44.715069112266264
50.53307703580641
3.1385895402918425
4.198992350978065
94.84026753936233
91.98629408453486
99.90132582020307
44.39458984405769
39.49996160011667
24.872510955540022
19.489605891437332
35.050561605475934
69.70088848617661
84.2551664017167
93.80764484682557
23.350572036536672
49.9649124656229
97.04500241812512
43.66300030069918
6.271672171360079
25.962624604200172
33.621526629824544
68.12848477380622
50.14911107342262
47.27341318061221
15.860468867594763
99.99696358502055
53.84533251886646
20.40848561724706
62.30413761974344
50.84309278916066
70.44365958920174
79.29102004923051
62.979937149963305
98.21099710731414
92.38676258495883
49.22824798845322
28.56415753642409
6.520604445635958
17.868632535172267
99.29755537891343
92.03324206598408
45.87907022813508
40.24998330856499
2.939963562063853
11.90110949700931
9.766379407802836
96.80107841927614
31.706426931185195
81.31136508698586
69.74524474927487
69.7637447215308
41.800134530861776
82.10926477449226
10.995854088205197
37.682245341156715
18.56196140143494
26.66835346189258
36.96899897397595
39.82378314765411
67.2209572773118
92.6601335364577
76.02234869208088
77.27334087482377
30.983382190952636
50.8746742325705
7.419565315381989
52.21258358246968
62.042070800334805
18.58978594484718
38.5625118199694
24.025514757198795
97.18190253786916
83.72944841525612
57.332515446009666
14.290826931324679
64.9830922558215
61.70849376014264
78.91675346729987
15.495641513253005
21.760698634132556
81.50271123834304
21.07497474243112
89.96844802628432
69.93202986087941
57.18595747061856
67.49687369245117
65.51851233688103
37.007025699852186
34.22466716980114
82.64575504796366
83.55004108711286
2.5408713588845386
78.72220991328291
52.701242151681214
94.45913663104957
49.251869232731906
24.525734780166008
1.989678080124937
28.842561624738824
86.78025385111619
37.94270761614817
56.65018065810584
9.935151828134039
93.36673918143904
14.273292119147799
35.44819592252484
2.6441281579375273
71.55076125712905
30.691117733972188
69.0840460234914
85.97129506014089
72.31993254077496
10.427679837834503
91.13559909271878
40.39336297839968
3.0231766051573024
51.39127862735633
18.675522955784995
49.42701165336247
89.94775846181112
73.33878141877223
69.81998947704788
45.27297435270939
89.6843186978313
5.884359254757994
82.41565755316098
26.11936331048938
79.75577247574755
39.644482138764715
20.697229909885287
10.04246724364099
3.221675870184193
84.79479796236687
36.73128899186556
1.8705351238425842
69.45665158799444
79.39597952942918
68.94372720544452
19.978514657368283
71.89802517571518
17.514958509931844
74.26498078875221
68.30766237009951
74.84633023086842
9.298074281712688
87.74074778247675
24.397266322010402
72.55162736241101
55.48367680212272
4.069962506731397
32.55986959351298
84.96398252255328
80.19551421040354
8.041401084548747
17.639891704186336
26.986439154456683
40.40289053244577
71.86239154010823
83.42790331399371
90.32084972925553
87.68542946728138
50.9230473170206
89.50916539915943
66.25577601526727
59.714159617422105
54.802423841506354
84.13942197480269
83.94847112986977
94.55769408867701
65.08058644684925
60.10707402002721
40.13285493210359
55.57710118089979
84.94425294071884
96.38573964296056
87.1051031024885
93.06540121366629
30.07066342634166
67.09059813400371
34.993190261378366
28.957358427799743
47.47882891107118
89.79491538439727
84.133830418457
13.998209544091175
37.83627437842378
74.22605881838169
23.74736014768988
7.612756698096671
69.43735786623779
45.21757452202201
63.69802337759728
81.90210767395136
89.39766638340956
50.95470640321505
51.82569871511327
24.46261813548423
52.385298777756795
67.43817108462008
75.32698942076989
7.903625346212449
50.69119762827514
51.518256080594426
3.3763411122034297
88.2784723341676
24.49137412154615
70.45301147574416
70.73212353263231
75.1330646229316
64.03468188372001
92.89162931095564
78.03731929590745
57.339353858477885
56.849017076285165
57.627554575729626
20.32825851859184
68.12587298663175
94.0922674325491
78.59385406316831
49.86901341145857
15.052893172655786
28.7503170016952
97.02784619944553
63.158169063781
29.068466192977823
59.418648416243094
62.68410835701696
67.95393712585145
92.7853832588169
66.38807454374867
70.15177353927137
78.30495367105442
32.98130536719525
81.26377155967582
30.83835660360963
79.29022723046491
87.19519323671813
61.92726033846557
84.45183632230835
58.20500751838087
42.27501950091665
39.19290985704392
89.19395589256402
97.93457857587862
7.511378354916885
33.19322948475918
79.4471554623013
35.40561257408604
42.49749553352238
79.24875895326122
39.70418752230441
28.856366257319323
38.60324842761087
10.114709302179262
73.20094703559022
36.00101556948319
21.174998050831153
39.10434392769773
13.706903692199704
71.66904160809453
65.87339351559069
83.87673865682933
10.152390116766604
7.483804707570684
27.198598048849423
7.475300498914582
86.68405798536811
78.82142985995759
96.03722590945608
23.125177905783264
88.73969342848899
11.09276384495675
54.38052428988628
10.442423722686952
11.176661042299799
52.07199940603886
25.609116689580446
47.86694298667019
98.68364922923895
30.577890740399532
14.154515506188885
76.1617475335323
44.8456943879893
69.63478186628262
12.549067228431753
55.72045782752219
88.12070233486526
33.54162417969703
87.45310354311205
68.48328176062203
84.59608417004041
52.8762298336976
79.05066747257132
18.6735608842797
69.5867613278746
99.61171252618966
5.915821019722277
59.561323730060714
85.94270655222144
6.265521711802488
15.993303905428636
53.777243688351035
12.20580472398159
2.644614245074934
25.339765228359976
29.318928802279377
69.66548210467245
67.88302276671106
25.95873126514306
49.51763045006626
76.47195045510435
90.49452779137984
70.14220806312767
43.20656413224419
71.77398507445527
82.06365361858415
94.52059997852334
50.86009847690493
55.409242965089845
31.754068735309993
79.03680209146854
67.43906117495169
61.1832949552252
7.648384497385678
65.51300009504698
13.519869102492308
69.56834034055265
38.671262095147654
71.60552822131758
71.62382715430078
4.89068429667971
70.8113495047949
51.33328531223311
62.90060444723812
77.24300190372858
74.78331184209128
78.47190314546684
63.19590168066547
23.119959654757263
9.014621976230483
29.89754485768339
39.545527315633834
30.041607314730737
69.94243216939458
71.35040154921933
82.0665955593554
14.385147130243148
12.951209067786404
61.92270318537356
47.892631275599214
7.3864713637218955
44.24802222053664
79.89669036186429
90.43360454356629
37.92346679520009
50.857749126263286
10.975058540866016
53.02160909691022
72.43635598407083
70.2674006562853
85.62864171260134
90.95535858351516
69.24347096499193
99.42619877090834
50.763566236476386
59.020720631881936
33.32926071796933
46.745759052776414
73.96165970350982
62.968993715932484
69.74589937473992
82.04533743634256
48.87445068424132
85.30709694462615
82.6290952428424
58.70252465615643
22.032443730945783
71.54671217110658
17.942471336484907
57.99499038513429
42.17353442559387
32.22382390094944
66.57620248525059
5.769617357203276
29.468534958782026
83.64300803530654
89.86864194218485
63.4761986932699
58.57925169730918
45.41445336226504
51.21135475750103
67.76706013790766
92.78436762012045
3.6050130868552506
98.84964173078929
79.93815988708596
40.242262353147815
36.14260024430375
13.53430689206907
21.310266788915218
10.23730103635925
44.037099069425885
60.99690958708609
53.35222743914116
46.56476901850735
61.84305057483797
69.91656117723622
21.760232686071816
8.634016602714054
16.018068039766327
23.55768416472205
82.03980760656009
64.49230739104735
4.656133611576098
63.9198983670244
74.79225314489373
55.6400266184133
3.624273232968535
87.41215227425624
63.3125908908906
20.21280632578781
78.1404191337008
32.91904884779515
63.91175865082522
96.89189307969781
46.10373426516403
18.612197557466697
53.79950571429457
16.293449495828334
19.133456471165317
68.19728764968609
38.665713715414164
31.042099792398915
87.1494701839201
50.14688658584066
58.221827079820315
25.497878363501872
44.36349681261425
8.37156208282945
31.1545998576814
25.776657509930086
7.339049433331926
79.55088143574949
65.34011970155481
91.63371332399755
9.740728714825995
80.32169530836885
46.604308041033676
85.53128721023681
56.13894523228761
49.47700519365338
30.60670045922027
24.09430260716466
97.79294564401967
17.22184219951465
41.36659917584368
55.98770722276695
50.242407218501846
16.27456468516819
7.010766821921756
68.78025773774354
80.75161210425343
57.40437528052065
62.3024755811817
79.59097689530446
31.36645171693791
63.18388464060541
17.768013836959003
24.410236102320187
86.46956568596988
85.36322195734871
10.187846655714381
28.05976858339163
32.68222969505466
58.79411352239482
93.99893509640198
26.5502851736092
84.9298137970408
87.63478358163246
66.61180961484324
79.32573410154113
67.19858442976032
31.049437522543958
82.69888454383103
42.4456409840144
95.89482429155677
90.1721149192247
86.665151500057
11.294724312647837
54.334257181212905
93.11014451386419
73.18147886055915
44.072968089512074
90.73120966782078
68.36359697314616
35.46563150425826
69.68608326837844
40.21854967014161
51.22056709818284
19.683481718070155
12.008948907445589
64.47330852160972
67.7687153628448
99.74655365274745
82.91583922745241
23.145679160383864
39.060761211247076
7.081720319028022
84.59871412786094
5.666444959383894
35.20970217049985
92.52411746903609
42.00944793052979
92.32598360190727
19.274121671639026
69.54098477690762
76.49697639206344
49.58488792754833
86.0652418879712
34.54067325338061
66.47148051158608
87.86779487623372
72.50791373474779
25.72276565979659
79.83237430049822
87.63478179652562
70.4629314651609
42.017198119927656
13.312143214988321
30.72226945048585
77.69209678501704
98.35705649063176
90.96615287301806
27.079289174133294
64.47248588246009
32.74143981740176
15.355190750242105
56.65436697544859
6.115973607344511
15.604605537062781
8.033542647917098
83.96645632367358
67.64830643994411
33.604850651935
26.939867443947783
8.772148052556831
46.264372692732564
89.83334303019542
20.386989627510108
26.991688432632202
16.556334238622963
15.304094579447858
17.55059219347953
8.985516929590453
75.7491772614245
51.42575614172698
21.61191704467934
17.655997404003557
97.13823559253626
93.96317977222184
46.5872277650283
85.94468310400532
16.615669678567496
66.32995937735166
18.37656244775223
31.29511406825664
8.594733035084728
75.90043836499811
25.990776157783337
85.16238502056629
92.94841421630517
35.49445234173353
73.40149063332508
87.57069222468981
24.774729372837488
5.107177346474034
93.02954979107972
22.564405375000796
70.18974769721221
11.011964892690129
38.1666357026669
93.66248630483607
87.4778529543219
86.2961666846273
48.806628841806244
38.58255661724244
35.207915399401344
68.6617803679198
14.383820503679077
37.09260981429957
74.00775542871514
10.167972672446403
41.292294869985675
30.18938711670126
2.308814528242937
13.4358697221351
40.3654148476816
65.02918543240102
91.32225670738462
18.334243761117094
15.282739024484606
88.60848460450691
93.25140658446495
70.8016999472253
52.33239931686819
42.262963461574635
68.48446590715416
97.51576861323471
93.4861910970708
43.19621719385064
11.765314077337083
18.907563620328226
91.75829437007259
23.572532756139623
16.558187944767585
14.126380973116644
88.94964568381938
88.24012818754832
32.92220089004524
84.61253510879732
42.83679502259009
40.22297686107246
53.58423213694337
24.317041460453545
34.1999094959241
41.03163510474484
97.19559170291062
36.639499267204485
59.86391827800748
31.440091577268184
7.436860803618501
70.2790293635848
1.9174731898458697
40.01788626709759
61.41889058536538
91.74142697644348
84.4901220533328
23.342124915460083
73.16322974313455
18.403264727155562
68.70002594440554
79.75562567488994
16.864707595681498
53.60796275616368
15.239817267130244
78.94223841580674
10.966450092306117
86.86615274916039
65.27523574338471
52.655756990942706
24.265819134380756
45.26769641410302
34.029115473332496
91.7224239536309
9.345065581752264
83.98769623654557
6.822644866630227
28.511697001655076
84.29017507876847
33.07467914127098
38.87285710564267
13.834267519098042
96.26579827285468
94.1117385190753
92.81366780262066
98.0676245078589
29.269545832168085
23.65451137208009
74.32454208328436
62.87313606003231
75.90135219228694
49.31161861084542
64.882952429165
43.13701831767085
7.768353024366344
79.38329062845835
60.121432994107955
71.27973353857327
37.96420593836076
10.117989510007172
4.123553103751253
86.73000582810735
79.35278651625904
48.437339783740455
53.97650002238589
89.63284024248686
16.30591073916576
95.57780126317049
18.230743081609894
39.62645105776506
84.53418330446627
12.726372417643175
12.447453571373167
8.171161669176048
65.1395421022774
37.72301281438512
83.46003230420789
66.22575350991644
50.35713439605555
59.662270008129035
71.16690297746558
88.35618684936634
89.5639110703557
83.1781985223919
74.44906696536616
83.86558795996395
88.52928839388461
20.720215074920628
17.165211706834846
49.04708004421464
17.010769210842046
8.192752709626125
82.37088587497688
44.46786668725385
43.65537150020952
67.43509795918048
78.74381492630823
56.78530756155471
20.643694259710667
27.02092609521746
83.88041658812041
80.34954043502877
60.47501573990184
86.92617907127686
40.98057944570589
19.118250464166664
3.7081718481348687
63.206094987075936
21.48382173364822
83.19360581156262
35.21413084876863
56.274647201168754
59.80958058951173
21.868160045141412
74.66677259261373
90.55371568979298
30.05338696483813
11.92039510457826
15.844681222963816
56.34573856300516
86.58986964653604
81.52710866189506
9.444367841975732
42.79150171786819
63.21683614044886
95.78269814921703
82.8553223875199
12.339291637419096
53.290827359774774
66.98035626266909
3.356241026259596
49.7493212792432
41.980076985656325
39.96486796654265
5.385520022276813
33.76068962451185
72.98094188096941
51.60334740193809
23.87813084087194
52.45950334874628
65.47375919742707
24.44697111928053
73.84232908016206
24.625405132395738
57.13205474933988
46.22985367352014
75.10129665175276
83.73666068249219
6.197608324609722
83.71846440098486
51.32060002505405
66.21152760938429
78.88084590130954
59.92365179043677
27.024216460274882
86.68747402455429
70.52882118602697
90.3771955472604
67.12661458426233
56.21993382037927
32.3310539274246
74.49035802633387
10.538607591113777
79.17979421685646
62.121518799462145
17.621476357269742
55.322012574576
75.87704558557996
91.78826173250145
49.95250644258381
58.62430772611216
32.8149052307053
56.0749012321359
98.70802578106272
53.71092839649368
46.39210768272125
90.4291355589447
37.04713063766907
73.05641735367179
96.74402756463748
35.7476942798023
32.8022482651673
14.4217344118592
45.104462730023975
93.74360855759723
29.916243994868694
21.979810988102507
9.80302326109533
98.17739370642292
51.26384982484604
49.60503046240757
29.520344860958048
96.07752409873726
47.02894609320021
2.575733602695476
98.53859675343092
42.27629830727426
68.11548697244335
38.68460631424502
5.391372518084234
50.17664890311793
6.473201983022872
8.737286159993062
2.586071488547829
16.012048067869213
49.184842252333766
21.623740550607042
21.538015951412774
45.09232590378203
54.593839632679874
81.16893374738405
76.90156665712365
12.613143443907823
43.42382989068678
83.72541001091464
90.00719635623172
62.273861006751204
2.190638593028056
53.5710301277163
29.746089048878677
49.38488552330383
81.02702765216966
73.1339999633282
57.47203833365345
56.76341161571096
90.56311830123943
8.200552114899944
14.236080954884134
94.11569684737525
70.69670816357666
74.3600317365415
10.843671685290136
61.370254376031426
34.02442787163472
81.34200959841033
12.849743282712314
2.984249007649273
96.24311196925052
16.238771571296432
67.91852228909698
64.03793509371047
6.608720255073188
91.50156042371067
42.69106076324741
57.576910730051026
68.00402940484527
22.730945667463235
17.15589278794865
94.70150106818173
57.19810599012917
8.440728533370299
93.1644503648795
38.82596845505115
28.922898545789376
28.010666165356323
9.953458411414626
51.046632638134106
37.46461470258404
56.885204231826414
57.3166804033823
15.473404055549006
93.97207179006693
13.132528552294238
70.69036762194557
73.64837382909639
16.007425353590314
18.528967455707555
68.05620179686758
13.437744409007342
64.86036651370696
94.87328763536257
35.838229938216344
99.90887037465626
55.64494794302591
58.686083532988896
6.956641960779973
87.23440904467556
1.8069224505791526
52.64563231923184
18.711787632384713
26.85656133202298
97.29773987736596
94.38559149349467
34.081348899738096
81.11312438681868
97.31406234311001
78.7748972319625
86.99776432819941
68.4220779551108
33.13518356121931
22.282546491498554
70.07345311587699
93.92548845005948
66.32014319891861
55.848167320657744
91.93023917405569
74.76599712672623
79.21243630206044
18.501975084894582
47.86714788221067
74.54757243233836
22.015580071017364
39.42719730426025
61.835388024724715
13.47303990386278
64.11182681955763
70.78933533040815
36.074056767946566
28.959990264586267
15.64823858128281
35.448898688354305
60.43768567557532
26.217092030195158
56.19667131154464
96.58610880369723
65.44755829003772
77.6285118903865
33.331744673459674
65.6741613879577
12.551339617884107
83.11946026036178
96.17149152957391
88.36408527434797
54.9716701633326
22.739856162802436
96.3023771144937
9.135182559063582
74.14152371934479
16.227415350567885
60.68802611161599
28.42611932997774
15.452311190273694
52.01633521420575
36.487545123362764
26.20788365528855
9.144361829564748
20.33540777115762
7.094272006664326
29.398266270231243
34.93029211001511
57.50632369173049
93.88769602288556
18.214200841951506
88.72810720497333
98.13899808338084
13.607438530015642
59.758192087674054
29.68885603962285
22.8182046814193
40.9663724888169
47.87379755633228
41.64212296056044
42.14011560422281
70.23843037974676
89.68810771993697
99.15236680812545
19.159953599738028
16.930251783551114
75.49163548109675
62.640719887077246
65.75282601595933
2.086479143599307
77.60763828176354
27.057526258738665
9.87940008290884
67.1417395925973
45.00290368682106
22.197320250097057
16.124353809437824
22.518729203360397
40.18774307479005
17.704390988019018
87.64135362291346
60.56017216326235
63.68116409332994
57.3190800684141
50.46545662819083
11.369506342940985
84.51370873316299
55.38462753380618
62.65867495889926
15.438253962077235
24.794982977346027
73.63099575083582
87.41758512780613
21.230333196863242
86.81040240529761
18.192935430998
64.67006209308138
10.130677214375876
18.16886666951667
81.43860731353766
36.82941990138134
94.28090658438722
58.10656286906082
59.14662647440802
82.4514825449478
40.72602038450809
17.841121547441727
86.9109833503293
54.646193565991446
33.04580539920093
37.90063836756903
7.452022371639143
72.80911953084042
96.15730328743807
7.935905383574955
78.25843751432512
50.5987060419139
47.066707516262895
33.395537976157925
34.813396125894556
3.5832154223987875
78.88820920485311
36.44012391404688
88.29119849027128
22.601394025522794
33.715430351742945
17.57238656003726
41.56409331850604
76.65307732342262
6.936023282502581
75.08548713888185
14.23345474083951
29.254157426298853
75.69942438886424
95.8268932332693
69.1239298287346
89.51323281229084
43.65927560273708
97.1574179285676
43.2447077587988
46.881088843652314
64.31716822450666
38.74124112911832
20.672915098301228
7.057981933233817
68.30594344308672
47.13820123089835
81.56715391710622
61.91327689042845
88.18144178433002
42.81054396997431
67.47086056588857
46.360156351409884
61.46550909030888
88.236814145093
41.836739746612025
80.6949979443469
98.97965433332946
40.16200567526884
68.7390403898481
83.80060796659566
81.81959120182664
68.82113433895181
53.95745418526452
24.8611144942139
62.20553024128155
3.050061367668137
9.562674686499836
69.9933124759936
5.514672649924946
25.356997141437883
93.41329550448303
80.11367615109306
7.790138856514806
8.575500180463644
69.09299844908689
49.60993875706127
48.57341190894701
25.54791333273712
77.4414011741588
3.2595682274557634
90.50959394716855
16.993268375175077
44.12838202733937
32.058693628266845
67.09169478272477
24.138490354863585
73.417093391653
35.11295170116219
55.1390692526572
44.60771225860058
88.94976088245795
19.281899233451448
76.56218527420009
90.6745640130913
26.538816342135334
81.0664544000842
96.88418712689295
23.237085295395442
20.351272142135297
19.38725104069815
62.236898738273375
59.47964533137789
1.8934294535348841
83.30299707151208
27.259026358203332
72.80403872743285
60.2393777364053
41.019689915434505
17.432931161308975
64.48130143368314
79.7642838493512
32.35609547181232
26.927558505663196
23.35163825071379
81.79802057005101
40.91648577868114
51.00949393900151
25.619744301853956
28.781747814235494
56.461667832567024
80.93736690629292
6.768246394566307
99.40994457439068
37.19913165120827
29.086431333792223
69.33022445250329
82.90175836007643
56.668598850286074
90.5943121065068
9.096343007985968
97.43047149902183
12.33068657540651
3.739685639093366
7.9158772905760575
92.63770444559793
31.596295724224095
81.00228683496624
71.0114555642066
12.172392016834008
78.64779324397743
80.00853210118616
61.9985227792114
2.956115336194132
73.48705463532697
32.89127809244797
2.3433188236198954
25.050875303152235
35.95207021686795
73.0558752912065
77.4482803623121
55.29187675470497
16.70505774944375
14.836970829565084
74.31655187786693
32.87212733816921
91.98788652051762
66.78822716632537
83.88300715834049
66.42444709019804
75.9615297636393
74.43910221089392
98.37066057346603
24.194449222762337
86.11105730463588
89.0742136157971
68.79131206258019
72.96538380112419
90.36599696197531
90.02345445080988
93.77478919861987
63.59611495365942
45.37596122478784
73.73598937149612
9.884241267198394
74.48722731113868
97.05056644065161
47.48820878930993
32.36006431411249
26.33405040365167
7.532134082652973
5.9211938652416
19.428728524536776
66.87965889588993
89.62104935492816
20.262986907062352
72.09351635174981
45.17070079386795
21.49853603553262
6.823194526279736
44.995314909840026
9.83457034762357
8.37261484593972
49.99656717442236
75.44940256332025
2.8329939603395458
39.81090364732546
52.0315969209553
81.48464859012506
52.71757043700107
15.857955313376067
98.25046001022108
38.08504207606389
59.540088408741546
5.712811661809697
87.76429817215406
77.34471021108386
56.3035271496138
25.09438983261423
78.44781943781103
94.395010469682
86.20817940010024
40.694297854458206
45.32470496236215
42.39335449405026
28.2073324938629
77.73462817419234
78.29494878850903
15.144998422790087
85.78050566906563
77.64944037431262
15.865965240337832
80.26114512080022
49.42401520132
11.481094614001236
79.47829919266782
84.10595606402661
29.103415631561063
75.14196116293627
19.923998400804283
55.864222184925204
92.45410274873674
70.81458578651707
6.659231347381586
78.54811714600922
24.360818849282964
56.93344956940645
11.842143575595276
37.52248820705202
94.3585643110117
34.78614043190054
68.34198321723811
93.79708265453783
43.55482840877106
12.350150160513019
81.96267258151988
41.95356539658922
78.10369157207083
47.39351486354735
48.409006623155875
27.94806290298872
36.60676656343376
25.319738257710057
42.76892421006344
85.93113411561144
53.81275368593171
22.632131398729506
15.017656802291507
20.2091583392266
87.69564643917658
71.76345731405546
45.82228828511767
56.641263205989766
63.80500984477221
85.00334236493545
2.7706584547573425
33.67584037442851
91.88959017033173
14.63926532923692
64.6162042932659
63.03998052203838
66.68956522177686
79.6027217655332
67.75577590831887
73.12078129664827
90.29175236380759
21.464536781835704
85.87005155859525
84.35587982775135
77.49160464465528
26.784135980950204
49.66379480838548
66.40388770780503
34.79437757789024
59.57589253896615
87.69751104757681
33.670754986638684
87.65455720308815
10.886812159641995
89.07879125473866
11.79765321250783
69.14892407985614
2.9732222210547277
29.182475927281324
44.912659148359694
32.64378225570321
28.43314302697596
12.210153971160546
69.180828886301
7.357104269898528
5.4735292662527435
77.43498459628192
78.41144033697947
86.69305268853728
6.57509280756085
88.70113110318641
81.87347123198097
18.95646360612195
22.404898764422867
67.56881524336859
94.87108811415771
14.696852013842019
14.877781488320245
99.39247773387365
73.32764154592678
9.537196608884859
9.135740247597786
6.1393406861830595
5.570354623607672
57.23823502112902
47.53271634521918
47.37185736153816
10.859086367356497
36.28254573873383
37.874000438117186
5.255257648107566
70.4719585937438
30.470204935754154
65.84063656910637
22.241577077769616
19.3171288353242
30.976683412344638
93.63252857572066
51.206496990823354
72.34646580739157
73.28116030745203
83.54387350364634
32.104325590916474
89.49748114944006
48.439196157629574
41.11103223636751
71.2115481148044
71.38596768441569
96.04508932460085
11.035458799409316
82.34738802829048
66.85837347222959
4.0302189007873706
57.9752542368899
11.803156465259496
15.920164838889201
58.167040117431746
22.7986034617559
51.201143148932104
56.04624156150611
89.1309379926575
16.548263465835998
46.22207476427574
27.11810273423954
24.808163685672845
75.61961208665316
39.67680109841219
56.63686698038604
99.17885794286661
73.88210656604915
31.525735601889853
2.749687566012727
31.839546779870897
59.377496941217686
42.54272359439187
69.74270091720705
85.7383493558746
26.66659150042088
9.123159997902722
94.80744764965064
41.701903086264444
84.18031430674073
99.99466140848736
38.23346605538797
8.51781915189649
9.466934345783123
7.334570472757547
23.952296317560254
98.07073560726302
37.922452395898794
64.50019128378565
29.251255367846607
94.87698942811267
34.790229476404136
64.28475646313206
3.3937449884906554
39.68064074060604
80.07054251847964
90.69338749016495
23.671544026484266
41.915869257257576
96.89371567178162
88.14409084256478
91.86942049039553
81.37452043952159
74.34685711856623
99.36575689365546
71.2521984815685
33.43035180897374
4.161395451453763
34.24876564338215
76.81980870828096
74.05483016781949
80.94459235053549
34.29130062391252
57.62887878620908
6.668078048487535
24.834283106440616
41.37444559468654
75.1258494220587
11.665717388644264
57.15132498176582
75.75758623565669
28.38278596794286
87.70842841509923
71.64017112239554
6.220460807411559
2.9303014769089137
70.66737002144905
15.052714589391341
49.889883351655385
36.847701420084874
44.730116525334736
23.77710264556212
78.8245556608315
24.804960176984537
38.72792745734207
15.317437896177573
65.82304809286566
76.70074689510098
5.135472857795112
7.247125331497
37.24728092809005
44.96852966519853
16.08486574675374
80.44663573237948
46.93980806396381
26.959445408757038
82.7314416404795
34.97170877588466
55.35800340596119
21.727523890613142
93.19299348844582
88.75588807704717
78.21162081790331
47.94685697398276
27.5792956034287
35.88520340986249
67.14048300160913
73.91061655444292
76.62503811992664
62.75508024705947
76.25963292510771
13.894350493198319
84.95337691050293
20.223610750866975
64.42246645621402
33.715884775402145
32.43486681756667
41.80833784108981
86.09188135088525
79.4216126535346
55.087195656265344
40.38822894308722
33.30382570738147
40.67345743981172
56.326065060472565
19.072420680221594
87.70278110517616
98.42980302214794
73.74125986355968
40.77277736401527
36.726240251130704
51.89947019789084
12.107891473280553
4.757278734026054
76.71144687931252
28.90843218964649
32.56484471481978
80.69571177843535
31.24061194962889
95.37882016463021
13.392265579908347
21.951364818940064
73.61591768844144
3.454080638238508
82.55785937145471
94.91296547939082
57.6959252755826
45.760657294544785
72.80923755309827
69.82717180947408
57.54303672992419
68.63974316908498
5.350864420846734
36.258691016931174
20.55797952340975
94.28150866817697
55.03556925185761
25.112690613713223
96.76441762365407
18.787263012646694
18.07459812864758
32.266951502520804
83.91815411778528
28.98882490200712
86.15128448987782
25.133002479291804
57.0957748846494
8.919715864498098
27.139743890308143
39.82319728355093
5.7953378915473905
40.3554799870631
66.72898217723485
76.87365003704247
33.40109527179117
84.58865704549366
22.019775706452304
50.23386172479288
70.59957176166489
40.77838775243403
41.42538326452342
83.0970810675985
81.99031811355702
39.50124948704251
14.333925760310484
16.982951732627033
98.07002472683345
20.477993844523848
3.1276759124516555
81.67038344861497
51.42878772352143
89.57287697263683
97.37125708210498
83.56546877554848
87.57665387670146
85.64633858000275
23.716233474152986
7.761801807299604
11.080420755546962
96.30468778788311
7.246912189440154
93.02391370244219
62.687346747382925
12.994199104238612
28.87944905024132
68.16605485964124
78.83064965165936
10.303918307209939
9.212328475371935
99.73119153191666
45.80798048485805
8.434950331132756
98.44667056064583
43.12309209849847
83.76168283200087
96.73378010903569
61.608321069995405
67.00662080967814
67.73205236607463
54.24884356822206
40.182198722185994
21.400015947247127
68.92753851786914
80.3454424420359
98.72891087748748
33.80772546292435
46.343875974341074
62.9033804310509
74.94948451170433
16.8618562155841
34.75057116046201
65.22620873360634
57.04081856182867
54.4071994367637
85.27777588767363
90.72284855938891
92.47674408193905
5.751987733240336
28.628716487655574
13.039483969403037
43.78678144624447
19.47678948471727
52.168276559660534
27.604470012863146
60.805309677776144
87.42900182951067
77.30109158125883
53.438514182872574
13.710631046299106
84.22102214647619
48.92594907207154
8.89790104338474
12.629128007794776
11.94885510127646
27.7559141384805
67.47049552044052
5.833475134264187
14.485346436469456
49.17983612073518
50.3385795999204
50.888733055188624
49.23940645574116
4.6099652337006916
93.52575124638855
45.36816041409237
32.611238961206034
29.422408584016356
61.16532184852293
38.4546385048318
30.52780487594247
33.596477715904975
6.342397286189913
74.62867909791301
98.05737048646658
38.46305695860034
85.7993835965734
14.427105418554456
41.91518345253491
75.57167543877932
89.59960130233252
8.003335987269832
85.09743040487916
29.321041221694397
88.28673338814419
27.761436183030963
75.58058058161829
45.12700075440889
73.86677747711448
8.515518954435294
54.730987267537344
20.214393938836583
98.04089651746365
85.55267967799048
69.9171531300284
60.9420865316286
35.486391516225225
40.21810000376994
32.63858041099565
68.300511940505
72.63389152610667
89.61775886890939
78.6685442046456
70.44990147770328
25.030249911630037
60.29112721659491
72.65681662452502
73.78914517113357
5.971631679570541
57.45059180227061
19.557539444237563
15.277998808084229
40.333918129367966
12.237054764647514
37.72549106622945
17.737364000266222
24.339276316954827
46.548898207217825
94.54480554737005
15.17704016841999
74.56876761261974
41.80658335139289
9.040331003979595
84.28129461052306
36.20471582533292
58.22945700327304
53.61349016400721
79.21211718903447
32.045386318609914
48.76063160932064
94.48544868707715
89.26302336073978
70.42548803081586
68.15266685589397
78.62947497087431
52.28749271347103
29.065862660364512
34.78445897194476
88.23188040967165
96.79647793173288
89.53438325273369
49.85821875684071
53.19520662669913
86.1011214957562
62.44961560322364
86.13336563593124
5.9644502736458795
58.69902152483663
38.22243706621925
73.11115363196994
36.38381696095369
18.44438741374469
20.950438982480208
37.65444473035129
12.037089938677049
19.350228483108292
37.53068743568353
78.8583674130528
38.78096375133017
40.42320063185838
92.87890163244094
66.77899408712945
57.40466614551357
6.9933351012954335
49.456855367396685
43.10325570353726
99.7983218014274
8.141544513097008
50.57930661235163
37.385091461271095
44.97312706372095
92.37848598677223
32.69617640360726
49.66905210808616
98.02739087807906
10.580755228177324
6.124515392019014
31.274845933033568
33.13151075747665
80.66228407939454
43.01610322790905
8.446494344269835
16.91131366551473
60.528109841824104
43.48341853785556
60.807881962358316
66.02438365586244
34.46718945175561
75.9706880273673
66.23423910395078
69.09423701829829
22.620049067093138
49.37539268498543
27.587140814549898
42.364566740696915
11.504084218303564
83.3315970597542
90.74281249554257
98.85853833691631
68.14326349598149
74.85766181711931
15.072039867292107
26.638666550453564
18.047906933303715
30.624662953611754
2.900030363072971
78.99308262941248
86.4981376773871
54.554339958791395
27.23916589611398
62.929615188014225
86.93694516629338
56.29018836827398
31.678489782099085
42.20734994235342
42.144591960426965
6.712536191764474
93.77233859875176
20.495118059158067
26.640212388849246
14.835112877370777
44.29067423917538
88.50002813950391
90.92585610347437
56.81604899633897
91.03427158150993
90.61971815860849
72.63594742968596
93.34400660370268
41.68438678445748
69.36046273640007
90.47208872908828
2.218585851840894
11.708060318625577
68.34504366340246
77.75707472128222
48.23954225643501
79.05846328390527
63.57563773639166
27.49731544580263
47.23546683407455
85.41028627486538
64.71107570645734
41.7375376812586
96.64761588894265
74.31632363200887
38.173168126263086
18.026075578467257
48.95015917950808
4.306849603169968
51.08023960504679
87.30530498395758
59.68043158255802
46.57265265571836
13.01062757224556
62.14475364251143
90.98907572938825
39.646216274362615
96.70140250242903
68.2931472070953
92.57762028776705
27.475612348625834
29.168069177366664
25.90955647717269
31.227958132575463
87.92651679919186
71.00453390882922
9.776528710845845
48.69411588514281
85.54776362404272
32.96212856208879
16.98296942849654
90.07922401957183
11.025735164857695
8.080308015676671
88.71247028394762
63.44425893330753
17.236531408534773
59.575684951851116
12.404720525047686
52.44564767585298
3.649648277861624
9.282874598948199
13.408047520827882
91.06491565889498
15.27848517492128
84.20864007313605
21.38584904546924
55.6932881250323
26.108544250166375
15.689525430370418
14.218318755718986
54.08347348313478
75.74180283253588
30.814567944867385
13.82126804020574
21.839607696813424
16.613414422746278
98.23983607002788
89.50473338639378
52.95449386418773
23.336133850965055
12.154288283063448
72.47860460068271
28.583354689336954
32.448153045925835
44.91545860998126
45.540684888441646
87.4972082827394
30.992501092446293
71.94472055445175
6.2356324940990175
89.57572998510147
24.500645271678028
66.09430783579897
20.203164427497672
96.02984694299819
20.813926792478394
7.286496114530805
9.642698439490074
33.0965157737199
52.14665100520913
33.53405630249396
79.48728381969501
66.62846125544075
53.985587981966155
52.65456774802176
77.44316354096689
40.93439707643135
5.056446424311402
8.913540338431494
32.578083231505985
19.289044726413977
20.87178696740706
95.54323471698068
9.363999955599565
88.0555052930398
56.408625497527844
13.012911381025228
3.851535476404784
32.0671417918873
35.724093227372656
94.00086025371965
36.51254294006124
5.9505329928508655
96.33458997760505
6.545700607862519
17.847597743116047
57.72601059133371
42.76283648399895
11.004945560549247
8.05096068520478
91.21933116831443
73.85282967748084
85.3368685093679
89.60263339622504
49.81871965482032
48.795288527793375
86.4522020461082
2.2720646884360653
73.57651961928212
11.933734356594655
52.61274561340118
91.61631349612776
16.214331927146876
41.072252853826825
71.35830600643258
61.02660287422376
15.539411224364017
27.543259474468638
74.98848197129684
46.871124374912014
72.75420348843855
49.462953500236225
76.92752623324354
97.93878500500809
98.24506307230956
76.936591235216
84.86167154305745
31.89933314844982
86.14273845515065
89.14887546593219
48.66405278330023
51.5181261435165
46.65058136238786
85.0992940561149
60.008138207841455
31.24289344048162
31.18410305412918
11.956367835512594
22.733636846699717
12.173159528792313
72.28599263710183
85.21279548140886
27.28824577139806
99.63604440281354
73.5978815471986
57.082513901531584
47.86063605559315
60.06657596922369
73.8775314376323
38.421257700273515
28.871226338510805
15.768996859710711
27.460343075428742
84.80112689780209
98.14147498784315
27.451480188390917
60.385486685353435
30.292771923765986
73.99033956832763
76.71878088364147
34.48589852758786
29.806620144190703
74.24251104762008
85.80310918794315
41.122451834998394
62.87330073971423
37.62313917640492
48.68712246668054
50.13090546778952
64.52166595318282
77.55789134545448
69.4011833713741
2.126327704935037
25.702080978347585
10.931601079022354
72.27818268713037
56.57830251023632
15.57260527290381
60.28042399804736
20.183070060855382
39.60013399351661
61.46050419085446
8.570753953012776
58.944549958611695
56.52828692521596
83.1235635682015
88.63653835728385
3.848886496228926
85.11432644419163
83.45165041497047
39.37279692505971
98.19847464380153
58.32182398135592
64.74675802275564
4.066138435634949
79.27599673320418
68.37918241670195
97.35032126684105
80.6703889097994
67.82305902738659
70.37773165551698
23.46045254582911
97.25635969646994
96.4515536882883
84.02845281645106
67.64879742190617
12.671051991326271
99.7490491843985
68.69580483557979
95.7341804251762
34.16800417061432
94.1882692532246
29.754330920789485
68.1100481396959
77.22822001698628
76.14817086807071
27.496980439088862
35.25138968107012
67.02051632261944
2.5602349553864965
36.560700579220736
74.99629461739818
60.587135793508445
17.509699731197287
8.239051439800622
61.675100789903844
44.61256424621715
9.905733502188522
75.8636845753413
11.38307802195083
30.72206210812178
39.52004513940858
14.404137903645642
95.5599797789335
30.180886023162383
84.94836361899404
99.83370972690125
18.764480597853215
93.01079121396714
68.89315381739279
16.25907165178128
70.81196742724607
45.98088718894625
83.84259813446532
71.56994823597287
19.85780039375264
54.03440716849125
80.91082950651689
19.67973197666768
21.758207603437963
24.911420536894354
91.2935107402559
29.956887743435512
46.45310397972441
73.16360616480328
12.267763717141083
13.328804786669867
81.64887691900934
30.964797012810006
46.596598594326565
90.21123655767592
50.586641688196956
4.4534894127094615
30.768810004186143
22.325850406708994
68.21649766534738
19.627498239318715
88.90882784205424
11.536119959467987
21.77656788301577
29.249522681162812
69.25762757827542
68.25153012915152
50.999784325360714
79.32296207579309
6.208524272761511
50.198839673132674
53.080953925889055
25.833279659365903
82.30034433418868
59.461477897035195
28.425246359803232
46.6916302116207
27.252595517648583
17.472616825354407
44.42296276128881
41.141667069835265
65.33060616263788
69.44376511525792
95.0367832031928
40.890726467776204
97.06425547877514
39.01916283105051
76.5739839095552
86.76189605337989
49.55303874627655
92.39165893739418
63.182418557073866
41.7580922906604
26.089033114027885
42.74395636082928
68.05150047474623
59.04947445350945
47.033241806838696
40.9321197029026
23.318980284747827
70.5440741007201
69.60758605685002
8.878792797727414
55.11729559827149
22.319987908992744
31.868094445721916
25.234620522107935
17.397497274873235
71.18831826476293
27.921516049562904
8.112451668819192
4.605296806355302
59.256618242174966
86.32233269192925
12.731594021643408
26.076964647809497
83.41904016998564
80.16325206997705
53.961061816404296
59.62914399339645
17.78295169004044
60.98328871555776
22.202253765660508
95.8375365905699
23.072308790910384
13.696565823277227
16.52874502146334
68.36749735411745
13.669224995369433
98.60821428634955
13.144541368113492
21.28952996342047
19.75915461605962
82.9211195998681
33.15356285093856
56.458228020394245
44.10874108466855
33.01503789987159
95.3998138922672
84.2701553057462
29.43566505957948
40.22210227389447
11.254539908022391
68.53263753715113
41.13133277454549
44.26900519116711
47.167268917748196
45.461734402574166
26.28744901562059
35.06691204641654
99.40669898858943
18.806962962405663
93.85787415686828
34.34925164816939
56.195910167566964
14.408960441596424
40.653181464123605
80.98152729290904
90.45266048127134
23.560390252332173
14.684431284372376
86.96321487798916
11.898172468680144
40.75527835560053
19.458493630965695
72.24832285165334
72.5949693459922
11.879170051123364
50.800082777477584
46.91106480822592
69.05699961247221
33.38807119294027
93.86020769681257
94.58935723058042
60.10728813057003
65.77407891765775
72.25622554013815
93.74998566914876
80.42609521321646
92.10865646670224
56.70092892699578
66.81326968729509
67.48632473282507
16.886700383261058
7.226272810589213
42.557523511331006
46.43871403205274
93.61483225598728
88.28627970504236
37.37870079587666
91.37325338206217
81.22194690911027
77.76301440120334
76.49543899081249
86.36237337043659
53.147321727384906
58.42262038550613
25.96727615110593
55.3603413236092
95.17761054958193
18.168055625168375
40.54556649119838
40.79412409866557
79.8463237541912
12.513098378178757
41.577935977549195
28.024262082809337
58.34506119413496
26.226614366215077
73.94985564679052
70.59293769591703
90.05458323992644
91.85285300967276
44.29764997550315
76.24460208943556
99.55720811158234
56.773807709503835
74.36526953913243
90.22365646376723
67.9013906113662
31.370922731900826
88.14746102510465
83.76868211996697
82.95965720320922
23.84881699376094
88.03045426982696
43.97607997939463
6.462044642268861
76.03487682220145
41.602840706095975
38.25079568126927
57.51522098106293
43.955647638747266
73.51000113375734
51.53009260694724
62.591880631494355
29.776403600499865
66.30892655353524
18.105528556232304
13.72498498135746
85.19143541719824
91.98092481348789
24.88015776885077
73.05548930555075
63.917662613726634
6.367153094828505
77.71985071847524
87.78748737949509
45.758333098754676
92.56130704686981
54.76747122921581
81.25567382155839
44.963694243933546
38.52333685797696
51.45382111824247
13.295339460502795
4.560930446769665
35.1742908528588
82.07382219275405
74.6260586015845
41.76085679648705
93.1228966725554
27.167014041953816
83.52753753859339
72.4800529650013
49.05047667202944
36.290142983602465
25.409203583601972
72.83483497967751
67.37004922760707
16.962959189459742
83.631398169495
6.82826463394757
56.87138798184501
72.2110731851383
41.834857819745785
9.726552747789455
33.69422884158269
8.626595984577467
8.1246909152099
92.53425609190609
76.9001012925068
40.649686151960914
19.36166666246289
51.25024350280855
91.0223119262631
92.41194459435278
76.85754350806386
80.10312120460999
43.50657371042389
78.21350977939588
44.2791242296129
27.336986175745434
81.10377722770757
78.45355249648975
5.1206845283118705
47.89163750155575
42.39317379756929
61.023712899792656
76.59626308124321
50.778968689830656
43.051584190509494
23.14996824220836
70.11383058507788
84.29041998011635
49.96105379967582
67.12676264667417
97.88427755773985
41.29313711363367
7.56929070076892
3.53854745532056
80.480424192437
6.682738239868862
53.1774671314725
38.8464908662945
67.5834403127057
94.8533495913283
12.248119962908019
29.00792770479374
31.161653356328998
4.736088863501015
15.293660066933315
29.602027338487797
65.55013478647257
87.39063077363785
49.3291759658736
7.864314048113863
2.4660107839070053
99.65335740282435
47.977934348365395
59.661717811410526
39.30382774108837
11.583067609566113
57.31702918419788
84.51020900216672
34.400132589338014
55.25594584065886
81.45680916132844
95.87056593424681
23.43944211459349
25.998618361966578
40.608249872490376
83.44517654781957
58.528906932795095
90.48610134667875
27.271628964279177
66.0027183819106
77.05735094597253
42.13403686479567
7.562429746100088
69.94069481010312
73.85366131637414
40.076641001498565
78.33414984566254
22.143287106010963
60.527859577661346
30.15771150920204
57.90708565593429
28.77534739624768
77.09858065484725
34.148540891454964
65.3628381008555
45.76851791355187
50.85079084990303
7.540990008144589
96.9537684869323
51.29911090938331
37.87061451643231
41.59339579894526
52.751358032626484
41.042744917757645
17.859977561952125
17.276990984180095
46.50180317060237
75.68651657606648
98.6934510089987
63.69613720248007
18.087747932557946
11.194442368560951
13.184299265429674
18.383365685029087
5.5523008465965535
65.09621315184894
91.33309998580732
98.9139952932487
73.70455748062336
68.26173609945742
11.583378172832466
20.527529939917958
38.24583097428239
86.4442704883909
83.19315886152867
67.70260140393707
92.26597267365038
60.341741889566016
2.216838912615446
28.755279961594187
67.32792960108586
71.74257281089459
65.17257403787954
95.49750016081737
78.39847115366582
23.567751592552874
41.86472699791015
55.44067401191118
70.60041861769099
2.2714587224285423
38.07414335659425
10.287871305815367
73.64417064189682
99.16824515834425
42.33359539071506
83.55024238521604
91.01777317401177
97.92473507736693
52.03139778643343
17.47838436420342
11.251581818597277
61.4488759478854
36.462966279587285
31.86903713441749
94.089720481545
98.21013003816329
91.11561538855004
51.284920866461015
94.17789061092478
52.44960673696948
99.00364060318296
67.66795447530487
9.109965716883295
85.57433582557417
78.11013246004579
6.240252610806627
29.98210361116529
86.18950526244737
65.69565861835744
26.479139776901995
38.831150850150266
87.02533545112246
86.29379965707345
55.160644291183225
81.00430183004856
22.551310082610573
62.75444313050067
27.10748101831072
35.290462538317584
60.809897017391584
86.55204510681439
9.842288272569977
99.71948645536219
13.200449872686416
85.74895256692717
99.11025956806573
44.665076718384604
47.21449495144992
79.3053262077347
73.40892198694898
72.3300535092129
87.10458076506046
32.90790788297527
12.9100671469111
38.75889840834856
76.67732811854628
43.317136256294404
12.144783324334341
70.08480547926948
28.494910275001136
13.184796543934352
29.35920763885598
61.466566759643776
64.98487465768184
12.696125701204696
97.88331626493952
26.20429452090219
71.95619667605833
76.4238204808388
90.46252818822626
69.77603998337256
61.92830760746211
41.02256714904122
23.62798859475359
72.57571046634223
12.985589201567612
16.5768343176429
26.12711073075792
11.53851751785704
22.47857838603689
83.30177677917288
12.53719643234775
87.4811443222061
41.91709886961117
93.09619372987723
79.11702016171068
82.31904276693528
94.6119539644915
86.15197964966193
91.18977194219657
63.75126780943508
42.50791545216599
40.57641422882834
59.5664945081555
85.52067006174514
27.33398959032681
25.193537479347913
30.84482530616076
5.686465340590013
4.39161226684489
37.16779702205934
10.883018772168281
54.09628638839062
18.627084344477662
90.81836325741529
8.503571088841241
67.99633126899788
60.540819880557144
2.457497916013301
97.45640621502136
67.87457726642128
50.68639125325898
69.99256515214941
8.021994446071963
84.5789339157692
78.28730502070972
57.54855981437471
39.466586991771756
74.61483774171448
94.81823848020397
20.082042277680124
78.1848908727359
81.22176024613765
68.86142922409144
66.1933686455904
24.735924368171013
82.89720666906113
80.14569675376057
63.61271723501547
71.82747884272479
60.45300714694862
23.34940870807963
72.51988291637299
95.15010319310483
74.77503396620088
77.76684527135954
5.087904452108914
10.065940492304652
53.21427838100113
73.2287735896558
36.92552010088909
94.01385744122884
73.58833450335753
88.26952333116539
27.914021398642987
61.08275770847475
86.8208373831927
63.830465904255234
57.2711559226867
40.70673265827119
30.658176028683616
56.94175325824701
33.23218560205768
28.807130016051882
18.715163657630868
29.486801290092274
10.27687142505248
17.212129267194573
32.498558317727905
79.1454940735036
92.93041105151642
66.88416427109895
4.971052494369639
76.65719998435105
26.35867256710204
62.254251421481605
58.17576021910396
15.67961942847708
81.38971473030279
65.56930567004463
49.83242020957223
28.13117541814137
7.722888087467998
46.73347937783275
82.77471330171188
90.46100057732404
37.30259754569407
75.82498208875901
24.06747316188169
30.76839730058298
67.80117350404022
37.564071244190714
30.771223546293662
11.831391478821333
42.40701999862201
90.24174293013213
55.583299195491406
95.54697869870284
78.81625772195912
28.822473885373306
7.764370558331541
70.80859976326511
12.908752611992586
49.64152133854868
43.0933367843719
53.26157716560497
61.53153984530495
85.49966188585674
9.63352400138169
59.09005070872523
60.60721950952198
31.140778939765852
64.42679551038964
46.99291556052876
30.355831353577422
71.8787330149143
47.97440348118001
66.64972687969089
63.11750914152896
87.18105241818779
74.18920881760725
73.2027583574915
39.467564575984134
47.77261093772937
35.92380650231105
2.067037155919191
79.76018292933642
61.988075297823904
18.817906574698185
7.5515366446388255
40.99487437775169
48.65461151659541
66.86827803592925
13.248163204892503
86.6003580389898
56.38420163353564
44.89408626003774
57.5638801487415
8.581223991140636
41.713313453639735
60.76690717153642
92.3729264470039
11.319224502351888
82.77352690747111
47.95878637344075
21.21971143993318
93.94334847103288
6.230412975606288
25.66204886767634
11.960084741893713
59.76854337472887
90.88662793175618
49.180390634261606
89.78158038749093
66.0372536152976
23.692000962281956
83.21711327402775
99.1823404151906
56.6306249761887
53.240516931731165
13.647231161632245
63.82989000402924
44.52519729741092
51.64118243105694
38.99097573663145
7.735796993132991
20.677785328469547
84.43736138704962
67.33700222184649
32.595345982769146
34.36127761737806
3.718911921451226
70.50977069984806
37.985415924003476
42.02133669709717
68.77838775085495
24.415019938365084
2.0668063307894022
78.72611000786112
90.61523971977908
45.469682325468945
57.12974819651309
47.38080205249784
51.911158150291506
99.1044419872747
26.758632950761513
45.30817134566606
55.153916509424
76.48451581316708
13.935984876326973
7.928554007213593
58.118850949248575
72.84639075568022
18.22969137109934
94.59354191745012
43.135453454218165
69.60503752435505
75.71611949175158
32.494191281814764
36.19641640654264
4.326686599332864
60.9932587635751
92.3818705252992
61.33787866954302
8.597962430771032
79.86291978070292
44.733658241646395
37.458093956556056
6.130972239352325
72.98903082603475
64.2546817156444
57.151032529155955
97.8753604189755
71.63749139701285
85.71948464191337
5.842165072897715
5.751387033154321
84.58186172215633
41.67566191081961
64.45921605932804
31.29487430344456
27.096796329773746
44.64570751089084
7.850717856351194
72.45704140359075
34.379559468874575
15.191590846953938
32.13514136773429
18.958914311579182
42.76648086688197
65.54371921865386
14.924711235400858
82.62715808662873
9.693228603503
85.20694540576443
93.56485700333234
50.33874021043163
59.20679611394466
45.45447556540487
9.547471242876437
3.5363811919293062
93.24742196300565
9.988965285679795
8.280378398435461
91.1783827593162
14.601257653950753
26.672446495047705
61.30194899951923
83.08986762417913
9.232665679356243
8.823724626429836
8.617370308181552
91.27557307301063
33.3235170936452
2.340691936798717
39.95500989481843
28.841548100804808
28.862001779198707
23.585198033316573
6.463659253280894
80.08359462456765
4.431004866056869
33.9872123585336
16.47831260435437
79.78695644502184
9.912481921107979
59.05618307835683
39.559541718720304
61.41926567861293
60.799349991847
77.00082528372114
92.38740777794798
57.07740208559298
3.937235116967309
28.17240353724085
54.58718881291492
56.81092547813139
99.51939816779057
2.1316861138720244
30.822096633259424
57.493106373088644
40.318525974899856
60.911169817649494
27.78282900841162
57.91188420138484
92.79642312850982
71.0871812699035
30.034418207492894
68.8213717495339
31.295285156777368
6.123127631880919
54.65788372450593
10.44826952201558
28.63514597414408
60.95588240342331
82.47817179337234
12.439661132398992
9.05241110362931
81.59394016547502
80.52063122363961
29.94241632314182
26.430232814961535
90.78590476996528
10.019397118494794
21.869490177954706
10.579074538075744
10.902166418198872
2.3114608472469684
36.91878441651066
6.01975803786555
88.46462754465914
88.30426838533978
74.06745417975625
17.461425778499255
77.23839904463686
34.48498266748726
43.46889441205009
36.00292506374475
26.508216943875805
85.47273946241617
68.51499899393838
34.37628764169423
33.54748018437699
95.33200014507719
62.59216623369606
2.636214132144552
66.98038606774392
47.807036466942805
40.340477713527946
70.19591252547802
43.70395183165773
24.13503491478467
70.96204109334921
64.52576976822868
21.922539461969752
39.57833445840004
77.13781977527597
9.816076272073106
97.75823981437284
68.42035607155681
10.965262093370454
83.79439398787099
97.59926034700693
56.72439833112511
91.92827084614498
5.273468079882564
44.50871570537532
44.39300056089871
86.76995423789715
6.293169020591064
11.681595929965981
96.69064648985939
94.18871746058568
69.60516176195863
69.91687588590256
96.63960043679776
80.24186386958773
64.62442571598238
9.261622271177064
84.26335190933894
3.63738726687511
88.6063596370148
77.06196551770306
90.76281461004383
43.94753166825381
2.6765732520951477
15.307828050241051
88.77185084858226
90.55172417126886
47.69568463269672
58.01742137599131
65.59419008024524
41.30438214923849
47.610584548349266
37.69624585395577
83.7303588816374
74.19403801471665
51.41657231997255
54.35775627966456
25.361089679475537
15.11531118067346
47.20993873221536
96.39700300359695
19.980676435322035
29.979714756378964
78.48628276834376
59.48854353536526
23.278369720007525
38.44992171684193
58.680997654821795
88.33635307305495
38.97742313249795
72.19722042316833
47.649581096474826
91.2901309698879
89.24446728647774
11.41486467564376
47.953998549352654
45.52146915516942
99.34263561508875
85.38811468953871
50.59006744895532
52.29685876398591
45.89026003274224
99.1656606399652
25.649796754883646
6.840748760985012
72.1413275026403
9.198818879523609
4.540155855656326
98.30689431853786
38.72756356037135
56.10324147465269
77.72644825299766
25.4334448185383
57.18705144904007
89.886512410961
31.505490338288567
4.065727410440451
78.38945987458462
41.98403260563593
73.62867337042559
65.18754165821575
2.378491406352668
53.9133850230848
20.427467232268267
7.3646166764177
7.152611522466465
58.30708480453637
54.96889350645627
2.0072158154576494
16.11476651332056
36.60433457072019
99.06540941774756
30.10241980496977
89.3846642964741
17.608705777188185
54.6863676385267
93.79642053086347
16.33947885447562
47.008276604136604
29.055424807978227
5.485533372934945
4.291307737440648
36.45415472400717
59.820894644326806
33.825526990855224
71.34880216257727
24.564953527400736
66.70329487079971
90.02671693814472
61.077896218427604
89.41652802815491
14.672997322646014
32.365664483480586
67.58951790113211
38.65788494890048
55.60409310492158
53.34772391087567
85.6738761882601
17.00340314964561
7.4234603563547505
98.637781246639
62.57771744880315
79.10311821983896
25.353702739920216
5.456432172504153
64.31495519308186
56.71967231477637
46.37812065977687
69.88855279021568
7.193925599451264
52.824454946037086
18.408534359600086
12.886497225626176
22.808939427498096
79.28548206857833
70.55932397610509
24.500449443667794
22.02760028185085
2.0760158592129176
2.7772108042187034
36.38384608867151
78.47051887060474
38.56191341549824
41.164873120805886
13.221662724997136
39.25185226694873
91.72976571238821
8.834506119426253
80.3198562060882
95.56188656801483
12.777687846582925
71.68027028967613
20.493214343472065
50.37994925238891
19.06492788045666
51.18010626547672
39.53981994964219
95.55598796099528
43.514571439467204
93.42292217311034
17.172221344830895
9.401466855076878
66.51665421781533
15.6995636927501
69.66524910062354
88.56407117784998
69.35265610691373
76.55035719955634
95.68689984387
94.60728075894887
48.996513764914035
71.47168482640107
25.121163081095975
8.150442970416165
52.960285832126445
82.11394164747881
7.260535038690637
5.508191690368311
19.468241071931008
80.28015498009785
30.1172130089221
51.7622259612089
59.19259589117714
47.674513103771176
42.479015078553765
57.679637256765346
97.48314874626183
62.77810541646411
48.72972441538867
79.1569172283956
7.328052875165695
47.48422461545154
18.402078019331977
98.54283278686789
91.80734404597553
53.9499672694274
51.58593002125734
81.89578529101279
81.76941802791013
81.00285199243129
54.29060829624901
72.51520970914304
51.45592167320311
94.68064431091224
3.4732148035206283
90.55941174202486
52.8489113764839
62.17505171267726
74.64185431237104
19.65808017789258
95.994517277946
67.23819526812022
65.84614462234684
52.91260767076505
25.24224410165233
35.943530882224515
17.570137929259104
87.28969765708801
75.43971571902745
75.46363191875753
13.323402453772749
67.49797631992004
76.32399244583891
93.82508108379365
33.7173707820805
19.673258298227687
24.00800609520256
44.18784518050226
86.58096238085493
54.866716504897575
5.893595584375052
92.79651866740384
52.17839418210328
64.2926918402683
20.428478374996583
24.569065249416322
38.68298323403932
42.45541281248384
50.44413791298723
8.066610730112886
95.11256394850746
80.21929003984327
38.52046148757033
26.05233430534932
81.03421321662648
45.13696313004729
15.533023370629905
10.214903668298641
33.31909043895445
96.59117125317731
4.4523637362127735
94.76319351168804
59.605959147903
3.0494381187273167
69.26692870048298
41.36617823029333
64.41280205323237
45.600333473585856
36.11009806306719
31.415211997136943
61.15002668392568
24.92880636082075
12.031649339000042
50.462593466583016
67.76595542423931
11.910180961147244
70.73565870237216
88.64100622362172
64.29221277175532
12.05171592144895
15.078157308887318
9.049829104511153
19.275586614231944
73.74864500563007
92.82648587554665
36.123014944906366
18.49043951211816
64.68472290457714
98.3714828941591
66.48751746013623
53.78612799708644
44.91390896926808
8.583357469779886
42.2193220674756
33.25609530863053
35.67428115100388
67.8414614351528
64.22626147168415
51.2923773063231
48.49505811106815
13.419302127498838
70.0123571262201
11.265314105410155
62.45158658860507
7.274379560170332
30.103039137182254
4.841893438044107
14.904456014575166
91.22410445427877
52.12041766000571
57.50617595941013
42.28947215546513
79.62050639042847
24.266718956859425
89.45438317327877
44.878610010766586
33.45156840593661
44.398951070871526
53.167679603146794
44.83287360761076
81.41502956991494
22.649972078353233
32.15585234970083
15.050292898041576
63.258319947516675
16.613430157521176
45.750271050080705
28.322798701095778
33.75195947271041
64.2833766507068
16.4510292080873
85.99734198319386
31.77644400824072
34.48970889031834
58.61259844815787
96.07371728807263
64.43925094537886
7.830406721405226
5.665353942190493
19.109514501571116
48.6416523500603
51.61469050431891
40.09721720914934
85.86985031186083
21.82636191400289
95.23875395181607
16.555390730836717
2.4410099771203035
52.5149262548775
18.877740859461742
39.6540973761634
46.32546621786171
13.476275732990993
53.77146436747341
63.41306973620641
94.1547713105376
57.94383902339541
86.17944717080529
6.252859721486002
36.39272020703324
11.695343109736555
93.2722141232125
47.36603083435079
76.02523185684987
5.405234888824943
60.65151844715005
52.86225053095364
39.94233220273677
89.7059877140533
58.85519950871702
69.03307687666212
8.114204796819081
36.66511901435636
26.026009673894734
18.523025650440875
86.29185105108193
16.549608275035496
3.3395569712007527
96.57733821117208
20.250108643638896
42.19289048124142
53.01381574352684
19.982549075743062
78.55514059161804
96.05990662443655
90.89966700906636
7.421490674230955
2.543202202883233
24.968950053074774
63.82577663191531
23.175000994844556
55.6416095379625
39.99501732646407
18.203395059304704
30.105111588173372
62.36969540145871
24.864029958702805
81.92252635929916
3.5414673789572175
55.81803617878688
90.19940145056205
93.66190365914152
87.2306627378804
97.97238352116085
49.835536518704195
50.46271239930354
65.53204767434495
34.699494590601574
47.221372845203156
42.802700925474
58.538645327508014
12.045612434574403
14.609454105564836
33.14867341720602
65.68581418556171
48.41377513334617
72.90058433315876
74.88156396620185
56.194991591770474
96.60989425208565
97.371235147126
36.25829663118863
31.539001507106846
47.067046556360495
31.526397545366958
57.87255713221853
26.76312969830922
69.60567121805985
57.22598508221697
91.72421335524429
32.269763878956276
52.10109481269045
29.707525460634887
83.52073247295522
52.020259121798105
29.939546225796576
36.00045732737619
28.11452595605868
57.54075330087529
18.338569569357517
42.10675255246402
58.08399493805637
40.15915208096653
71.2921093076465
92.55425759653045
55.69253490487096
34.12725849989851
23.467215263502457
89.57699846776929
35.4449447861132
69.03700119395764
3.0744541146218856
24.12190559977157
75.32906841959228
10.580405691916422
72.97265195360843
38.841289327724326
36.230108488471274
37.7377841306964
74.9294524391072
33.14595878336232
20.25818606993769
91.87883579571556
23.380866333907672
67.5660853102979
90.62556511693548
20.87406153639976
9.923788992562994
59.113143228956325
60.75074720146867
33.823029028175014
45.771647246185935
85.70817975186138
47.44021646278356
51.82356188877076
21.37729082218617
51.22948112785419
71.26962631379939
88.20077028832263
98.94144874439318
42.45206526244704
45.038253840975884
74.11081089101314
98.66536042973158
12.318196461244927
97.50981090731986
38.634734460558775
16.03005690073383
51.28481967256049
95.10509925109018
90.38710463364042
69.59886855076861
76.32295691784891
18.28382417613763
33.84788684114877
32.99961009769147
97.74560279981824
97.60605703187261
18.502173368286904
61.84560907037105
22.50142091755225
7.977440839506383
97.16006546846685
95.01914542414139
2.55437709506013
59.87877577247151
31.94892057141604
61.56417358323214
70.86722220705916
93.1312982080859
28.659623804005424
81.66070648713831
77.38711289895517
96.24467679027576
90.6681733497994
4.125317409127164
83.45826475640075
77.22073203860171
3.934789447995397
77.83033995248958
8.600966339840836
64.20111616455594
29.107698041962994
49.33143838747043
17.490035578079837
69.33467949488859
33.72421438610956
7.8832961753858095
27.295320573436925
27.034981360822236
44.28337931860067
54.888444811194155
43.70626640238077
11.963697332508858
77.51354884301287
36.0092799380598
57.257651056841226
98.81824971784053
38.34556021805468
57.0888233016201
35.16637861880102
15.951940804158788
70.15282823663593
57.647116824994036
52.33720988120365
73.1343594980042
6.805398946473764
77.12777264986879
24.688985529290562
15.133615794738452
77.77671125544495
31.06007170722229
61.79165924707572
50.715945935993666
61.37711020681065
47.95854069324753
70.14927843421972
61.294696372466575
10.320726192342432
71.3546005696172
44.403936472872076
79.43470750625265
78.6674062870271
12.207465718626628
34.37069169291349
5.076636331512662
15.774345537084148
25.282304625247853
13.884094354900643
77.97352442412193
25.40425535347656
39.186964541646404
93.04549515233059
49.14931258338993
13.730026902685761
48.04242812213022
27.031622596204524
83.35087236499503
74.11094461181719
74.43744938841265
9.837285878086822
6.420921680312839
2.2407554322855074
43.725575867185206
50.95526022527492
3.7285449928582377
37.684096759597466
8.885617089121576
2.241884042626634
22.72073636991656
55.710932343879854
76.92646415364304
35.96066266660873
91.70522684375493
39.02923835630653
29.529643632145287
38.75515161137979
12.318603449503959
98.70633079059017
21.358057854866857
35.36286096641289
87.4474849552983
71.29917304735461
86.66330297115444
52.0642868592116
59.000060897466035
3.3818954185815193
60.47387532189622
48.02492600337283
73.72770422265752
76.47404323515603
66.94230617806791
44.680230865532565
81.49924837780982
37.34868646303645
73.60261284040106
85.52285755731224
98.7845273594179
13.335750510480153
99.44025215608245
77.02195871584509
65.29303258265844
63.11566574304833
6.227205660723148
34.47039554425524
85.58607020050535
63.79824784545608
52.37417152799631
41.334935027896044
37.02033882358055
91.4193445565087
39.323703165734486
81.33212720884733
17.63324954985358
59.78039351620982
80.69950856110988
54.23371891228084
99.2406080468435
19.17162822032486
99.51798562626712
78.23218846137247
90.76159984665924
36.69388737820636
83.06029573947998
48.884731627933334
6.436283036185177
89.35550724791585
15.886736986058557
85.9556991816389
85.43702139002426
86.4412613053247
42.10679515228532
92.06259421835495
74.98761021113685
60.75451266660422
10.594120262707325
22.46487734264027
2.7759817149664854
5.530410991504921
36.33827453498236
94.84704834858991
22.518942186486733
3.813993616013227
64.72546005129385
83.17111628097453
81.94763919598556
72.65224189309805
84.86556284672085
55.141147276614326
57.64458750278143
60.09797650825425
79.39429886285845
19.215693751045308
1.9292022202686419
86.2424614025749
33.39741181831175
62.21889379423557
13.079822307363633
21.934823847802384
71.65582714136153
39.37407226738676
35.25078756034561
67.71219418859663
22.90129828257121
3.576522009378126
75.30100121548669
17.529162060366478
20.914324598369
8.060121551693896
60.36005411272201
8.947122804243206
27.610314618248015
45.42630748184551
6.037370844555432
60.224193306667416
96.43566466251404
4.6562847597179
26.578577861110478
71.81848582999369
69.17040397292558
37.16533133156535
20.340498697268192
52.435282788703255
70.1741714229676
88.14448651209466
7.071074961133461
46.25806183665696
89.9279675019339
50.76534876851282
20.73297068501968
70.69034932543585
56.128793893402126
36.996275991490265
81.951934091312
77.98318094146668
40.783920147897106
47.21674556720157
59.707548215203474
93.69148565152105
6.676036744544046
51.59274822483577
43.94652028919696
14.228023494941112
44.78489122233471
41.328220207188245
88.85807500284508
10.295508442047394
66.33345202543411
58.45569583173615
54.4262379563481
93.98620224041301
51.38272519019501
43.02035823362933
63.8545803140432
4.246654886289009
24.62579029990982
63.246216456471466
41.88521084092242
66.8492437783227
11.935076242752585
89.27601469859783
26.44142468680161
63.27388238807931
97.01726490197979
45.39557214304206
64.48357971972986
47.27056547569151
6.4532245077905355
98.12504426678996
26.88400673099088
17.96569340195588
25.241734334465416
6.211727258860452
74.15424272557493
72.85716187189145
25.225813557409204
32.12964876461755
66.61383037995391
72.14685269109687
22.961182798292054
15.451941376103433
18.082054386161737
35.87006169618672
49.48263635377966
43.31336795779044
35.46412425168834
13.237167632466955
5.568707514031606
11.454836673726778
31.15526609948525
7.734392559235009
56.33585781403855
72.1118887879498
95.76972981216443
71.80634330496854
32.2101870963594
70.57784248371745
99.9282580432298
95.6070854485003
64.23317313437742
15.113831732772368
76.4933559713111
27.21565944095998
56.26410348117752
33.77931856692164
98.54498958279729
26.51650938588811
6.264039816616748
42.61237931200351
25.722184322244885
25.349296362341654
32.90060331050702
25.430836068350665
50.00184120790285
14.956598002940975
41.691600244822034
59.8229834487954
20.855388109792088
78.4816492204101
38.675934529738875
29.08073179843503
16.956810108655347
91.17639939279452
85.53434726920193
13.58985195566848
27.801136232431638
80.95732580349241
89.67330428852459
53.771332412645776
72.70037321272216
64.30619922220197
85.5729351620504
11.772485202052403
98.94586590227246
36.38629076143743
28.233786413743314
29.40396797521493
58.88232854554801
51.66158087767159
92.50763998795728
5.666242763263274
50.93042657787833
10.809001947935354
33.72563284681346
47.36397365206735
45.82661179753483
29.041744401775716
9.594412194849511
84.45856982752501
63.53616330712576
62.35343841032467
83.85706643286338
81.70967290035408
4.709951862739276
63.49891729998409
53.49592115191431
89.51548902615767
12.25661205320562
20.260305198681593
78.83060061865716
76.98444392940085
70.32453107695407
54.33850607814819
79.99962377688917
54.40311505326376
83.09776570475516
99.1466387002175
70.6222003031283
95.30754867767305
87.55177028630642
99.9599680941045
6.086212813239069
27.193740453219075
15.170607715868384
86.42152665351549
29.68972094971508
85.41423382476086
66.36263623304525
73.58238092934941
88.82844363371619
30.326312586937604
74.95936929941456
43.43934898742702
71.17071970379665
37.04357010261061
37.96288561573825
86.9691601571848
11.287924034186082
7.530384955214215
96.94573600892333
29.748412196531035
54.70339351531649
79.90522127863292
43.415600011145145
44.435771483389566
82.4484101252616
76.6736214153737
78.81049768371905
81.6678409696654
14.181292201225416
11.164648120157318
18.693836513584394
58.464399556606274
55.43049433499861
72.04270359026512
83.80589604192481
9.524814268945608
92.90321093998092
33.72868146662428
9.72322085703076
24.026968109299105
3.022307470777125
89.99898741036723
70.70950443515491
75.46141673315464
61.515836416205126
15.378289854539803
61.47809119689186
96.78126310376746
65.14707381297275
48.79271204009375
99.26108571090793
98.2274012312194
70.91157567678245
95.01177077149512
13.49281540032752
86.89812945186881
45.49166160288945
91.99336138116568
97.75247695380325
94.92057582623572
50.79549044718343
7.8576354517981235
67.61553039728469
53.92653943203534
55.924078757245226
73.04678575826702
89.59435327227555
63.18592463094006
10.06349092716221
87.47477753854183
54.613034088343085
55.05859384887389
25.239302651284603
14.142798082275284
73.75504832114693
81.42352930804817
37.20716019941661
26.925868391375605
97.17930377732259
46.06062408507195
51.77329021923854
51.199588208219936
9.728655663636026
51.34287971741316
93.28761196069574
96.75887157117805
47.471937656403185
86.06160399466114
87.7118472501037
80.75771352076163
34.5448121034312
62.39058042014724
32.149079564790355
27.76633044257115
87.0068607574993
5.498375159626838
77.4083639762733
64.17647137355964
7.189913311228234
83.459593251791
57.962484756303226
11.87037080622365
37.43504894814439
50.23073794397066
30.260676274057314
25.685351101070626
78.956093263548
11.452548965291266
67.60099002182245
54.05765028292418
34.45602812162113
25.370565227834252
9.123504654862174
36.41139912816767
45.94360566335902
54.01978883650308
79.67202258547727
49.312204012347365
87.36132646083378
25.196744804369295
21.233474786956876
32.63523401509865
65.46159757982065
17.457321080616317
86.33236034873086
67.52960814016167
83.04804439562227
51.416356069308826
89.6582754079085
90.86706602078391
29.236587525237113
38.53641005799143
45.85310491033166
12.898895762683255
40.2549062335062
94.40118275210038
30.494188135497275
96.81513388147077
83.69792378031221
59.344329559026995
26.43712852347323
18.895792775696908
51.92249247437632
41.2603378282285
16.33049497701578
23.703191073699447
92.04391381448387
13.80894684463442
39.575174128906106
80.31553985685528
45.26440101053204
12.727697807002
62.71156709342985
48.82537199945647
93.19319539094938
74.14043309093182
74.56513870833655
86.84964190648454
8.259827556118344
53.2682878025448
39.83399642365668
67.46095542716867
57.747562742976626
6.341320194282683
62.24735848583914
86.40681565258225
62.173663808434846
79.19743252391034
45.23871538220306
28.50377897709249
23.800059096612515
11.443807701185087
98.24050026340093
57.88454831321282
21.99778989486105
10.928288969485548
94.17005130200874
46.73700164574663
5.742850890652831
19.616442397528782
10.813931182344696
53.91661609217459
98.97769633722763
16.42239917644955
80.86533259655533
92.65032016331709
85.65002049667594
75.64930516643825
13.192542709064865
31.478590743114836
63.09115785734869
40.044018379548376
13.86517678365667
52.1675326305415
51.47250147411441
87.63712260328865
49.74121696357273
85.7181936911047
21.39701491185315
89.17975058368269
65.30620840201307
81.726078970333
88.46117397140301
5.4808772026062975
58.66582868731075
66.86558474684469
76.51314732232044
9.438315198747746
45.33204414855167
87.00912461952097
29.828869123335423
47.57435054221114
49.71795980706669
98.15580707755036
42.64563893978994
69.9543982732991
9.87189496379402
2.871167910853064
65.72265611688094
68.3113613069905
31.899057892726724
67.2357016039164
52.98612442048676
5.145900504944517
52.27284509978694
87.09714741477968
38.16607290629629
32.69587009780931
14.7641883582222
29.822264131661644
85.59890282184776
63.30419858052572
21.811016527238063
56.920626454323134
31.28636366897613
2.4802917811032623
42.47311343049622
93.48423024448299
43.50118534674803
95.0500478174521
11.528908096323933
59.2926140950926
20.44634926952801
99.53838993833287
40.00472747898324
71.68170014836498
16.526599697684496
12.428847485751046
23.477674722120504
90.20248287763609
60.34110205288928
45.31317751906114
60.40723318467842
31.652692122800353
72.1057571602983
50.381556256838415
64.85430671984174
48.98089612411427
12.486128957849823
59.84336148423156
5.655478837274117
74.796764154236
73.67162957642833
36.393318822737896
90.6948978827453
3.956348146702916
83.10030305673077
33.417604568045554
62.36872743719663
19.509176372295826
21.402847206238395
54.84986685231544
82.29874431707466
74.68138729055318
86.60412500795528
51.80804999421267
61.099795449897044
11.154510677107936
50.989655036274634
45.74631711611118
59.1985503774432
67.03265494002348
11.425704462236723
13.819864002963705
79.1435977947057
8.526942189931297
53.9929559529031
30.47389317330529
91.1444591443707
35.600926327540215
82.80652130486425
64.0460372003367
50.16432295120204
58.01580995115958
77.66442446522466
3.7631442375583326
82.33671872527272
75.20882469020776
27.804028153822145
28.522824541145347
70.04356407016341
34.67015905258346
54.12544998152936
66.13754929620546
39.0635051517717
99.18631343494218
95.75088705287277
43.83484316370055
21.197442760978532
45.191762095036
16.244622959788998
51.32839719960228
17.579863464602777
50.04940153526753
32.246811433881305
40.121946886893454
31.23282095023061
83.32533918690969
96.37673034084645
18.089858538291928
31.35668141276125
59.077316168929976
85.33263646419584
49.949833323738936
93.21357730554534
29.043008428178513
24.09037465534296
83.9232100917468
52.381657460741856
70.30707281250386
35.13088495665854
49.21912304285813
51.48746397543916
38.006511827720225
83.48738297683224
25.3593922932547
36.40457222519227
92.23987064622402
12.296692651776462
11.922416945116197
87.08181478935049
83.45199740576037
40.079481648375605
97.0721368263265
46.4830894691466
62.21526610434636
97.4482956343946
65.12543066186205
55.13444280171362
18.017442891780362
48.8790564477823
41.30844551065501
38.03306901346932
98.68410899673475
83.50349725830833
15.755408527092534
31.32489617518142
67.42968957385978
71.32663882694207
44.84848449495514
18.798664083028083
12.772440796815262
69.37910036215706
12.938362381333752
24.4970061131773
7.587402637191996
65.6073064448279
87.01006645966605
6.673121503659771
68.47745083397902
91.03339161853503
96.47444618560706
56.9895720444618
84.20224234431116
31.605078766508907
73.54361196142065
46.23704150973096
85.0756893964295
63.771123277553656
62.037561489133424
30.779069328639284
57.02878597422751
71.66697154884336
21.31226525487955
4.568298556402618
31.304988699524745
57.53370944528814
20.839149763572586
27.118450446851433
29.397046947435484
34.219933848107914
88.86252528946714
8.413617516177851
69.06152533349804
26.4917772770305
2.6652549575864013
32.77573890227495
71.72429370517266
39.78347612690999
94.70991271703707
40.37570401403192
64.61568107639117
13.377191268928147
65.3189528432404
46.36074591705876
69.36925348652909
49.80364162121794
37.06782309420925
18.11689023306177
39.52405256917818
54.38025847130175
24.697705396398415
42.352730310856806
79.78559318660895
10.690777909359296
33.72625904999153
79.33803296816913
69.78111556640263
5.762921466844957
89.57788463376453
43.74426217179024
43.23188476090263
72.1888356304146
45.27128837877447
23.793595416163313
22.190706598728042
67.53609997085634
20.26763536079972
41.33403100534916
81.83437143125893
37.8938566672878
95.68113343581128
25.16927164048389
38.59230927584282
6.405768690643675
81.52605855368415
7.7631180331438365
44.80025091214805
10.346554882291205
45.75105552591347
8.81657184404919
54.24219119491406
12.288624690443386
23.99182135894951
78.07628055293132
31.622416190887837
59.32673018354243
87.6067650731888
36.08703424752327
18.142852889854094
25.368678790977484
44.331785885129165
13.18466623672308
41.70832206922421
69.09089390112254
50.57920736489371
48.37687410481934
79.67928581329012
64.66410866645082
82.92357664284903
4.022462789973036
58.4976344721513
68.30438137913346
85.052607286147
81.0977591682538
8.668510318347488
18.68784873576445
1.988713071049781
2.9408505205685804
43.828193391018324
43.552390889430214
64.00058754464114
98.4101701104739
7.137003202740646
56.365298265061725
53.67562283037914
60.15372409842836
84.79719139016409
93.94567316279542
21.08310314087372
34.291911594632886
90.94686113408827
57.90958027206849
22.698743290049926
75.70595361108414
19.824483983685283
50.55033553762611
6.54587762847941
37.517371944481646
27.143207322378206
33.12350677270119
89.05992231029641
22.21159956694644
93.13119798257405
85.23556610160705
38.330904829489
97.01572803804665
99.85572205631753
14.942536263711423
87.0349306371564
49.750951457279925
33.26553177991517
13.59350847315009
15.999981202653107
21.412390241991513
73.43105861029306
37.087175504223865
16.94426621075434
47.21990823740866
20.34438743030298
77.55242978112797
18.491426651530602
74.83531355973105
11.61088183613048
34.74104634769612
18.39065601157967
28.847645308830028
84.70610753150943
90.79232074453103
60.0178700662479
23.73461558951432
53.843028169285645
22.282706180913966
23.323617820515782
71.32828284120949
99.38610145458078
19.83993128551761
80.01253178964336
74.25033701844964
38.4618902682652
31.903655092459584
50.424905462872786
44.828848263642584
94.67740275552136
42.31930803836501
80.79261980502817
71.06055397779662
48.20666576309037
62.3639422937728
84.22946243737081
66.54450334261169
54.87090853273632
37.17160273321386
39.87720344401406
11.315096033580721
52.67348646898031
34.4553065227047
32.61598810373798
95.1022230963408
50.83405051900391
12.381249745935051
21.760606728301564
65.60767315418374
50.46644202603435
61.2145349664786
40.05636726615631
10.895814658751627
56.94756745231039
46.31355330456636
6.696348479944814
22.432811352934184
12.484315612763371
14.13318580204462
83.9437705379466
52.594087766730915
35.50601387072612
34.6352220422489
51.27568834684031
8.017747448092962
70.69754965274741
99.27243678053517
84.51768634543262
15.577805357542235
26.225526019339842
90.97520846211327
14.787289566837606
69.17568771117037
51.53101582394422
95.95397686073915
21.510819170917912
65.06666939598092
18.243783258341846
3.215326356972221
6.592882772039447
88.64288425268472
62.87571580991295
71.4064917753211
41.02070303628742
23.25354014308006
39.12160081673666
84.05908112177548
22.039796819926305
83.17604268086535
28.215369415880012
73.26235486031314
97.93627535505435
80.2179624021658
60.97281171357224
66.01819977255693
86.3331047984947
65.95343824585224
3.3245043643974013
4.28653903558858
81.92227580040999
19.67952573746482
86.41224422728202
94.4467800799531
57.88518162557504
36.82037300856363
50.756060321195484
25.631947743959035
33.245713157026124
19.31516178154219
45.282905260861234
68.13589240196544
19.26378206700984
87.96923813269852
97.50536797833075
27.79704352342749
96.84535014708678
75.0374148308778
95.66582874922626
52.40250664092667
93.0197733180834
65.39353002925074
46.239581388109485
88.76143562281388
29.328416088252624
77.43166485884706
96.64954386441138
10.935841427431209
91.47785024825617
27.02602559383622
79.99599602314713
61.72975031197605
59.35885690506999
37.05902840332035
37.42801013533622
39.57001718003385
6.790745418032805
3.0432365873500906
78.7160762235047
79.01809199613498
26.272537516998923
47.77064493289695
21.551795304436364
97.54203534814019
92.44943238364885
22.182813593076027
61.69183000776754
63.13871561497666
87.17384112009233
46.028651823169824
13.850755124909533
15.873271725733224
52.01812771907238
29.808141492518992
19.155005772095315
7.134815266011907
30.90125901733109
13.09029074362647
77.24020602420492
77.11426895686347
91.90427709782051
65.19829662988667
94.17636379702745
19.181559915883994
56.12141194054795
99.9670515737112
27.18325431546517
13.025786314958468
5.535788033587983
5.602808754322944
21.18582043320949
22.84847858591535
79.72433942729772
29.924673055631114
51.69421943464728
79.7640755472181
66.1632300104406
67.85984799489124
76.8608983885138
49.537319669617446
76.28408546226834
70.25734479341048
97.67026792086703
96.92849605781728
66.07305225621477
18.980762005651982
39.57497893918195
2.0635557850090085
38.38464193130691
61.38731169545639
99.48697285539879
29.441730843475337
43.307727244719054
65.86485262377353
17.966733269849904
79.61927653527756
42.78222276789144
85.43311063023059
53.711769438008574
97.84011375830622
58.637997877017355
81.24452580875516
86.28994152102527
59.01247177940851
73.27517464879423
5.774329525065552
92.86949172703238
36.95786947978801
95.2546825253139
10.500024099807185
99.31506160502427
99.2623718573643
60.958565223054286
92.12234113939542
13.884633124894993
14.82878587423171
45.000989833968426
38.262380353863314
99.78366238756583
81.53010705977141
10.826663048858384
26.012664120472223
56.33621051818263
31.124878754563948
32.23290217349024
38.894755863284445
23.412506634665704
10.20680318382364
92.88849845517414
72.30101842301038
73.19473432814225
2.4461167027906625
4.543642152111841
17.735052767339766
61.06706041404979
46.90749771800201
14.306319706162894
22.103697015511788
50.3448549885119
71.51866034300042
28.05238203955241
48.75761455552086
11.711983654086668
98.10059540145238
20.451818776707817
82.44247832783225
51.445095866945564
42.82446031444511
25.125301382238916
38.72877219399809
91.13562591335683
44.94813546393947
74.98910896688697
87.28775801798521
77.92285847033693
81.70521563328195
61.770823720490185
96.65744969543076
43.834360330028446
8.452126019350743
40.41302093187742
21.15420062531281
65.23324516062003
88.7098499080515
16.289168107939485
80.45588993636198
98.85389332328212
3.0721394861162796
56.4444254273922
11.647060719041246
15.679528294041559
79.499191382385
30.878432249134974
56.036780855846786
80.20816581739977
83.59443620995901
31.75473543839133
22.107848227871955
32.17718586669609
31.025140041721674
65.31018451128021
61.33975775711678
38.72820869226199
60.6761665975242
23.75012019586978
36.88643087879902
55.15806248723126
38.72898904229067
44.59616822079716
83.62968672304693
68.24349218040093
94.75508626776652
89.16684565993573
8.803093854097245
30.193286894635236
13.835790590542114
70.40115309806662
90.76993575131377
4.785761893350805
33.793089951506246
24.533449438945098
25.7118136891329
79.524081614096
80.48430550571716
58.58426284914504
62.45807246236355
20.952526377706587
97.77298804697004
81.87887662703818
10.498173592466097
97.1814873534667
10.501145563326464
43.37304133901041
38.890588736897925
3.801683736629328
86.71327912502514
94.33203344342017
21.024036061748447
92.03115853117723
41.19846098091202
36.69954135228287
97.98675533602037
76.21297875928924
38.42873618106494
34.772693668424104
25.57125276161685
62.66686028045906
16.840764915984636
9.468238416887807
57.57263534112073
15.470979818193445
11.139401718886923
12.530363395649141
37.926741724421944
62.17112821798296
15.056418982531168
9.234783690120635
57.1600503289278
34.18541388382514
50.315172540480944
14.19870005695116
90.30345402858757
51.30960763177931
25.281630576173384
96.82415872853564
6.142768796774749
33.45314657648139
4.040370417982575
20.634359154945617
45.70908893603159
5.363359549773227
93.39734332438597
5.1642642090270074
70.28047785760243
98.5379559126282
91.99992426994545
48.89425313036929
22.085719334112994
70.70192428533774
4.4706220273741435
90.34576050657203
11.672987404422294
68.24444031501284
49.482766313858434
70.18801713305548
66.51797379992915
62.638327580747486
61.317882327886124
40.308138606876184
17.240656056940015
95.8905746529425
34.72864261969746
27.149388343620142
48.00037218260427
75.09233139822263
54.592685637364234
77.51279318047636
60.72888074102531
18.956435498298006
44.97802953221512
27.929008305465604
11.561553167220497
57.776107473964416
89.74982133448141
38.61361018956346
75.60331418644954
66.58552055891359
35.357767285894575
47.07312044525592
93.96173567012204
73.8937918170912
62.69753909581205
69.50612959047157
27.82630394916049
38.25110416769458
62.056023924610244
65.62097647732206
26.605512659212415
11.493380797250353
9.59381126220837
26.220261673825128
50.95291692954415
44.96992780872677
90.13878789759535
43.311166527848115
53.122080694810876
79.85006646015809
15.379339271860818
81.38623317485437
13.672549737348232
80.02272905060522
91.90946635598584
94.97376321696802
71.46732206619672
44.707987017901466
78.4412800516756
34.80951340802786
78.75354255032745
49.4788433197644
8.720465130483397
64.94756578364502
43.91521986356226
77.75827482301267
37.817762708235016
84.2415140577148
32.98910372785989
72.33082317086227
3.8653778655421127
89.97822396417689
52.311032976032685
22.641448479065897
67.97006769290937
6.41543956973334
16.38527310968697
6.50838027262785
59.28614993289428
16.967363083691136
51.48287488796286
27.69434649806802
24.98519522444252
88.16099521235236
10.537533779811714
53.7726800663625
27.50533355465595
99.88296703848061
50.730583667630675
12.50536573857367
35.68762023427067
49.836915522800815
91.25631140165963
37.43995198833845
81.01985427395286
69.6454112235159
55.92711769749502
33.601529023998374
21.793976354533157
64.2821339472983
35.25994606864356
40.26690545369705
49.83261621503091
24.776880433019745
5.147465439370334
81.68621834326976
25.284383542145488
32.72780307197991
35.72438728410654
26.24993790063764
37.10156821388288
3.9106645469295964
97.42248335050272
7.6017062171764405
3.79423854339082
90.16964284900757
20.5947625024752
4.463312639225301
59.49839476347701
7.154757624055774
24.387146308030403
73.71234687433288
40.360085367330875
54.373411217356974
30.202952444798917
22.355786905235863
4.690750279317771
53.28065062278156
51.59119753342485
36.65485675740831
33.60233899379662
42.755207749135096
22.903163442778187
43.896917506086375
37.83528713790231
52.952271891875405
27.936226977541992
2.063072303067938
74.07868417974197
88.51511171415945
22.110341483981134
22.38146217896513
71.85548577020423
16.842340318114168
75.76784512111848
27.713641673854298
68.07187703152262
50.45811596380212
29.966932061919298
66.26166518510493
24.486175720046454
30.09190052803665
32.97835383462164
16.444036128671993
83.35816010353847
92.42046457481253
13.329614321808473
51.8651410601652
61.18420803321459
10.365083179593505
68.46602964819314
82.89931853246526
3.466038487359472
71.82352589394581
48.48624450598358
90.31837896390005
7.952425571700926
20.0320542424058
25.827167174786183
62.55945070263403
10.954448082343012
57.51356381806589
34.20534536969249
6.101616253199072
16.320447978617736
64.63710640493414
56.44898248299315
70.5682294153683
60.342736393709934
46.837975171396
40.128501321385805
70.34227802630012
90.59655289362654
33.14939874775896
31.033000250014855
64.07560029745838
3.974658515253947
42.411729952479305
4.571706354817864
95.07602087616583
10.280142061113665
4.362255225214717
60.30942150958785
27.078462834272447
23.997361433079693
57.65759006084212
25.89687966873891
83.69668352987705
27.835099802626576
71.33419515054986
23.478183316324174
65.43386262606292
46.756311063587276
28.48898257032946
54.277131738658476
44.694871443242874
89.74122004642264
57.85020247801642
16.817078749308916
32.38109094369363
33.36990831768243
83.97027473055105
70.45368463060218
37.25089672404126
94.40436347110995
82.63071772857319
11.115404892573348
92.32107776625229
54.48035480280363
64.58791481111723
2.598646754795203
3.05509285834765
61.89281949266208
38.884938448276635
55.05263731580738
65.59497220390509
58.6950270801708
67.02274744567806
17.692252173418805
76.23859844218427
88.24398071114732
31.853017978745942
70.9245971797852
24.241512747572695
99.82572363668557
52.759067775408845
41.462989878445896
64.98420357396196
63.198844420179746
73.37284924058818
87.38417249638727
86.94014908523262
40.22769380481407
32.399555540625364
35.86257090195014
4.273204084813342
57.10137336070414
84.70006860584223
50.23366412938573
17.73986079736202
70.20582175377258
60.25599452803491
11.866279507947237
47.45708316422212
53.38243298120878
61.84814225321036
21.668396021445165
85.33597879515371
55.53058133428535
71.21380645983396
6.814539341074958
33.33261094041952
18.973663823331197
29.156819665389254
59.4310287797825
20.70033019570142
20.524160966012534
92.158253985628
26.062770202880593
71.63130281062801
37.27345841362216
93.77629518893438
83.10329085918909
95.16069672594321
97.90643323112467
6.653454657043625
86.95607575792269
35.47667801288225
42.179356400446714
52.43348760958473
95.09127090635485
53.59950651754987
41.315656021182015
28.098233609107208
42.794978759440525
95.1944944649121
64.54490078802239
86.97441612635912
51.1960234661207
68.42159907909807
3.269402303764914
9.875356977470691
78.10036982164415
63.29970955450546
50.669687057029385
65.9003605537676
34.361783017423996
89.46231150259952
59.292461184799016
57.564530809954036
45.830515254433585
27.893633772966876
8.074740375758042
96.38981228302325
67.93344817519524
76.96260125671444
90.01111796895255
16.546354745820206
80.67873944723509
83.4024363724733
51.28762657987031
51.56324960296827
49.20295818078137
24.62102663602428
88.63574962245502
78.75504250461505
73.8508900232045
37.705830941196915
22.59951351196681
66.2790507069605
98.86341917810572
74.80848926970195
63.26124540723385
5.786863323939132
5.482069679135684
89.07509909124764
55.49574859555215
62.36343456761186
37.651071639834456
12.106880695590915
23.634199560973173
29.008790863958907
16.552137693433316
49.816469019551114
80.72959161156444
45.30992516299305
42.76087754238889
21.053925957194437
19.205697318342654
87.71099095592983
8.377939602404089
99.00425261426669
64.6652435291897
45.30618892383349
34.48427789343421
52.50807705336861
23.004588121454134
11.985865969371629
16.11092638606731
2.186687952259009
30.02769339316761
7.555925812050109
40.660505506945704
11.324768317429035
31.615191896395448
5.155712464345311
42.70063228411474
86.298024860625
3.980295842688006
14.424939163381902
98.36388153388944
43.94619045392455
99.87644788994103
85.60100268679764
47.50342061585766
74.26959708244333
18.154634623083837
9.668015629825584
46.45128552364017
60.431232111972015
63.88261817695095
16.179472332063185
4.236517062232485
22.91283593261392
80.1812750065945
58.766864780666225
7.107347857945768
55.33898060838609
11.019353902873307
93.43148953876475
64.90106171762835
36.00040798133662
96.15251405132743
38.325934991406385
10.03606251461055
88.3840880232788
69.89015052518431
88.16005718041836
70.7503857371348
47.085522564294344
26.894113291918753
63.51752030839087
75.8217987226168
12.156224320544776
44.27600545599846
74.5456960916945
59.52902553961648
48.43214502788938
14.553194957807492
99.52725419027851
60.28081664005943
93.08799943676051
80.14797092850146
41.88554965959841
75.20296804016292
41.219904956369774
51.614380995504725
46.85635173040599
55.84355090457216
95.83001182246753
73.47975579809064
42.804617599910635
3.941564679754545
78.15421967907994
96.96965897849476
24.418293940542554
90.76446978597144
17.22439521861389
84.1046431940246
95.09222441478481
8.400149201613974
85.59555823904277
71.45989065901422
76.98266425438817
83.40808553383002
43.58124090414743
42.91810239461344
73.17408050050396
88.5282736650775
65.24476546874043
37.500779762378784
88.22123501279056
24.85260322662394
46.21900880276742
64.79526538818831
69.51700168230305
9.076807151379635
94.13200853232955
78.03422384614429
90.11644523736022
60.0908630389485
74.61644008621904
55.15297066065494
21.47391798357501
24.80253511070485
57.505268419186365
35.38224755154849
42.77661286602344
47.15487071108385
84.33808549421117
61.743320165608914
55.365959452608514
11.98201389189684
40.293183835180514
96.05915654414557
73.35103074367314
22.03801138989417
44.53909938750775
43.9555152389329
81.89845081560081
9.17135608636247
3.65490068946727
13.050366877067455
49.05845533916275
51.796894025209795
51.803715317181805
13.405307761292738
57.47914963510937
45.50072851271931
28.823651843597897
40.553760834495186
72.18369200218324
66.44187319118792
97.48284636483613
15.207133558312314
12.660828644971996
19.819321492986475
4.261199070642932
22.271945065916302
14.887586235402475
55.53923991731202
30.230742874091266
68.24167454346066
57.29487019121294
29.888397340875635
19.82788606823655
90.67939275174238
50.46283097128115
3.950242626468902
89.28660092073149
22.867168342740303
64.66451576601848
77.31905775058858
48.45283362758079
63.12395349633534
39.51741652555388
25.605728617507797
13.398134498612716
68.60182825870137
30.668638084975864
50.32529577190487
83.66339982773526
65.24497447830991
75.54584268189755
17.825106942989873
56.06705816878741
57.26556937324525
17.723231822075423
20.273642136481637
96.54286049338263
59.915594120058174
11.617745917207595
98.39134175597654
30.904130946692078
33.081653136400384
84.7129071989787
25.73104441280697
5.013203758884963
82.68598091857761
77.5638464118999
54.64905116563551
96.33702554152713
67.74064771830308
55.5706535173375
84.60898628245714
98.99667823301434
32.421850613528264
12.949561889196985
40.88072219789198
70.34126217911765
97.58399195918706
6.3316922690088395
1.9110977108877238
90.448987063337
43.70452979127082
10.416601628275425
3.1169185858837656
82.83734871892732
35.164011641472726
17.89211089751521
39.41604285013839
4.818078174701638
42.25986516261999
94.08580627333149
57.037375724329344
82.86777735238338
39.75981712372847
4.048102451118184
25.649392357657504
11.609318725366753
23.667687382160395
47.18557374741198
94.92816091242123
62.324638503656026
75.99380784412809
62.298665892380924
95.10883471253625
70.28194190173585
19.137761062623877
61.75622643255369
80.88851838993271
96.52955487134281
86.786510529378
34.89266159952806
76.18650113208892
94.20166982720866
8.263694971512434
22.402499578943523
4.478767933149703
67.90218651214374
31.95359927444717
85.01011106759874
13.424876912939078
6.186034026745722
73.49304711780587
70.43762692583051
66.65537883496525
53.502204311691635
26.43657995216635
70.63708282658318
51.64450140003191
9.914579939842309
88.94888079744548
96.49959549763888
73.62468838597206
78.31264260552483
62.0619789689503
75.32053042574412
46.88810681101098
44.39884115543066
40.88687886130756
19.040598670029507
34.112983241855986
24.487771481277953
9.71354427214825
77.71603795208985
16.99254072564394
60.994636034364525
53.76374288102146
17.726748449819144
15.2502505372201
6.605344653302121
