-0.7372439210082792
-0.2877703891290355
-0.19509986642263594
0.8241193806956945
-0.6874621146733015
0.3142478253896118
0.5460060314294407
-0.26886421414682615
0.7235384180359528
0.938841542011969
0.718711730075456
0.7567148068755812
-0.348044134717292
0.6211571255163822
0.837780079255983
0.31307476631651077
0.1650000688418286
0.46517014372492765
0.8666863286072948
0.31196177246772133
0.5947343294699675
-0.15836183163761444
-0.8032104306012595
0.5755822176699171
-0.48240704508951365
0.5549293521597211
0.6196763305425591
0.7729453248333131
0.6245097216142362
0.4434914165525017
0.32369875377848006
0.9359645176930479
-0.7750738544109956
0.0683192243690553
0.7471347837620959
0.6145317185980302
0.40598868605116817
0.7106228441741628
0.8382726196168614
0.8684435252100463
-0.6561574829899534
0.7828743106669035
0.8291750686343149
0.9201416546100003
0.3724444595621421
0.6528567557562416
-0.5584303438128676
-0.06367694591850623
0.8517046707274276
0.34800348278480453
0.41658090917913243
0.9175516352978563
0.2246867360638881
0.2015523775682516
-0.4012549248729792
0.6067421571987319
-0.3300618364542215
0.30326876980500994
-0.45488581631687197
-0.16686503600482794
-0.5874394947528869
0.173250959918801
-0.34098718106673537
-0.4338750645485637
-0.18543147582131697
0.48641249283149685
0.31075721365161924
0.18364226946906417
0.987005668561863
-0.5103200772719828
0.48963472903394395
0.6749082679789878
-0.20328645951396823
0.8408838229962969
-0.35447711485620825
-0.5812346065328025
0.3239712519182039
0.8991687972100844
0.2892322886348332
0.9230948952337278
0.5439349386459157
0.6480822794361598
-0.6196077871591564
0.5604653007464369
0.34802908714363034
-0.43178592836894275
0.6783182623939951
0.766332230288873
0.39370050924403144
-0.18621934722248082
-0.7042672714691596
0.20601590839453168
-0.3175882267915869
0.8068548118859876
0.35712244103556723
-0.48616480991869326
0.23731196694134718
0.4939790141986107
0.9923243752648314
0.9110424233658179
0.8171492574355086
-0.2297432117483565
0.023886145755440166
0.7120198709050599
0.36164604291494334
-0.7920974951105949
-0.21011522420137585
0.6168045059872137
-0.6119305740313783
0.9608925789181892
0.9117132649088688
-0.47225832733508594
0.38033623739526523
0.3581961299312444
0.34559767968170174
0.9718699236919641
-0.4622565052411206
0.5701553648845855
-0.4258137745346864
-0.3492204871573534
-0.10632135722576715
-0.12891661200801746
0.11155198969712124
-0.3548301779219343
0.8720029119614888
0.053598299676792846
-0.5612921572681223
0.29684986328448637
0.4476152682770536
0.6710306573188566
-0.23422616074789235
0.23877087807868708
0.002973477202275049
-0.07380787304720646
0.5951839314664673
-0.107591954684043
0.5967298739572816
0.2573467243186216
-0.9016952735594764
-0.9516495175447783
-0.7112389347355939
0.5125195566162513
0.12119289295939938
-0.742941190785067
0.6685130174608788
0.4164438635124158
0.3981151413704353
-0.13213908736008895
0.5530670086452935
0.9810533144499757
0.3166292816626705
0.07807007566550143
0.44987862476898954
0.8763543609130513
0.8462558854997073
0.03345203392590813
0.591166339279548
0.0027218024113101077
0.9390011335991135
-0.7557759744473123
-0.3296478060823911
-0.9160020871621032
-0.5777516713058007
0.011269604732106647
-0.7015859356853045
0.1300448567966438
0.3390634756561154
0.20841354188036698
0.34891936507912513
-0.2347498251601021
0.8596634677877553
-0.6276165473920954
0.047432666889486254
0.2622313455143727
0.9103023472123114
-0.20286903566482475
0.39993593632566293
0.6802995689010544
-0.3432902872328004
0.28836452519029065
0.3409968192760522
0.35342659572561125
-0.305816234816767
-0.6633819860975939
0.1376689090434561
0.006424962080075574
0.3894534636520422
0.7781534524559401
-0.30865876164400563
0.9785523426201563
-0.43537243874552783
0.8599363103662931
-0.4228427655880632
0.45384541375841214
0.4277594410893092
0.973613129889982
0.6734683556864736
0.6148010991849742
-0.5217674025802859
0.6054249321837182
-0.5430128410559962
-0.0005666177419771243
0.8764669002823333
-0.19997996259613912
-0.6986456347293402
0.9329756211762085
0.3415595934594935
0.048903456575994965
0.7930750830028588
0.6334417480924888
0.3592896919653574
-0.9980067373624926
0.7653597472249885
0.4750556516872257
-0.1639038296625338
0.05146078592497544
-0.6152343402692034
0.403374677496907
0.3969236024442467
0.28875959681479474
0.33017107381381994
0.44676660615105385
0.37295263561893405
0.24574865603887733
-0.6894047005704155
0.8982820810590622
0.8875703288577891
-0.4614799577856518
0.9187566399883215
0.0746955471731457
0.2434891265752373
-0.19898620218231397
0.9190921575924783
0.8990028367259894
0.2154965293962761
0.5715336137644451
0.8840898042725231
-0.8878766015685201
0.47165106104515503
0.765187963055072
-0.900072147844434
0.7839700452222097
-0.696281779095798
0.17600319961662308
0.5625680089413428
0.4334790544814698
0.42778450512003374
0.4671027316978855
-0.2904920291094294
-0.4568315902777692
-0.9866451527521695
-0.6227874906994353
-0.02775151335280922
0.3050613301330528
0.240056006023599
0.5238892200181351
0.0016243002441459404
-0.6569194271516846
0.5249012406609217
-0.7821640606368407
0.2666253631513452
-0.4065940024901629
0.39334609058888126
0.2973125214280197
-0.8744532086042969
0.6896495699514495
0.8705585082383791
-0.2920624299355583
-0.3616613295049743
-0.8974039344603397
0.40128556102702634
-0.06181308423851365
-0.1746748799264853
-0.5046077561226037
0.8345934812296649
-0.9013005759738489
0.9876351045565653
-0.353090267380014
-0.9869043216849249
-0.7769272679834297
0.6330811928144308
0.34234234063718355
0.5800777268882243
-0.062153131540884365
0.7172989531327632
0.08079599652869529
0.8079959988173
0.2973830403640504
-0.5881542588012516
0.4036078605090942
0.38425676620247673
-0.7581463377398385
-0.740786787656985
-0.9130742370893814
0.18240236870375975
0.037932928155825586
-0.3873392403602982
0.3963279619340352
0.9997951853970332
0.9395644567488048
0.8840251750791398
0.889198008062716
0.46850819656984893
0.5868156794632995
0.9789653277953748
0.6030094579850691
0.06366653507436465
0.6714514551107739
0.4312170711289807
0.6257286538885993
-0.7829411246063069
0.430326635639982
0.08280497765959664
0.49544117709531404
0.32853932609008496
-0.972479293216049
0.6966489667675322
0.8236529175035433
0.432787671220522
-0.13350160798614438
0.7113765397657119
-0.1846679397512043
-0.22827531698733722
-0.7172159735349891
-0.5384894298985577
0.49809425437601795
0.34556175812449275
0.8578097745791514
0.33423029548631855
-0.280404605799509
0.5516458920953308
0.2826211209463935
-0.5652224387565958
-0.024021083463246874
-0.673152097554132
0.1806846027793713
0.14923147512743998
-0.4967990522855916
-0.2679314201784714
-0.12300375830908732
0.9437216772921796
-0.10034769141221067
-0.4127365632350741
0.9019867612034926
0.45913877496140965
-0.04011567030425338
0.21445606948536755
-0.06855541592697362
-0.4541752607137386
0.17991735288428345
0.5277200347506689
0.4651904670311525
0.20098069964085163
0.40808194888716237
0.7594564725725294
-0.025843566500589697
0.4034101645506675
0.17930227631931056
-0.5619581170741005
0.24296593566563301
-0.6208471635775754
-0.21569842894627705
0.7989583833795882
-0.010717908675496775
0.6441921292749814
-0.5838891969173623
-0.06628802696953846
-0.3217986713260165
0.6276345911450194
0.20505641960708795
-0.7207384219602574
0.8229518386146193
0.5111383717255891
0.09539954712071223
-0.5990315747503716
0.31715700610814274
0.11105446195316608
0.7442526653466258
0.4587452370212227
0.03144488580697034
0.2420877752360704
-0.5065876785608175
-0.6278190556872615
-0.040484239959616274
0.9278795353998044
-0.7492754789883541
-0.3411943580223755
0.482726870026847
-0.07287902147484804
-0.19855498201963412
0.8303824411415063
-0.1891284065360359
-0.6768887226589777
0.24501593357284884
0.626667857617811
-0.533967718105633
0.7240187503012653
0.40723631133118315
-0.005592422698503735
0.9727082078408879
0.8864097042327859
-0.11974695314529506
-0.5196080891316308
-0.816447848562409
0.1278317600374775
-0.13470369964973625
0.7612323900934027
0.9090084040592661
0.6802597113739453
-0.6816209314424845
0.48099747730244
0.7947970293649453
0.21658790295205071
0.7135357902241254
-0.2851238963237308
0.9048526971406667
0.2007202759361246
0.951464703416145
0.6346579964299229
-0.42022286819861776
-0.1497969934765008
0.6704064055169321
0.06312822559372634
-0.36887774240312515
-0.5177453598686599
-0.4445158641048953
0.576678218490331
0.9918509095708545
-0.38112108404528344
0.021030956557777602
-0.2648853489997209
0.48561724213310703
0.5958082082273233
0.44193385132044694
0.5894437442759393
0.8072378798703879
-0.12031042991221066
0.8513605336404155
-0.7618101412251672
0.9235159125333213
0.9377710915534633
0.5400611766861132
-0.6140397526602082
0.29188333241478326
0.4970987950965204
0.3240542011529998
0.7040076803611184
0.3428454115704436
0.651971735355403
0.01829459659510799
-0.30400835045364966
0.2808058998106899
-0.5045795073804289
0.5807936729801761
0.38071110903540345
0.8054129561689407
-0.7241499399522799
-0.10096651186596574
0.5789426232053335
0.028848973946187594
0.8888960145267712
0.24200963763125263
0.8689053412657286
0.17957335733356725
0.5641875509379684
0.8345124538905099
0.206937314347685
0.3123431247443634
0.8602975339665662
0.5695416727623441
0.20760980165355902
0.9191659004774793
0.475780841843008
0.9560560412195591
-0.2290194975254116
0.10481634423498265
0.6700994675102043
-0.7260901327044371
-0.11371932805798667
0.6650662598231586
0.89320685253452
-0.4974008691242636
-0.5897987290404523
0.11708403100467811
-0.5699929387809832
-0.176897349298637
0.233667247340061
0.1718387845215231
0.6048587025731248
0.6740506501624597
0.5575857149651964
0.24003537782216303
0.30697197382107766
-0.4660618595409906
0.9430209439090794
-0.007290872828637645
0.29249979149154887
-0.2829034520242694
0.12313942073002795
0.10467583117868304
-0.3103687054718283
-0.36254445550354203
0.7063074165437946
-0.5248323848212799
0.5085687908087286
0.9899158022689512
0.8936663252565729
0.7654575698623932
0.8289802969132184
-0.8725473330121979
-0.1851193295278306
-0.8958362151430802
0.7662106888447464
0.798622864488809
0.16449520907358203
-0.5069337172229265
0.9367867446239195
0.9171894250270782
0.3842254786705417
-0.1079651463476771
0.1156201412686698
0.3783377929538589
-0.009134985534263227
0.580358340884962
0.6709539991623777
0.7536563757568956
0.8888539526360514
0.32484814829424635
0.9110814644035615
-0.38484834100625054
0.19811261829568008
0.636933692172435
-0.4386544517403059
0.8603619176788604
-0.6059922454737909
-0.08775332583084773
-0.958441164901087
0.9070245110535068
0.9066909319229564
0.512710984538976
0.006704824792621589
0.6870753930124263
-0.5761778686059802
0.26599962047854525
0.721628475657435
0.4409173894128592
-0.19941766570633584
-0.0301431289165757
-0.7342067148779455
-0.36530223262095524
0.6079821721601935
0.22264822457792965
0.6603479972788739
-0.6883002574471249
0.4209934565584414
0.6704259088923304
-0.9973851580460217
0.059253514031701385
0.3083975070431739
0.4743416849543803
-0.040519539121487674
0.42486004447663467
0.9916600853121786
0.2548895369419818
0.3188760376200513
0.7965354104081825
0.28605888454904116
-0.993419272737684
0.8964954621749434
-0.31882995289356675
0.9603798696334253
0.7173341521953038
-0.14516347720395145
0.9370213527685963
-0.6448248637692097
-0.5525673360488447
0.2683923098289085
-0.09487614006453984
0.4112703635838181
0.7467370959750906
-0.2530288443300585
0.736606707390352
-0.024208001864289418
0.9037754316189994
0.9442146081797106
-0.18753382184602943
0.6634164444798266
-0.807731465015404
-0.2410780385864572
0.37836299737019913
-0.04899420254099873
-0.3173275737673716
0.5439853344388084
-0.7861166325525438
0.6891458429387115
0.2575997100183948
0.7044688092451454
-0.1739634483783806
0.8723663629250339
-0.15373279985423194
-0.34018087088695037
0.1003736677088078
-0.46704056652327475
0.9541603006137254
0.026638043088252034
0.9754179027501033
0.8199029937119258
0.20373418281241737
-0.48398619481857996
0.6959737806010402
0.6150654986395843
0.8356773467926513
0.8302965235446327
0.1989246314363262
0.685569943804687
-0.9348312120788147
0.49293628531340006
0.5007483696518261
-0.02034510347068942
0.6523784830640453
0.8096127497596735
-0.6120879526748951
0.8209330919453544
0.9560062367105191
0.0016349691468319728
0.9299647954971604
0.888868794430322
0.9745053929347436
0.0751309309590287
0.12500113076294006
-0.7904527937702005
0.17019609738889654
0.5793041157815733
0.9072271515629011
0.15382364596526638
0.39033627792702563
0.8131522172427129
-0.09607146046047081
0.3356895965916482
-0.571532617210259
0.3291155202794329
0.8937467151731069
0.3763780621444629
0.7027816650010028
0.5658160273733693
-0.1828124449830221
0.2724924845512916
0.6927069525211542
0.7022041662041307
0.29049718676191144
-0.4388108652502918
0.5811979160773438
0.14331955278490707
0.6550104509029511
-0.24813273357174104
0.8925221908925134
-0.3750492278574722
0.5828136604664472
0.4610957754957716
0.3769456716703832
0.33542568603698775
0.7126064695667169
0.4425348979535399
0.33535950291503414
0.4084561121518538
0.8444130726057351
-0.3898060302278314
-0.19877011920887058
-0.5783187233145386
0.3521826956390004
-0.7315246741744241
0.6328413249184248
-0.3767780507024622
-0.9109588696415261
0.10514677283404403
-0.7277037504463459
-0.012502464526887472
0.6788002024376348
-0.45561459361652623
-0.43924498236538906
0.6749608206294034
0.1864182921637552
0.7823301951463437
0.8190415611965274
0.5175668429362166
0.49630940081644764
0.8791330177541109
0.8324608818088025
-0.2764072759118483
0.9688732702713235
0.8800859925381221
-0.5751538538166562
0.22854659725987797
0.9477563368541351
-0.013612420749093702
0.8869245880864721
0.6332671694944877
0.014197854632420799
0.860588239938132
-0.03556332633359219
-0.0628071977119605
0.4404705432245544
0.8457382801721197
0.9262146392618594
0.2628038826827819
0.7968671259860768
0.5432654283562702
0.4595449427891222
0.5021352564731673
0.3649254107670217
-0.09308345811104471
-0.969973420537452
0.31786511171364534
0.9649137116593193
-0.6898696945250966
0.8877520260742775
0.5339039347985941
-0.4983336802517099
-0.6621368343461363
0.6260201812054446
-0.058611336669989016
-0.6531942192368069
-0.11973835072052744
-0.6322069693453574
-0.006939973999838209
0.06720533144943022
-0.514771915964548
-0.6377816243137678
0.2759804883360743
0.8733219629881599
-0.6571697970749547
0.9552804027248811
-0.5252227172863904
-0.6145305816947402
-0.2680137402581782
0.42646706936450846
0.39114729427680184
0.9020859699982199
-0.45607546897199736
0.7280917861377945
0.519149557966046
-0.531827928581546
-0.17482724799367858
0.21376177252527762
0.8001032169585112
0.6216052377783159
-0.7680269633753684
0.5584858734029464
0.8501578957331466
0.8717778990032241
0.712102245486945
-0.5534678754153445
0.7010622589186969
0.5434955487103074
0.9952804017934096
-0.3301912517977602
-0.048986856908626565
-0.22054403256529762
-0.07982618005945026
0.6757662980390166
0.24346335754453438
0.5522645940958815
0.12489889748315101
0.9016448349188575
0.47162051780058994
0.555840746049506
0.92757289435511
0.47469403584124414
0.3053549516401853
0.7629787394699434
-0.8975328806279415
0.3429844525904425
0.0634622467680318
-0.11321661351206519
-0.9949352466234811
0.8535349658627478
0.7119043428458361
-0.9015132454180994
0.7878233884113293
0.4095218626282322
0.8310352912585136
-0.8525886892229961
0.8510391784634065
0.5417496968678123
0.647385697285772
0.7390836681622049
-0.9281967727243464
0.9472064173863839
-0.36662048945185066
0.6806059508698279
0.37789491336407705
0.901101252289751
0.5928569054892001
0.6799311015714072
-0.24849444945137278
0.6007717070990551
0.9203101778402243
0.4145209050716193
0.6797292317343897
0.28969179363340414
0.6037678370187236
0.2134994405628562
0.6207692551950711
0.6445589304609122
-0.9742154515551302
0.41895901011064846
0.7291767302966999
-0.207633599365698
0.7671568274972869
0.632135276686472
0.977942082611011
0.4975553676339086
0.13615976653741524
0.8848711258795295
0.43147942132391187
-0.9741864812769594
0.7702500333163356
0.08538407607303651
0.2265274970378251
0.4458894780461265
0.06009343073124913
0.8098218115272925
-0.2297371608075914
-0.34522008485098415
-0.9833348413550926
0.22733903508145484
0.10603166914013117
-0.28213564408588426
-0.2949627355469263
0.16376585595561882
-0.10601509683760411
0.7021129693071712
-0.26833152298530133
-0.46973486305265627
0.6651882582951618
0.3354489312963205
0.8309786044193012
0.7872570014028305
0.023281133984802346
0.4912838729378786
0.9941904258371611
-0.06242419724963993
0.22271077337478656
0.056881120264543866
0.5542279535042106
-0.15749935118771088
0.9201190216598139
0.9423888239913766
0.8322518818611502
0.5471156100892416
-0.07595706441931017
0.7697838421389148
0.7002014954937451
0.4578244928379754
0.32426982077575084
-0.3540265163167361
0.13424581700590726
0.812964991880478
0.20428961143299773
0.8461312774787173
0.5595195262319088
-0.5754432215867302
0.9893540557002439
-0.7354644259664792
0.8342779889502793
0.9729906816645679
0.3066249593620516
0.9477330088598567
0.2928565722996502
-0.05125706265724891
0.8755824661236848
-0.6519168689744147
0.9859858429055701
-0.27391802917086383
-0.1612308348286164
0.41474793280664185
-0.0938530976051728
0.07270480500640962
-0.4245473470118179
0.8791579616135622
0.34696588450084265
0.38788006701843464
0.2499256154673161
0.5240751536834162
0.8754167128872016
-0.47300261792783904
-0.7896492150123816
0.26916047597299025
0.5801323150766393
0.26621384441235396
0.6129200438055341
0.3569659492957321
-0.11416154547347504
-0.3580732338794726
0.23866447445747233
0.7273114537487552
-0.4184678387745859
0.23434444364616477
0.9200329062018061
0.8632084929638211
0.973748309041709
0.5268821553637097
-0.04791276531380975
0.8867374463093082
0.7791831374519207
0.17321125426773085
0.5934027192198988
0.5887370098437508
0.8812436730769304
0.6895481251101099
-0.7158440637008467
-0.44164773464745793
-0.2103271685760327
-0.10322967150647372
0.9994523554857365
-0.15775227163881872
0.43832408914998106
0.6205343285569561
0.7410834659795069
0.04633137241880056
0.8344344464219384
0.8939365017055885
0.4397080766995018
0.46639606203488293
-0.19087820194306193
0.9851946854481195
0.35555599080015704
0.05800249256761897
0.17534262429880582
0.892183251954632
-0.8427657695990894
-0.612893224228672
0.13376728637219432
0.808786729941935
0.7071467017047479
0.9714487146083789
0.7121344144107067
-0.3037591740735321
0.6775946825604737
0.3626413199471514
0.4863776535856835
0.7317872745946333
0.5241378331394463
0.5377899149226826
0.49549215089155985
-0.04515234166874319
0.7488972123019184
-0.6856579005592851
0.8619912043928767
0.7121522682227003
-0.8702769803662959
0.2718254370033074
0.8410293814328966
0.7565539938342175
-0.04077900729408156
0.20466325372331876
-0.07226525351057209
0.7134712022006029
0.615087974041846
0.2986833278237956
0.194906322082784
-0.9423860768754224
0.8647908450720525
0.08841764277325412
-0.04571808890612697
-0.031872615152534194
0.8922546513679401
0.8217615141943163
0.8114853964243737
0.8140966766935267
0.45778795623532154
0.07889430631839187
0.6979310498703559
0.373409854722244
0.6431004815881682
0.6430956293455026
0.9686174860402268
-0.6966130665017132
0.34664308491623474
0.3873950916999158
0.21161120268920872
-0.6252547193803615
0.916448727193192
-0.6622414230700602
0.5996648654589053
0.5970468122005248
0.7180949994576966
0.521354022116283
0.6989681832955211
0.6271373622481463
0.5961224794868584
-0.5498651923876557
0.4305109214503693
-0.11142520424119991
0.8368169009007614
0.11774706096666414
-0.19295927287604125
-0.1991163135374719
0.6545820356510621
0.4426574727617825
0.3604512561507315
0.33759967785204914
0.6277234861112391
0.7945503984026276
0.9469417722317406
0.5581398785642872
0.241628726781206
0.13128694964093796
0.7380730095282036
0.1709353058989633
0.23851988438805125
-0.5247167482220352
0.89306528236886
0.39815942817320776
-0.4613912827375046
0.11031171344521049
-0.29746491446907913
0.9195621944631502
0.7137091930357586
0.8311368347794621
-0.5496147027620543
0.7787930855256803
0.6124045405127503
-0.31957909506738263
0.7556151933380814
-0.7353890332818972
0.8856760078124576
0.7991946639690892
-0.7478233702692447
0.08790638955296738
0.5833561474881483
0.36055695511310726
0.6899949420585066
0.8299320486728985
-0.9831278768319253
0.027868913550509144
-0.28070914555452314
0.7197905164439355
0.19718204399952893
-0.3635787569188589
0.227107517290303
-0.5591318884655775
0.9656332701220228
-0.194962093290081
0.582391711819286
0.5425054416081697
-0.08639078462827166
0.968100824189989
-0.8097471105604269
0.31638134618576774
-0.97678447003709
-0.11364134850245484
-0.18142545820317313
0.32703097370145967
-0.3922573450533617
0.24360043651448188
-0.45993371775266917
0.9850137940318863
0.5691805735032548
-0.7497052841069786
0.7466189947356565
-0.7265417839282641
0.4971869577139749
0.6332732866181793
0.05159426709136145
0.6520318202520822
-0.07098303656407229
-0.6482073567121056
0.7855227915016966
0.9976094849159964
-0.6081029706176805
0.26347840226711755
-0.7297131322525179
-0.4094260701501045
0.7195984654313206
-0.09961231867553003
0.809973005874874
0.702645132715817
0.9911027253518503
-0.20568567242953675
0.7836423440186837
-0.726897843930496
-0.983419253267805
0.7068844285919178
-0.34758476531904176
0.8137593700348537
0.21814408162494195
-0.8252919041492677
0.9961913225526124
-0.617139000189191
0.5904266390144467
-0.1438975487670258
0.5203880342535052
0.3213842768881368
0.8988203451605564
0.7995542167885891
0.3496662722751491
-0.9140609524465577
-0.07906101868334069
0.5339832617194576
-0.09104397989165268
-0.24838340557965702
0.01823665569963427
-0.9091317281527652
0.5995523738996509
0.5684732902588711
0.9540124299449242
0.1369335020927961
-0.5775207283028038
0.8424454367883374
0.9143368185771521
-0.264240150378564
0.6923425277190796
0.9929094521959558
0.6154731679141277
0.9649457510570748
0.7424099345901939
0.8733947720294294
0.7308587644783983
0.9672872787942324
-0.384662326596518
0.120892515060158
-0.4822286659771236
0.7669666537791986
-0.9159660784360302
0.7615206112637188
0.51479275338884
0.16942728054971548
0.5096852282704025
0.3386977165298448
-0.10843372638776527
-0.30992160677489344
0.5514070794114022
0.7822774374324846
-0.35410245255045514
0.008333337108489063
0.729205683600038
0.6157978840100887
0.7411267941295141
-0.6962179530861686
-0.4713885925107904
0.8255931313508951
-0.26451607978063735
-0.6321342647016785
-0.9118320321208584
-0.5514823002237838
0.9991240262074024
-0.7307014658225722
0.9757106790138123
-0.3702433692330427
0.17353409001901693
0.5868315433113608
0.014648469548020251
0.42314331663126814
0.3178394403288183
0.2856215582148457
-0.7196687223310099
0.45836222554775674
-0.2673993204678796
-0.054036642990380634
0.5834310133739128
-0.13822425799213217
-0.5479200482005449
-0.27256226196861855
-0.40550530776936294
0.919711056619593
0.010243781403994439
-0.51060820866182
-0.8819028087642539
0.4986016256552667
0.34015226903065865
0.3925255983036624
0.6801186090734219
0.6320996396191229
0.7337980423834635
0.8773956480431745
0.849603642084546
0.7643230039203897
-0.08533302816099976
0.29362995729367125
0.5963417258704772
0.7810579010087373
0.8363594868886229
0.5034296616401069
-0.06842977324205632
-0.7124396820882325
-0.971407862014114
0.40098038172159023
0.4535855402447754
0.7074174288016878
0.2519277452346159
0.09197141406336001
0.9670366967972137
0.35734966579038385
0.9049171518780716
-0.8128601944921463
-0.11010630839289237
-0.41772799604780736
0.15732642864153734
0.3911921367300137
-0.6036560933311714
-0.02546547079712316
0.8953315085456152
-0.09492115681279881
0.9732253188573228
0.5898832388685508
0.2828457456209048
-0.6091687285997579
0.9327592705738423
-0.5276909793442878
0.5709951215837713
0.44935928427851873
0.05097960209513756
0.835794572356298
0.3143760214705107
0.49451192345694783
0.8729392676799731
0.5528026130426473
0.9881002889754212
-0.49509115832275274
-0.010231899528510386
0.035932390643203
0.3618643881854499
0.22555648350591437
-0.5205657949195912
0.5206818068098241
0.28051880547049013
0.636303001452739
0.7289144399784154
0.8107225882396818
-0.5318176022694265
0.05452594807924078
0.6831310075815017
0.25555872662856194
-0.8983040198458577
0.8138681050361202
0.15694038438336638
0.9171793515007762
0.6056579382654586
-0.002025597364443783
0.5220082879627321
0.3247704780718332
-0.9068755513932283
-0.9815002322714691
0.3423003784288501
0.44523202739341755
0.641364102913066
0.33077207957246313
0.9776531818524276
0.7163826389021014
0.2297163605684515
-0.6554749658568004
0.7369444002869897
0.9761689798743718
0.9252802900584739
0.6438647345594423
0.45256648215952244
0.6217918964521523
0.9814091911459126
-0.18878975175267854
0.38136835710956685
0.9194363491029776
0.8782648112817397
0.5423017403571339
-0.31842944045561733
0.3406462353694587
-0.543689237929156
0.055797219585326935
0.28243697473632234
0.037551104906813605
0.8109822658057945
0.27926531681408956
0.267373558711751
0.48122685616362326
0.2859437607637199
0.4386690649442965
-0.33226505247100435
0.9285650515957559
-0.4855648565951689
-0.9969450085547288
0.27853111189776364
0.6319363761351381
0.8816529665835088
0.8771798707442645
0.7028928501201676
-0.9706492730975705
0.5113525892997284
-0.1181383242837941
0.7431101729073013
0.3915463930772519
-0.020604300728444123
0.6787758461139861
-0.049703493005201625
0.9019660144641605
-0.9606597917986646
-0.47563605020067645
0.7379014078132203
0.9595009631835011
0.7808703366926827
-0.9577240784067189
-0.2838865787578988
0.4918536340909473
-0.20144226839308324
-0.43953750067568653
0.5431599581423965
-0.5496835019874844
-0.46998899512705755
0.8303351130973822
0.7199941829614483
0.185774272027091
-0.3785922532247237
0.5193120513712564
-0.7636826627277046
0.03545055357546971
0.3424319267799437
-0.2886718443337418
0.8656898628827794
0.8676318265268709
-0.2928621540148796
-0.2434142926216573
0.39510978240315175
0.8717398883135531
0.885761153845656
-0.8749724970192914
0.8862917145506138
0.5855511124674104
0.9241827923406576
0.4616608969641307
0.856259199763046
0.426642207992631
0.07510005553653307
-0.8472579712916073
0.48393738368731404
0.7241522747379138
0.7866916656266704
0.06737112279842784
-0.22116972525953915
0.34372377182329605
0.23110492680700484
0.6350454171865917
-0.29853976603548477
0.27431717170892767
-0.5471886587950447
0.7106227970599931
0.7938297010202331
0.40656095526617914
0.16651943007147563
0.9391968204494217
0.4471181704845617
0.2409267629079813
0.5987320976724299
0.07094338333071526
-0.4179864525966892
-0.7997158626749629
-0.6213872511020176
0.8313807220660273
0.6366430183744449
-0.0206176483157869
-0.19896394317828187
0.8971531796130373
0.6759180297860197
-0.5011289510031142
0.7188969683151429
-0.3247499063215009
0.16441456291675063
-0.09714487931250344
-0.94924040525368
0.1240822853047627
-0.5750673713159941
0.501733532923183
0.12271857859746702
-0.637711349407753
-0.4604659618929773
-0.24628881444611167
-0.05902670154410936
0.4474808080336021
0.6950511164040613
-0.30406406011533155
0.07068502229490342
-0.1650188464084589
0.44068208870169223
-0.10864874231426422
-0.9271868175940686
0.9285359160262665
0.4369084367506375
0.16143812816318495
0.40322809595917813
0.4716250981411468
0.28156145573580216
-0.677567966760806
0.9945147204027374
0.6411638142018101
0.35749691562711844
-0.4950126106978379
0.8924784352958549
0.3878994580896528
0.21593296467249193
0.6619059791394777
0.44667072025255566
0.5532804207104572
0.41996735648048167
0.8376285730142549
0.405726010135396
-0.5381817702239676
-0.1951615940234351
0.9438301731542432
0.6785893071554492
-0.20868767918227032
-0.4664588610863496
0.6292538054113339
0.7624680969404118
0.9570662200216535
0.2070084966960477
0.2254627710762439
0.6199995134327537
0.20042077920359988
0.7712942109294879
0.004506769911288727
0.5580705893961511
0.6850358432549729
-0.11123412178898559
0.460952645328918
0.33821947717244744
0.9317292937871335
0.34189737281580446
0.8534511341721516
0.28395450181160975
-0.8469789322200253
-0.913267550532293
-0.37237764672581075
-0.6375835485045281
0.7537641528051529
0.6417718741315915
0.9627172138095318
0.634993960153609
0.8106899332019648
-0.4394862511281716
0.272843151454533
0.49661031900529046
-0.102576793969494
0.16581362122057147
0.563294866402792
0.7827811628042858
0.8273803664874458
0.15449676789263486
0.6872976028192578
-0.13245856283073376
0.7309562282348082
-0.39985535803546696
0.9399414171234692
0.552894143291594
0.35554541141395474
-0.12859994797860458
0.7137394897819137
0.3729848813234416
0.9404957203530231
-0.26481278948722364
0.1742838717214964
0.89979905254056
-0.554044607991717
0.15936216971232323
0.9644614336774442
-0.9665625027058748
0.6108428805547802
0.5076911179990489
0.15227989128429184
-0.19255447933040412
0.5512100587252748
-0.23123320622792196
-0.21045626416792865
0.758939231173907
0.11763382572279403
0.45613199301597085
0.9933943405930544
-0.2133946249894593
-0.1979492139503618
-0.5538786699322905
0.7411680408371794
0.7834851928065729
0.18387731537166976
0.7108478650663018
0.9533098544792356
0.05820781656527896
-0.6199828965591611
0.5414556783936767
0.47491373572637274
-0.0792083022810134
-0.19700828630790448
0.15631415111083713
0.285874524769452
0.7924034946960593
0.2567862952854607
0.2618379678929334
-0.25864653574545177
0.2848398703594453
0.6252676604252109
-0.46878291633494396
0.2825478312393545
-0.5781179511827422
-0.18214615181231256
0.9143513253304252
0.6452776097122935
-0.0033474410219013684
0.9944622084545494
0.9446027911454741
0.3592084515241016
-0.49979107345999785
0.6286326651526524
0.04256107375067885
-0.019246479828701247
0.3457302504584331
-0.5463715852952565
-0.7794798252160753
0.536211523805281
-0.1312015472667363
0.35658692111296125
-0.036823006653842104
0.8575866406904403
-0.6437026086175732
0.834413667225978
0.6420309257486464
-0.664621252694028
-0.38080380076688425
0.6209708798474098
0.8485014193408434
0.2369365483640393
0.20016652654906492
0.7088278717262536
0.9536200406449624
0.8501085024179704
0.5672048316334953
0.5162720441231677
-0.5118927599422627
-0.7653430686655572
0.3669904685355753
0.8345085327695715
0.7290555295043843
0.14503732549056875
0.031061878139098727
0.5730421692986701
0.8179758974754436
0.5735730336763697
-0.09044516061627643
0.5039949849647332
0.7983382467799093
0.30323176764705834
0.15193174277232996
0.8296561909003944
0.6190291055233013
-0.9516409484522114
-0.7644760726039274
0.7801530483277471
-0.7923757299061562
0.23105222615384607
0.3656355536394954
0.9327899609306273
-0.033781642380827794
0.6134989766590775
0.7758055716852752
0.0991249226000121
-0.6690002883465103
-0.17482300477654542
0.008683731318486395
0.7322472879463885
0.7243481283773163
0.9125070389601564
0.9625969239324816
0.9253655881930106
0.4991290960729173
0.22267441039039557
0.09765865207748245
-0.4743856621704835
0.4446758620418473
0.6197368378236224
0.594290470602329
-0.13124886105887906
0.7431065829736697
0.5020483045249327
0.67967961877616
-0.1195619786917874
0.8924000077602805
-0.48025767084719007
0.9995381551890477
-0.7407856203460592
0.4718322979888653
0.9700225955734721
0.22914625216784043
0.5641933295423759
-0.012365770696047869
0.3985832858131338
0.6832730290833778
0.32800706258849005
-0.37881456326153046
0.43083570583846986
-0.23719826641300848
-0.8416823867814311
0.6352953297833388
-0.32761137264908036
0.08945976224728909
0.28007385892600717
0.07999352142103212
-0.7407643950271106
0.5768719302359546
0.4179889990077824
-0.5717537157376908
0.2036582322443395
0.9594461127253546
0.9494188272931334
0.9210942836287332
0.5569413631858587
0.13807345717151562
-0.6241426136738473
-0.1907905423859476
0.6358575716929782
0.49603107993744494
-0.004393986419841527
0.18857480119479073
0.5048938007956826
0.35783427858738853
0.33033501477843974
0.32968624711822647
0.12576980603798868
0.9639863989498884
0.2787224552282829
-0.06207594676633838
0.07542543054783252
0.8003825155375758
0.8243850999922685
0.1769795095592816
0.4920592560895218
0.8909020226409972
-0.4158431797268957
0.09913888454510096
-0.6445336574028955
0.19584293399814706
0.8252297864961418
0.934608834802347
0.8646771603726726
-0.15712263935325027
0.47300532918697874
-0.5039516043011376
0.6117287621829774
0.9947596778862609
0.8526653921627017
-0.254145095610499
0.8350006776865699
0.4768790349676133
-0.007162044543921977
0.05453603496093881
0.8225028991443081
-0.4299457161395431
-0.8351419779738986
0.9144084322962096
0.2048281818481241
0.8875616463054266
0.1864435617485966
0.5107835923476295
0.8970679114156869
0.7387156999020619
0.9299692901463191
0.49441463810124275
-0.6760817233775855
0.8918456962448643
0.5540884123676739
0.3630750410964881
0.5471441352636547
0.6309969108619561
0.41801701359762333
0.9824708679416114
0.20338970860918507
0.12882969082689671
0.19608844451028923
0.8784521246252883
0.6963957041248529
0.6832262353049496
-0.4031751509857339
0.9057223060698557
0.753173237711495
-0.02138856453794397
0.5969717314451701
0.22137318608067402
-0.261971487265485
0.6402735938877834
0.6935995047016775
-0.6274110047999403
0.09390150707063497
0.8209464106038692
-0.26790683234213253
0.8998384247400544
-0.6221182782406204
0.6679623767071756
0.3815913008879165
0.05541479993626368
-0.9836199729576576
0.6785257279558984
0.899129349030547
0.4660605751062009
-0.3089488017153541
-0.7920269599559804
-0.6660235335099559
0.4876014157998611
-0.0007337999386527179
0.29687562752555363
0.26471447453160657
0.11173793105911622
0.5912810194777487
0.3966392544675526
0.91089205222547
0.2784237785748736
-0.030211835852159443
-0.0316335860187609
0.3387814463594805
-0.7729227104883364
0.9693556052522423
-0.10445210287910744
-0.0359580300562952
0.15065019795861304
0.9036434977194308
0.6459019622051009
-0.753634783860708
-0.32781224264256476
0.226954142337171
-0.7056069207514458
0.8175902789419524
0.7591608862975933
0.4694238111351028
-0.875812137470649
0.5133725750762377
0.4038779184284883
0.07374011994715528
-0.8586256404237254
0.7877057707913349
0.3673132436740751
0.7699566520398248
-0.6531499809300236
-0.08591348569186935
-0.9507867012477703
-0.6692389642789998
0.08592739979359386
0.8516080056683482
-0.11505999064821082
-0.5280818241979691
0.5347354082997475
-0.36113478498602425
0.4937310015402986
-0.37511214521902386
0.8865058184721669
-0.5945801705273133
0.15134321482150873
0.765428627602749
0.7518636770971345
0.7920770879573187
0.8036159346222862
0.6690213474703879
0.04840254892770055
0.253924440066817
0.8595844701554463
0.7935613633157094
0.7825812862858449
0.7479669038994174
0.6239413348503347
0.3025276701670071
-0.47712984225219357
0.36902100886828576
0.13989578328673624
0.8601277786195682
-0.9794655510602432
0.9592140660185862
0.17555343724143493
0.8924706821412732
0.28430984222967187
0.877301914084668
0.978769848935608
0.6852181418638728
0.15290376349816245
0.6798106833152128
0.5712087698641345
-0.4528204521887408
0.2699325154022795
-0.8218622399118111
0.21198588630604528
-0.24638304537049543
0.09862872271487529
0.9771268470282072
-0.3928887245669868
0.9921880915521152
-0.13043339029668413
0.1887760047383909
0.5042589373176722
0.9601877351342728
-0.7437834459423558
0.7173564547445009
0.8291410865828905
0.03757993482921473
0.721659743407197
-0.5892055637371573
0.6407385637096201
0.1337790649361265
-0.08307727772306471
-0.24325597448943484
-0.9448838058868735
0.5323050621157912
0.45980495827536155
0.24340153436706288
-0.4896469742622381
-0.2355942616519761
0.011266085996360158
0.3839581917336658
-0.818381314126558
0.6306744624220577
0.3356049157082475
0.8054338322491775
0.6029941083290346
0.4414158612119881
0.9000562923302236
-0.5844152392633563
0.4490995338609442
-0.8196722108848229
0.6643109745828675
0.8776747722072721
-0.9776152417221792
0.6964908995322241
-0.7872481849652255
-0.09359107669376017
-0.4139892436900385
-0.8772675489113426
0.6413565130748322
0.35433288370723165
0.9523959672712673
-0.5528459288159153
0.4158549664749451
-0.6542748207451554
-0.8952727263739061
0.9860552777167055
-0.11186668156453057
0.859385591348338
0.0025938039356858777
0.6690124104412402
0.21303374557037333
0.45532792156054985
0.7006760352146488
0.5166454964576233
0.3300086377173742
0.4273776941261685
0.7975790951358552
0.7965492277987583
-0.28055091461090753
0.881401629576879
0.9600687760109932
0.7746919038433426
-0.10318110113856356
0.07267847263987828
0.354307081784138
0.1603082392842382
-0.5587636244378567
-0.11452454073197432
-0.3814227436655208
-0.5952138533604769
-0.05087751971055978
0.24251612845753293
0.8967054424081521
0.6525157456138785
-0.978073816637777
0.5189565831317666
0.6217259857563691
-0.3495115756320865
0.5365015253708243
0.5745544025196929
0.8130938329000899
-0.01158429556365811
-0.7834571436933723
-0.5350401863297987
0.9132444608380683
0.9942581895910886
-0.538309204665028
0.06635213329288794
0.2499589028973823
-0.47140656696782063
-0.31217900130487697
-0.18589955663615654
-0.40729274817255845
-0.21003589250232702
0.796025808436929
0.39988499025706675
0.406141252299868
0.10396623708501705
0.2681631057529542
0.9368736411983983
0.7707564833254347
0.544614547861078
0.8421770458345744
-0.48702615093488266
0.7286993405695115
0.04411809022646259
0.3184838903878069
0.9454785736656217
0.2543176729099448
0.6690373372547098
0.6577560937013127
0.19933020244297914
0.6874023002556264
0.10925031208385493
0.6933412264299768
-0.6311401508535623
0.3073165134651896
0.7222299303467884
-0.44990497576304567
0.45252625222277487
-0.5339446748159964
0.6267321148162958
0.3742415825104188
0.8688114637903009
0.8711815437986938
-0.005306168336393873
0.3130694863012123
-0.8474662422778099
0.4739515515124451
0.7914934526362278
-0.23511941335957318
-0.41023105587310466
0.7682671899162627
0.5539456537302657
0.6992294077246312
0.4071909483080382
-0.808114142046648
-0.9107962827950389
-0.3419648547741548
0.5730791759261895
-0.2816581211727203
0.23494313468841999
0.698834625250204
0.873146453051785
0.9297596583168579
0.9043355303664329
-0.21703651869453297
0.037817689563353796
0.7611992544479309
-0.4257305206132426
0.9368852871476397
0.31071980411393996
0.49029196161547284
-0.6002122462456089
-0.02563861665813622
-0.013601815807622477
0.6668838772361159
0.7221679174221757
0.4012789613418661
0.9445462409098268
0.9848999370527793
-0.2092508310180772
0.22548161052309207
0.8368192817498595
0.47149907568883953
0.32783756190379765
-0.3659166654080563
0.791321447975525
0.8453661658357803
0.5230970323166209
-0.07187153953152538
-0.715217164591516
0.20265270515495376
0.8862608052341212
0.8221896837776428
0.08388914053615337
-0.9837618667049095
0.5009849826355707
0.6491782214043901
0.8668954529963483
-0.33019180139652593
0.09899447887440067
0.07681935652693088
-0.04215722167542364
0.9392986134545069
0.005719299442937755
0.8864047195922503
0.90965673615272
0.5351782029616342
0.13941743525197672
0.3689416230294194
0.44392151426935517
0.5583086798654792
-0.270685627680872
0.8785862772973279
-0.9437702113500208
0.8443216929144576
0.5787968495645415
0.5878921061058375
0.8568304561587615
0.5929600481804971
0.8305366435057285
0.6187897620863396
0.679973748904634
0.4978312934952991
0.41302667460481457
0.8592168918291614
0.4747666374523933
0.6383951755719026
0.5924914751933446
0.3028270561220318
0.9057970653423117
-0.31434865353390906
-0.7144565080487355
-0.679220006400455
0.3816241835458702
-0.7916112712156493
0.7723762110203226
0.33473407553501555
0.6545930306742993
0.1322533725577619
0.7350964695330681
0.6231510338585873
0.6590589388727521
-0.40088747296942673
0.7500715503507801
-0.11685277780782181
-0.2339137047280707
0.18869640238246813
0.5477809497622157
-0.7280098295811217
0.8080864150381658
0.8855098107919428
0.9176198717884678
0.3447116801727602
0.14056541170763062
0.448454195341376
0.7428640944660907
0.08942180570169765
0.6342741067757406
0.3798882204953598
0.5395042900632456
-0.798729591493646
0.7452190463857424
0.8830519700314879
-0.6169526784782042
-0.16341049033717536
-0.3839714238479817
0.6351774212332667
0.6164319349765898
-0.6076522142217896
0.9835946201133978
0.3264951461521146
-0.020625297724086212
0.16777089170513979
-0.1902293929128178
-0.025962015355257603
0.020146346164246497
0.6878021499962366
-0.01948903333628704
-0.03765807143765187
0.373290475411981
0.5003839533047908
0.34148764787862523
0.883729821191925
0.32543748038723486
-0.213328282229326
0.27968751745198983
0.6277185703445778
0.6561270518507745
0.5647845682080017
0.3206208568006662
-0.016546652405910512
-0.7241552934155447
0.9390482524129975
0.2779494547838841
-0.47545980681246597
0.3232986169247181
0.532098215127796
0.9437159072356514
0.8469506301167367
-0.0470774841912537
0.8592072408073342
0.5045058482860997
-0.30143183790195466
0.9949709372858009
0.6359313729316854
-0.8782491422735594
-0.028555153404686454
0.5331520403313508
-0.22291254916267486
0.8503402548648201
0.6070144335670451
0.9444044958931896
0.42267383164484923
0.3382911346531509
0.41610707769338656
-0.812539756796944
0.5215015671232921
0.622189393816451
-0.28129156050024406
0.7966252309677433
0.8545528819282833
0.31799203789863023
-0.49839150658397224
-0.512056345984396
0.19506381862254232
0.9292564841544416
0.8055067335965325
-0.29751524295379
0.4016709592693919
-0.19605515295004283
-0.5569456923893478
0.7672339188948396
0.8801548074275234
-0.8988506207612016
-0.06067805757899172
-0.3894723820703464
-0.5098591947882208
-0.2883944177116933
0.14480606150627434
-0.412616767291737
0.20127062313842145
-0.6655873461527415
0.9349074626453131
0.6096482552960468
-0.26115659318314693
0.5106623194426684
0.6481956063680718
0.2717892218805365
0.53023476798365
0.9862199081007267
-0.2813787076107211
0.45219498546080594
-0.01675743941869724
0.46875173211978083
0.882225083339704
0.1108517495669285
0.555881895412809
0.8862730244953286
0.19792328723193253
-0.23854289777833593
0.5511078416416716
-0.17156341504045852
0.09791982214768664
-0.22385923017192658
-0.6586107765015615
0.33810809855471335
0.4978183059429886
0.16662531794330765
-0.4205526021588688
0.46112487863556606
-0.7056618845268411
0.627286918356926
-0.7855733098231575
0.07547236611231768
0.571580795284707
0.4392438658507233
0.8695386737136751
-0.29077559673389397
-0.8216518831062036
0.675077572495864
0.9203234942802294
0.16420464078695857
0.181914066169832
0.41367791377188795
0.6114825601592278
-0.6529876353145486
0.23924161940415525
-0.29971463959805633
0.794102022645094
-0.6308576591512687
0.2772330823276047
0.875663328975359
0.875738485729389
-0.41962675731280635
-0.16209525348456244
0.7442616630939528
0.9990464286379053
0.8512201621925677
-0.681161185979031
0.9090965246301022
0.4522424610500157
-0.16856747408153216
0.39083248334522536
-0.9807962147612648
0.8784008023559328
0.8072898832937148
0.5877962471035632
0.34768342181169687
0.4386199813969297
0.6170030289860199
0.38829087206549995
0.6372523529296885
-0.19971561888449152
0.8812213901252512
-0.611721776688489
0.1810709426026166
-0.35017518810677545
0.15881250699342017
0.7553794078566917
-0.038504019443831396
-0.9683055227922607
0.53474179548331
0.593524434240459
0.23667988830987646
0.8168892656149912
0.9154184026099735
0.9882632663038983
0.7826171734435684
0.6534497964826982
0.3838275713514881
0.9099040986140244
0.18203823889342058
0.608018490658819
0.499748445400437
0.5732264718873719
0.7831940288679979
0.8976662543143347
-0.23468513510421163
0.6150724236097375
0.3293290319980216
0.4489212402284673
0.6358271932083313
0.3949564853068462
0.14124571330120408
-0.06531288172281514
-0.6443724105956719
0.18031522628652213
0.5278264178315568
0.8035450384856277
0.7514900384265757
-0.21296516185418224
0.9571796595788933
0.12597159026922958
0.5227789386268483
0.15452028043549537
0.6011691167855001
0.7870882530431487
0.666845250320353
0.1853204069529575
0.23695964075855758
0.7560923293657038
0.5254518628088919
0.5275702709295259
0.7864276551603635
0.9309591156490035
0.722075354790971
0.08448918397441557
0.6362357586400753
0.438173622768619
0.9085585098846153
0.23604491567353092
0.7824539643402978
0.6555835925947381
-0.6684737770641807
0.750220634062121
0.7491193528469424
0.48788889969053023
0.6359432933819146
0.28155736544259574
0.8892429662354548
0.5151506614585168
0.9575987704921287
0.23285525003709703
0.22311174050928653
-0.6976281566020097
-0.049705756405908776
0.01611307807549264
-0.32852560767481853
0.21470498058650175
-0.001387502460701311
-0.1500706432466851
-0.6708927219495565
0.9699979487682509
0.551661107696472
-0.12252949625184335
0.6400978868149302
0.1819907431000055
0.8377433864744025
0.7392719336421901
-0.5791954455956227
0.6960425478669605
0.5009187786747619
-0.5157905109023567
0.7717202953905616
0.7070912433746714
0.9089274331695208
0.3623130958579256
-0.720505544479407
0.7431632917342644
0.4549193411198982
0.6889367017271627
-0.5952400907659429
0.3858036232998869
0.26844288529652066
0.4378128115088579
0.5998032034541484
-0.2501977242184335
0.5082066420430801
-0.41847650837372957
0.3792633574712907
0.5390346406123968
0.5462260816919068
0.826283164229688
0.48422887758810745
0.5028110277326469
0.27936605806723697
-0.5678144574536461
0.5233717962545851
0.8412755852761657
-0.2812718268844132
0.003943278660476248
0.7352676928021837
0.9780180675503003
-0.048368310025684945
0.4618486202337341
0.9907785675588692
0.19263773704294035
0.2804422761786849
-0.6366559512460821
0.45727512740917076
0.15898744380790097
-0.12173928281072618
0.02322016270734602
0.22040600265230442
-0.3431736859950948
0.6241743366607478
-0.014036399693234126
-0.941169960226729
0.6820109303566535
0.49697773475860013
-0.0475152024289147
0.32136523233395664
0.7491015210138527
-0.7348689454146601
0.10152040585226234
-0.36748039351157125
0.6300595303280309
0.974689076466173
0.0979485697691704
-0.9898538454009115
-0.9326092288175869
0.02523482553090117
-0.39260354917823226
0.7671749098658114
0.674034176665669
0.8689375323700288
0.016861358430954168
0.5263049307203845
-0.06785995888936297
0.7239986514778469
-0.19356489859919643
0.24267348433485086
-0.7009647323131877
0.2837883232871967
0.7853163463081375
0.9530177851673364
-0.05998846517683792
0.7169146574366739
-0.5449254175896406
0.2835358330766414
0.7962797433800086
-0.09708582549536568
0.8484312139882589
0.7121256446037285
0.5825198775138288
-0.3786479478869033
0.23591234464288732
0.8653622661891317
0.21713488206420686
0.7531172169234945
0.9142769089863776
0.23843332805039374
0.7299963585245323
0.26931131889043486
0.6697704200606781
-0.42894184456262446
-0.2991905490282347
0.5101858651831466
0.17795702412291117
0.43029954970403655
-0.9511369131693104
-0.8662038071538749
0.8786266230800143
0.855263442251452
0.9588708222444637
-0.02493335958555662
-0.7373151279208358
0.5895215416805748
-0.1296279132060801
0.4346712192644053
0.4274535670597629
-0.9494415675812241
0.5493395096153495
-0.04884964114360524
0.21427401909146693
0.37839973087493606
0.8893325008687062
0.5170224482488578
-0.18182962508168865
0.2142425023020131
-0.33276529763009666
0.8376833580220007
0.2299659249559074
0.006336901918982364
-0.0190228635191753
0.7466292638019302
0.7849056288072843
-0.012209314697433074
0.7478479316273309
0.4249196109982225
-0.8329451532505328
0.4134426337669924
-0.08594753722596814
0.5255393992733448
-0.5761962784839831
0.08860814162254446
0.6590720162159065
0.3844565801401015
-0.5737350352423919
-0.8253992493213396
0.8740412013802664
0.9528458960440098
-0.8898143126965038
0.9604560190547675
-0.9461414317089157
-0.09745406974389373
0.37274851686000243
0.762086247808922
0.32908751570020045
0.8224240983412703
0.6946387230486245
-0.19580864035268788
-0.4610029930613853
0.8054505056270868
0.12318937911980218
-0.9708434450402015
-0.5511725016020892
0.2743806492795444
-0.26888086910266296
-0.24289205210494577
-0.6290845028689903
0.6346674320522353
0.6320751693561555
0.1952504323834226
-0.44424518788805717
0.010398158373959139
0.8190654320813026
0.9672811827033234
0.5904735129197674
-0.24437137673055617
0.4928291714798618
-0.4363990208421677
-0.6995384003307816
0.976348674499034
-0.7936241970856299
0.7923363667725417
-0.5778125684827856
0.06633977694891979
0.7678297909527074
0.6953987541868218
-0.6398420778531229
0.3788599331183127
0.44026670985685695
-0.5179271454391594
-0.13649849583209273
-0.8680726586391122
-0.09771686240017702
0.9999500912939553
0.45764105931863075
-0.1983549673421167
0.17756044053639802
0.020755445713309936
0.3698097203810268
0.8439078849924373
0.35033348695580996
0.739756608984538
-0.876352495563482
0.29524834556426155
-0.17058478615888611
0.8170342652420581
0.5884921297251374
0.7329188065255264
-0.7501568104503972
0.868128858188464
0.948909122457103
-0.5295869121426959
-0.15455397584382988
-0.8980384037152477
0.41192518840894593
0.35397702037104084
0.48436380028197007
0.8865460049089579
-0.16905215153384953
-0.38160360330829673
-0.17835145735044514
0.4746922096062182
0.8387334640420551
0.13764792291019728
-0.6262018581723863
-0.4352423511405704
0.8746380249934148
-0.6763573017092585
0.1304529431622746
-0.20909231761881622
-0.0016010094404695088
-0.8183814358680213
-0.16880586251100685
0.9773694292137839
0.034264602765115316
0.5645039143711951
0.08434858699942381
-0.19698512860073067
0.3779157674072527
0.6547897258249971
0.642876478053654
0.8867447148047146
0.5967409598407946
0.6353035175284504
0.11761288522533529
0.13503111944931181
0.9157026593772755
0.7195228406082436
0.6885768623554913
0.482577113328479
0.6316540216984418
0.5140143414191027
0.9963068237181345
-0.960892688540368
0.14291509614262302
0.29875903281565436
0.5233524190908078
-0.38197608379661874
0.3375326520844782
0.878060397211487
0.449331236686183
0.5978113331884611
0.8868418491311849
-0.631077905087767
-0.4002760297285339
0.41901310761050653
0.6664296764921901
0.7621937544008226
0.5536524731414583
-0.06098266342018365
0.29010990286955196
0.9604058933240951
0.560975969867614
0.8181752382426117
0.9276137874810217
-0.8579254765600005
-0.4673393817363266
0.7978964692846074
0.6641686533615968
0.37582506490877443
-0.2593064990003813
0.4598185181447906
0.6353852481734175
0.6537533516807753
0.26657412362351535
0.3165050569793151
0.4856341323978851
-0.573385807458636
-0.20638175493718247
0.41784483952723167
0.500037764301698
0.6066650900212229
0.003023550480019873
0.5377807363642794
0.9815060870250534
-0.467359196946947
0.836898155618727
0.8194018405464124
0.5567783515200828
-0.4761038895076354
-0.534387999270233
0.8004882742093027
-0.8033634113026754
0.11896114676727233
0.5522552545374442
-0.47957091643076105
0.7896364094365855
0.4629915990052739
-0.8298567025898759
0.8063071453989831
-0.05572463006908023
-0.24900127317638654
0.7044657198025049
0.4026075805629826
0.7423025026646198
0.8133060582705463
-0.8431700255904485
0.4567439301430143
0.7781073874321424
-0.5300990132462552
0.6255086585054623
-0.8564380037678864
0.8559263969993154
-0.08586479966634376
0.09815332808257828
-0.3788654295910706
0.4081563233326073
0.8659118770330886
0.8352107076212009
-0.42410232998257924
-0.9713617904004144
0.8121541211093011
0.6159640620089615
-0.9838833756086635
0.1406510199641217
0.7474890294802801
-0.306888012721129
0.7124840687455001
0.4398062896016552
0.7314379212259915
0.5848875076435128
0.8842757474492745
0.3383727495608244
-0.806561450782373
0.9054636200315317
-0.16922417160764044
0.40907707695535517
-0.5002505022700853
0.040555960871415754
0.8617464690343349
0.27536944645191547
0.45355369887942015
0.8710674583238779
-0.3254780519551291
0.9200751032741471
0.7675591507267849
-0.8677205384514862
0.8971853367440985
0.021569929663567817
0.3381771502540338
-0.28897978119922896
-0.5410840043967868
0.13430930016559567
0.2259080494344995
0.048831222374073564
0.7112476364100474
0.33745950557007404
0.8568876690666809
-0.22670230022072016
-0.32447315729909076
-0.030668883334474227
0.09654259158037881
0.9567343389376503
-0.06004106573358008
-0.5200038724502957
-0.9417404820775986
-0.21483165047421476
-0.015950262424772058
0.9620611981984476
0.9679747128714689
-0.8007475900587743
-0.6895891081518093
0.607610308777095
0.9468732477731127
-0.1004949997805747
0.948139701891435
-0.3270692169867316
0.07538668300819315
0.6511561985002883
0.8471272662751308
0.3369257015637387
0.5546106361548222
-0.3550670472567084
0.4220689855190325
-0.9712023645375959
-0.19805077177585642
0.4265375844705846
-0.5146042003739324
0.3998191262936603
0.9668783809412059
0.9545269841010967
0.9325995904460702
0.16137360522222544
0.4475229176448075
0.8461746299209388
0.6017806205945448
0.4023210604423671
0.8360387152695358
0.8228096810397671
0.9451642775172808
0.40104704088327287
0.44992755470354173
0.4489076609760207
0.8525177179531168
-0.6181904714540674
0.9455792123423378
0.3979778735365516
-0.08512132655474697
0.4762112167992227
0.5066992623680779
0.5201723799249159
-0.7141870517282032
-0.5564571715991838
-0.493252251141182
0.4344818797206637
0.09925393116343517
0.02210227627426065
-0.5678689481232323
0.16555134036102673
-0.1700954823310148
-0.01888646584626682
0.1501192259005002
0.26297356001234784
0.8779770247164569
0.02459069650624262
0.0502344152788592
0.08103000547793733
-0.47980866497973723
0.3312523540293813
-0.01242139040407466
0.6963862604948734
0.7922497902995612
0.6606777865568407
-0.9948370545073569
0.028513645557076032
0.7886538180214446
-0.13859091147344202
0.9944194962223758
0.3931191933008763
0.9347128758701716
-0.6842815772756428
0.4108160082662456
0.17299247550582747
0.40596167480897927
-0.6889562883759752
-0.19247904353455236
0.8855340463817464
0.7863037868239546
0.3680073469022598
-0.6875920818400314
0.45157870452001575
0.4027203409211434
-0.9455009880836952
0.7114318223771958
0.3713428992264745
0.6434546707895009
0.3316729012504858
0.6749621195653365
0.570866729582915
0.4870511506560509
-0.14438432577511356
0.9495297920718148
0.9885942452439367
0.4536440353331737
-0.3114519581127889
0.9972112870409755
0.12426107908821464
0.14967541955940092
0.1725886668703055
-0.07700628875780308
-0.019735136861250644
-0.5636434976665302
0.30378047483885395
0.7636053232207737
0.4553380457959477
-0.3063258802300236
0.26604648821453125
-0.2851710451872181
0.5391366412899432
0.1273138988782805
-0.08736738010847968
-0.44685390611452264
-0.3063257296381702
0.3673740194286031
-0.454279219392426
-0.565584209991699
0.611397814313745
-0.041434899959661764
0.23934741021154796
-0.9044497210353344
0.7754867149122245
0.38089772307788594
0.7076021102148911
0.37652469123034177
-0.24931624717169873
-0.5303541066454587
0.6129947423348564
0.6819213512896733
-0.44602881701386154
0.3063218152208628
0.546088527145213
0.7195163000514232
0.578441005676788
0.766709908897369
-0.8507284672347326
0.22506143899024547
0.5632867315811262
-0.873519081320648
0.5599455033253065
-0.48173805589423835
0.7023796008439201
-0.5677470876379681
0.5945467819634299
0.8539017222182805
0.23720966149109826
-0.25628800152230036
0.44471951661165804
0.7965989406367356
0.3366130080005109
0.38685327614339854
-0.04064176026436641
0.8131437969692321
0.33409406028218797
0.9470822886890948
0.110790297191884
-0.5483748749020898
-0.005981027343302547
-0.2876871496770975
0.5169267240326252
0.6533082416863936
0.5737924514293646
0.993174809556676
0.28475898333044686
0.29329246197059194
0.6222515655640709
0.8848152304210952
-0.5498034246452517
-0.7875519388739752
0.04766961685237069
-0.0712622411322396
0.5756702462463744
0.9380974402328162
-0.6386885795717019
-0.758487116897823
0.8266962493952569
0.4357235412341512
0.3678015289010023
0.9277274034625465
-0.0473123135967787
0.7381934439871456
-0.424886380936055
0.6243909557584036
0.5384948072245012
-0.945013255616435
-0.3113763559189351
0.2676116940327242
-0.5248042565443805
-0.4003347223383408
0.3385888160573663
0.8899073990757213
-0.03552253389476708
0.22918198825111732
0.33273828686154017
0.8996807551659189
0.468302761470083
0.9799564427461245
0.12093000020865836
0.40291210378210834
0.9924352958388751
0.3363055081369833
0.6136814965143872
0.7361820202013792
-0.6778438042550935
-0.8606422393104732
0.5974876979064181
0.6732705265632087
0.43831206492799624
-0.47912522318042666
0.36572795033879785
0.6910422254455998
0.691629064764976
-0.8656601641941247
0.5024222360315669
0.476361496452264
0.46130657767203515
0.7635077780073357
0.6317604424530897
0.5220763335311293
0.7182250042484314
0.4372622127778065
0.9951314842861939
0.6654457479734533
0.8552035265965832
-0.6541126691903556
-0.8945018192291858
0.7241411517642096
0.2233950466679512
0.13596377825318529
0.40973108435413025
0.7322350105199764
0.6147964538606627
0.6700668699001777
0.7967285099147217
0.6207194307734188
0.9597090494894671
0.6757388939730957
0.7913397623756624
0.36294858554977893
0.1645501851664992
0.009667225603954872
0.5311052970775878
0.4156039692812473
0.68402952221831
0.10228897986025624
0.4157701407903786
-0.42219985199327514
0.33711824187435846
0.8886462487989121
0.7669981116272828
0.8952606898348914
0.9430965946038612
-0.2952123944748169
0.4893735503868953
-0.16834079426058016
-0.7851366866453675
0.948960648751018
0.8479049565228736
0.496137230745235
-0.1773902221412395
0.32301474241012135
-0.44086867523125733
-0.06664933066768879
-0.14932839865310998
0.8808256833578891
0.5879206508250248
-0.24335777335632294
0.9121781079775478
0.3744333461015969
0.64194754998238
0.7580238228556675
0.6891596915982953
0.13260342963540325
-0.5379044170485491
0.2708676089298891
0.36376489366082826
0.7428154101155919
0.0808191049080616
0.867772794389598
-0.054569639459490116
-0.022837724781383083
0.9157213615371335
0.7812656320872157
-0.08065784365454783
0.44893586169537036
0.7532081460150257
-0.2668763417478027
0.9741403476674595
0.35788462122918063
-0.8111803097738042
0.9915374913268089
-0.025343440359490852
0.179061058780012
0.7538214243170555
-0.36582164780727144
0.9648881111423145
0.8240143485907978
0.32902372307536465
-0.43702995706425063
0.48678386590857803
0.8331480496811148
0.523186296566265
0.8752046115281172
-0.2539498431584627
0.6475754643039475
0.8903477728842154
0.6015104717078927
0.6789753384379403
0.8304769651383286
0.5054432700911393
0.8140096904502516
0.9401940300158772
0.7062003981812135
0.7703256146165358
0.7357741273975247
-0.9746321055233493
-0.8969504597230817
0.4309201187142122
0.2900331774308039
0.8797427173402169
0.9028019928613731
0.2701963991689991
0.9573708064413636
0.05311976227629428
0.2189123146173972
-0.5363615738311249
-0.20751910261054035
-0.4421245142594899
-0.9281269250086956
0.7034236062865391
-0.45205407439028156
0.9078460102371341
0.8706037963312582
-0.8912889131577083
-0.3013169911423035
0.25700309932340504
0.2920871677723175
0.8586369925050773
0.4346793193704356
-0.2821967156294295
-0.1670861373278134
0.5171573271485312
-0.47597699019282214
0.3705035092118886
0.5452757744567482
-0.15789520305231464
0.22144879470742554
0.8642588534527799
0.8271581045193308
0.7009938096795838
0.5579139472408637
0.7041004603550137
-0.9395969037552291
0.9991911912729462
0.8882650310031996
-0.18338620532060176
0.8529269642351295
-0.45557026655323163
-0.0640116671340616
0.981850377579215
-0.1142265390428854
0.1618965029693915
-0.6058650835494036
0.8373147592142436
-0.5376027000120714
0.9896356365780212
0.5765080645063921
0.7026328102676321
0.47060935408489973
-0.037536268672191994
0.3142316215438643
-0.6611825842679306
0.8759326055666159
-0.8698930680858294
0.45663213377723
-0.353745045388789
0.8378247950470709
0.03702694047763314
0.798457252984304
0.31845069259289466
0.28311685119029883
0.47492429081045984
0.09908852844686628
0.6649229661184791
0.5758292750897114
0.3466749283438768
-0.4809586678138226
0.49638860730749534
0.07145281204556495
0.5819106507764945
-0.2737581248638962
0.8630746342279505
0.6097124549105677
0.9092333235235415
0.18173458459995784
0.05882017827895316
0.02450628641673089
0.7659120510072306
0.29627447397147993
0.9444570401972052
-0.5730192793955362
0.7363372411169087
-0.5946078623344552
0.4068941979056482
-0.4040416982233491
0.42582929499349687
0.25799989050523975
0.8699257986787022
0.21149167157259127
-0.013596495396987854
0.09439137783838276
0.18052683204575498
0.643984165301033
-0.45057464592134266
-0.42608852784837703
0.16856729906976015
0.5006831508284275
0.43761958110429827
-0.06967441652749629
0.7117362582441573
0.35070948691036313
-0.8919595896932759
-0.44819519982917017
0.5430109244364982
0.5099535401481302
0.1411810938060756
0.2422706061041411
0.6131448956455242
-0.6013898173682453
0.1019086609516139
0.4492090086146202
-0.08083020498636448
0.9950168881624277
-0.018973757582752257
0.4177919663953193
0.7866417362394644
-0.33382081612630654
0.3059986948014237
0.5766563423095915
0.5965705702485655
0.8832741769082072
0.5753596320864253
0.09956215476032582
-0.6080146075788373
-0.1624065322056861
-0.24825455273611108
0.5918620183641856
-0.9374832667442741
0.7886230944110963
0.18074510016891399
0.6161272863309107
0.38361282107705064
0.4925070059882475
-0.8042539925267059
0.5254851442649374
0.8846095821636346
-0.06474764252185417
0.05442605305947193
-0.016472134573238914
0.6573805084473795
0.5620054314287126
0.2654417452938583
0.29354008272728094
0.09163063750629652
-0.034987848778881364
-0.7526813025419288
0.6832762766406593
0.9038121138731964
0.9365449468485535
-0.8868237564605932
0.6232480197323435
0.3403259974970732
-0.45698863101289866
0.2956383978408865
-0.10231543996643917
0.8643931101756982
0.36703006810604316
-0.16416183686360578
0.8877422419208579
0.9142523092883635
0.02858973630753335
0.9978384032785971
0.8164122716474588
-0.350790915319624
0.7886709002457938
0.4771777712375793
0.49013053506751547
-0.8087519474283393
0.5952033884864845
-0.7881208158000675
0.6345625328804465
-0.4308630007346298
0.8150457488001568
0.768751270530124
0.5593432926929861
0.09601551673763643
0.0902862053414676
0.8575249346085945
0.9823461640831468
0.37890973922342647
-0.7823795297192774
0.3905099656984224
0.8207421676262607
-0.7770413797542994
-0.21613968226507746
0.9922205086683856
0.9844683228905543
0.7202617156025025
0.3277301844798896
0.5073956304055554
-0.7364933127198079
0.4657364290693477
-0.4456015280135966
-0.5599975618053047
0.7890937855017144
0.20676421846176757
0.8714971052770542
0.5384953065963249
-0.5427102975833947
0.08425372710827925
0.054301817228877884
0.11976185198705538
0.40942067585972053
-0.26187902578148786
0.7134159447307225
-0.8751286473208999
-0.4721098535000799
0.7989821622097422
0.6669459373632305
0.29247932228857626
-0.033275561592642555
0.07092649565148862
0.11307551659742769
-0.030679751840600997
0.150404807793033
0.16251179379549377
0.6187670387112256
0.4541967429790542
0.7648474737930899
-0.6609724547803862
-0.6244377596242435
0.12238993524307211
0.7494837490287258
0.05914651568636752
0.0023503642481074276
0.23712909469232957
0.6476728074958643
-0.6473545597892477
0.32630946864234583
0.13856097599669523
0.573111401243245
-0.5780223144163688
0.6721963087745411
0.19597044104809336
-0.9223299944817221
0.3186090686339556
-0.6590875816126331
0.9389468411663396
-0.042621751655419544
0.12931634615182805
0.6093939230107648
0.9379757230610017
-0.11353117002548258
0.9303161818165648
0.37991526065203224
0.14427703570907802
0.11010691114367555
-0.714266124566008
-0.027524284376834657
-0.7226851073382584
0.9687136256660478
0.7862237945390724
-0.7325020981609482
0.7646440894373875
0.7730720262808393
0.6099700696428684
0.9269809554909122
0.21706567088279027
0.43140074151875185
0.1932930544964605
0.2239027653590962
0.10093263935487273
-0.32596350573279076
0.17244465093059358
0.44209523257385586
-0.03891086781246829
-0.8213259686151285
0.6201386358291381
0.40111956634059076
-0.1720544454783567
0.9452568662169717
0.8402513625425096
0.5412551127517655
-0.2655998639203008
0.4137462243907881
0.6682586072794349
0.7050890892144912
-0.8893948107595374
0.1238394369294524
0.678665104883864
-0.3889934568034221
0.7677908898009711
0.5463395102707538
0.5428531434182792
0.8749162375487797
0.39951297220222304
0.9913467142794707
0.35821114173622925
0.21033053979056307
0.7397444181106946
0.6012140171405775
0.7227265092623215
0.8245129416046534
0.5972735684607775
0.40092738619663604
0.9228394918927744
-0.9029884728546169
0.8272045552453087
-0.5262240642350832
0.49770250997245163
0.8347437399778797
0.8990348710409454
-0.9204181656668572
0.2841231259035967
0.240826588121156
-0.9777263242006593
-0.5139142055002289
0.9379988019616508
-0.15844419557431105
0.7264023544309541
-0.49241817647576963
0.2830794347440102
0.9970627149268589
-0.7476071874056643
0.8854736506636214
-0.8401275582379474
-0.3085271382998941
0.13723791514903344
0.29586357715743566
0.7566541859354128
-0.15532314430545432
-0.25945970241910704
0.9939155372208818
0.20876132030927244
-0.3803444385812754
-0.6548827999163535
0.7492165502146428
0.3741761018432574
0.32127782399958194
-0.5556075313342291
-0.655926873514114
-0.9172538558558218
-0.7266859180377956
-0.2839861442368015
0.8611810252199578
0.27118585623817776
0.341835204567326
0.1665442207303979
0.8700354236436652
0.3596815420787387
-0.3132394619259167
0.778374981510277
0.7463597023614288
0.25262929233848214
0.5863693206342009
0.5624937957061316
-0.7338943130885983
0.1260468703817269
0.5715912797461625
0.8594417242788985
-0.8023033941521385
0.03152996046682018
0.4014345519530151
0.6505309423915734
-0.27069238023640657
0.7559065861574797
0.15264428288303586
0.6949015307902242
0.32030626381660837
-0.1653511403201184
0.6251928410801234
-0.5262457743726514
-0.5509514385453871
0.7908488452428434
0.8648367924042824
0.22126186229865105
0.6486453635117548
0.7610300143338443
0.3051346086001636
-0.5962298555378168
-0.4037263019399121
0.9515803725105344
0.4462910835841503
-0.4426151582954301
0.6919248062879072
-0.9734441439042323
-0.17290113399688922
0.8806394130282305
0.8043381538712517
0.9228835363022261
0.5480144272343583
0.894628369606943
0.9997184160425132
0.34788388384222013
-0.8192571750089768
0.7128474754086237
0.20674770162268005
-0.20351495617458135
-0.45839295263771995
0.7372237258396344
-0.5502850122573087
0.38086867423778004
-0.5803009145321179
0.5426526167756209
-0.8442669852611702
-0.7312620778349453
0.009561806556832192
0.8111405864097803
0.4995363911707915
0.43989465148925366
0.4351859576726319
0.6429463824296705
-0.34591720633125994
0.21110659711167257
0.29064473544585767
-0.5111266446277938
0.31019442887112514
0.9422661492209791
-0.1512107970893508
0.6689729457625759
-0.8387315016706034
0.8440395217914767
0.3588520819504273
0.2562449052065068
-0.19313963990339494
0.9571351356070142
0.9895944071535554
-0.014804403316186172
0.8971768006997558
0.6728146330942818
0.7574821106673378
0.714894602342806
0.7520801463876019
-0.5724636411462287
-0.6264840853926581
0.7693158132887814
0.589933163552998
0.07143089991744363
0.7282655567428444
0.8259607562602916
0.9308990770633643
0.7192250108487821
0.17847446843558473
0.7732179815649072
0.035146174093247336
0.22826870810793728
0.31796000869032864
-0.5439754079754968
0.8358301382724145
-0.10374881043765184
0.7203059533941876
0.047916154051062115
0.7451042834882559
0.5573251588084362
0.8038938230059108
-0.32010385807196445
0.22601368840925506
0.6408467200959426
0.8355383381741468
0.4693829956659843
0.020041113775306627
-0.2383977173719665
0.5734523061263136
-0.060756505856133396
0.5137317469202076
0.15454307041831433
0.8202176304509842
0.2399207696518927
0.7978619430472971
0.10708838302587387
-0.39700486580659683
0.9446792887999147
-0.38169792791115775
0.9474549890911939
0.27857069577758964
0.09179696725162363
0.708098895804178
-0.40037734902136013
0.13692793801506403
0.6922749457377311
0.8037886548630667
0.19763406050601515
0.6235980099254853
0.8830649556575556
0.669929552814943
0.15786503558060214
0.08697756811259022
-0.3591170142686863
-0.15328156938491957
-0.18596337033226942
0.9742836450458189
0.06461577652472551
0.9871800434554062
0.8863451369095133
0.7224672987569958
0.9296486802646738
0.8712838829675237
0.7543789356833465
-0.7227822833536383
0.8509263974398036
-0.7236777984438876
-0.9873728801202994
0.7130279269303778
0.3214786228596352
-0.8870085141596357
0.31039930719700964
-0.4397844237406293
0.769985612113738
0.37444982499887447
0.31699456517580266
0.2859682474850573
0.9653534962523201
0.2030569032744007
-0.9836926782494445
-0.045342953189445485
0.7334563215665448
0.9125061308116417
0.10785471462488344
0.543773078557045
0.9740493766343137
0.6983118439645352
0.9105230983260798
0.9769780518759871
0.44886723780250865
0.4834710189269378
-0.3613084387502775
-0.16399968830881573
0.7646429247948654
-0.4965796908719757
0.43817762846637903
-0.20507853814528126
0.6356802971219632
0.09786332741369282
0.8110035206342928
0.6118618948853674
0.7757652929290023
-0.7462086771201097
0.2806222565180605
-0.532331071493152
0.32681235888715376
-0.013441720240817778
0.3232906460835285
0.7569531649777325
-0.22882155089205664
-0.36265824716160666
0.8939192423783618
-0.5489777389166455
0.9565926072054307
0.6487269693937416
0.7041963525859863
0.7299632825235745
-0.19974139224829662
0.802528489796488
0.6798819417156348
0.09357357674384352
0.8541124407960136
-0.27022254983644356
0.19676739235490498
0.20858805448461992
0.612194475638173
0.0727666469774371
0.6845058419155718
0.7235487303818444
0.6873181529723891
-0.9706394600381832
0.09733490695842717
0.5105885083121193
0.9589111440650077
-0.32288022522897947
0.6494934375106307
-0.2681727875727
-0.9375591588042381
0.7083126789293401
0.5767129011255615
-0.40930377222235736
0.7590385584113354
0.7827311910868511
-0.9220418582863205
-0.3753401035297561
0.2883360652555356
0.4855741608389784
0.5388650857425273
0.4665027204045089
-0.8566970134102191
-0.12203999825212876
0.47866795279925395
-0.7788510171722834
-0.5438974256537855
0.8465078159248992
0.8999112921420789
0.8415734468652639
0.21806366399320168
0.7996263444039353
-0.988463149963719
0.8525536111725146
0.7274664695716563
0.3282513575096734
0.9051948483617352
0.8742517754443916
-0.8969760978720808
0.9983109169521092
0.8132920417280639
0.5864655299000191
0.10487504887657528
-0.48475831400289765
0.8249342419624466
-0.7190303933598295
0.8173463979820259
-0.5633808207374432
-0.656209775257098
0.3581784264849929
0.9782125711085411
0.5284230071379652
0.5549890195935036
-0.2582719493007888
0.3961795607106101
0.17441678774748137
0.9864022558655071
-0.6751658632346562
-0.2284218160235893
0.1422006338736505
0.8354335495467714
0.8979182119116328
-0.4139946776187414
0.8416782107966442
0.5561443350056133
-0.39730659545497937
0.9258610406446494
0.5865603310142153
0.3798530657758676
0.28809693064141584
0.17950974451855617
-0.15655326259512906
0.7678530275933833
0.9898312710607712
0.39145349482222325
0.7157717217950073
0.5776389473703548
0.23136311698919063
-0.017808027177501715
-0.4345334030442743
0.48037233386083644
-0.7777574865582861
-0.8800902617953861
0.5682934149010985
-0.8679035201661165
-0.25385794971717796
0.4065309543508762
-0.6552050379228842
-0.5444306976225551
-0.07197807956056143
0.8668656132293842
-0.8602096774972597
0.7135589548444164
0.3871629531871884
0.8160427568263386
0.9601599553936576
0.9292402874475584
0.8362558502283947
0.8942874572062514
-0.3633211255292328
0.6672944468991865
0.8124891538236113
0.9087768405227433
0.05848501410416206
-0.5372051296670122
0.9424028148450699
0.43478015028722655
-0.47897539154574087
0.5653797763182085
0.7757845263076757
0.5471538617193066
0.11554514122398399
-0.4572158460654241
0.7009414920328259
0.23918285677035445
0.8697042263616335
0.6773957137598641
0.6217419885900959
0.18597112461303877
0.7791602737711749
-0.4270584588500786
-0.4579863522955647
0.668408528309472
0.7049116474031392
0.5663989490315375
0.7783957933403873
0.3432384172693709
0.2627834861038972
0.40190250962781876
-0.2789407288886723
0.20204706654704552
0.4851512322400608
-0.9599263610032676
0.02062941145795451
0.8044483549807346
-0.04757705160808708
-0.18444453121415633
0.4573305098494887
0.034350967045246456
-0.5671996239984934
0.9248921585905636
-0.7595817226624064
0.471857957108272
-0.5898716745935131
0.3056951484235571
0.9899664373300509
0.7105246835009194
0.49333875564450275
0.816296905033506
0.5670010061576051
0.792450161836715
-0.20562762102650292
0.33882831079157644
-0.1865567536387566
0.14029593324178272
0.09894393117261296
0.2768630231420233
0.39921982010618406
-0.5918714171513212
-0.49363710480085193
-0.20767250815191066
0.711670711019697
-0.21993673531550478
0.10411744118112333
0.705819071539227
0.5020879569119642
0.07457805714794219
0.5827170456268974
-0.7642435811414507
0.35848351285580476
0.05850731469932525
0.28288687060600715
0.7499474259405854
-0.7652563742610756
0.8137165280790859
-0.13073266572345887
0.2339773005996374
-0.8893834710072619
0.0453370324049887
0.796808936044259
0.8848588391535196
0.7450158847801387
0.4630696419398336
0.5664401218659589
0.005016088610997488
0.6901906216575493
-0.15628321987295696
0.38990376512565006
0.8075010026283018
-0.21830135241485837
0.839016482700734
-0.42116251026102747
-0.6294564386447862
0.5463485211283932
-0.023382476135966033
0.6089195825086022
0.21978754852435398
0.9145900162166619
0.2823638946789357
-0.9400588629886909
0.2320719653773694
0.6050090437240331
-0.19784684608671163
0.20013366554887868
0.03518250987697139
0.21835166313918047
0.49849273587665277
0.2568444723825511
-0.5868581095480087
-0.1064537428794805
-0.4655320792069828
0.8551148913611246
-0.29907562697985557
0.8318822770424815
0.7150465554291865
-0.52893567639164
-0.1923363670326552
0.5573811121589488
0.918535031425417
-0.9214247018986239
0.8385593524377202
0.6391003480472275
-0.4249492538499545
0.49395096873519806
0.9912580006883615
0.8284078335901662
-0.7628531183906064
0.5235450851719113
0.42755879016263443
0.6998363969531278
0.05042478175717901
0.2326517415609024
-0.00410564231465064
0.4096623519331855
-0.9058988262186709
0.6276049173974397
-0.33808339880717214
0.09505932118534197
-0.36692034044691535
-0.5387580392308019
-0.06744160784916033
-0.008853969840189014
-0.5894292291099028
0.5877504061476054
-0.31332307914345126
0.690759433155825
-0.23783036107742483
0.9525753293557297
0.04496593547245988
0.8438389207799305
0.7002702135208606
-0.12610337104735925
0.9300051582004439
0.259178939750054
0.9990897396225794
0.0577061494282711
0.8814878205817164
0.731171818698025
-0.8858751024212026
0.49019017425806805
-0.49212588931377294
-0.0047393822194629785
-0.08175469295135225
0.24386069269040764
0.9308483597655589
0.0937143630851233
0.6556785104279407
-0.0413979852179169
-0.5489943150919738
0.6446339894781801
0.5030506097317815
0.6888562420515434
-0.26364074692658085
0.679065106069787
0.28688790238769935
0.7430964066160518
0.9121578150949818
0.957052891682845
-0.23339762232703037
0.846946981658124
-0.5759673130168861
0.23853964934242392
-0.5353896999090081
0.7302797134350084
-0.7709156221871881
0.8869708974369679
-0.5787519454175571
-0.44436509155272624
0.729871301091974
0.7609978146571066
0.9034463142431083
0.9145904408104406
0.7180330928221689
0.718118822954986
0.6794359744393142
0.4201330385617078
-0.8192996078219067
0.7292748926780335
0.3099557182783285
-0.9516549361578881
-0.9131666055607859
0.032668280722283186
0.9734793200304835
0.15692104441929117
0.9803672151413827
0.939708851370176
-0.2558935263704632
-0.32458736285379447
-0.0038313668893997887
0.5395460396869443
0.44555272033123855
0.9138175431760768
0.4399034875317378
0.9245784506125602
-0.44195275778205356
0.6636548421135334
0.49058960261465856
-0.7035533268286026
-0.6666708017021316
-0.4681518072863782
0.7200591160705757
0.9816912265727615
-0.36753713241116664
-0.37782922529113167
0.3315449392742629
-0.673354656070013
0.4896762234668198
0.8398692619144995
0.33803541940559173
-0.5298123225606675
0.0654409626902037
-0.32015986320956136
0.8934603890808688
0.5960071344307973
-0.7113028926055008
0.05048567599010055
-0.9655801644192332
-0.8719729647278796
0.8868901408713562
-0.16151793775453346
0.35016542516225574
0.8803470894816344
-0.8465146407977683
0.6030353833380827
0.062380086240011734
0.5594733623626787
0.8059252116825709
0.08220353180400597
0.3876316567799262
0.04649389917205123
-0.7674265980343643
-0.4193460927020412
0.07107408804177563
0.21895623228650923
0.6051185645487476
-0.12189110114943943
0.9490957775415677
-0.5437418932535297
0.08365265787901054
-0.8550470857936079
0.8819150344759897
-0.2811265213324483
0.8362911942642893
0.21722921147671365
0.8789035855650814
-0.8326760404143448
-0.17982381173785347
0.709225907015176
0.8611952212004685
-0.12260648868623443
0.12113440039223201
0.23314906826434795
-0.8541290401641771
0.677482923898095
0.3243214933571658
0.9616249552541741
0.05648731728583484
0.7767550513498735
-0.26350327913376836
0.9497074050324659
0.8403122211045707
0.8379046159124267
0.867119529905
-0.9315925631089239
0.2849561025469997
0.8633789137237117
0.8228192666817108
-0.3909968799196156
-0.007929904135158442
0.7380292098902225
0.31720515923265813
0.7936475471194303
-0.566428397730928
-0.123586283007702
0.8529185651862538
0.764146549695322
-0.8005475222051623
0.8172120255213607
0.601087866232685
0.8352493830148738
0.7841227013303205
0.27338265527574646
0.333985295692762
0.3544689547902889
0.8720492361981489
-0.7292562364642272
-0.8116125618400192
0.7829911725733931
0.6974263457008999
-0.6244807157897583
-0.15725875631047254
0.9774622610190185
-0.013076232517854752
-0.6457659786643537
-0.7640140461582147
0.4099540325268245
0.7722507800821133
0.9805507269516514
0.8301151786838867
0.7562145656035519
-0.6001762256585527
0.9957871478079603
0.6303457526572359
-0.8756978385231531
0.15255926350630827
0.892377947319834
-0.41946622504425923
0.20457801800058412
0.021419976769744782
-0.8394646627789295
-0.11915528332790201
-0.8145241615923826
0.2542847767826836
0.12049275896479644
-0.3648337575403999
0.9595995801214486
0.5677266878663614
-0.16089913225571073
0.5243016576503048
0.6345101771838452
0.9164960954854844
-0.323008126786183
0.7139238756305295
0.322705523940243
-0.4244946125990632
-0.8211990807090152
0.6143932403436921
-0.7765932371067199
0.29051343468925794
0.8720073201726948
-0.2666674631866693
0.9257904062095038
-0.03270955931939264
0.8630512547463899
-0.1510320655639516
0.14719610316011264
-0.007543508363243943
-0.43327142357301063
0.8312901974562905
-0.14685466146469559
0.7827496895719888
0.03307400407615582
0.05429473636392611
0.6449582242640252
0.4548027586121839
-0.3947287420434166
0.7414227785254816
0.3333945321135915
-0.8975337569366858
-0.1282668803161337
0.9962313459826443
-0.5568289904667618
-0.16186396240616593
-0.6221220896231228
0.6239652089493875
0.8904206596466153
0.18158347678942668
-0.0759940578944227
-0.930483977981914
0.8018592162958348
0.20271417934907474
0.21861778142853108
-0.11236894318376588
-0.11688347539967871
-0.5472863559725163
-0.4742229702769912
0.733789211976621
-0.06376721820814203
-0.379311813340159
-0.2283736043378348
0.8224578581100056
0.18499721882715248
0.046362729525404975
0.32303280623014663
0.21125878740209147
0.7982903982785189
0.791781875852339
-0.94696313567399
0.7010224029737544
0.6040237344724558
-0.16851113472609863
0.342710430787921
0.42447372532730665
0.9349457281077752
-0.007298263466155655
-0.8952641836833661
-0.5016613292497576
0.7152186418171559
0.18239303840661023
0.48878381165278095
0.44140961784123156
-0.9998783567290415
0.8648425564692983
-0.5171024938410775
0.40687947127616386
0.5118419685013136
0.38624624416024084
-0.3210847822176158
0.7577175427644038
0.31774959693802607
0.5313387524446522
-0.10355560603438527
-0.8411594321612222
0.6848272935785942
0.22619323598842683
-0.40335308920791735
0.24036809286100086
0.9905276855982659
-0.22430466198472143
-0.25249077094456923
0.4144931079029689
-0.2822315978560873
0.956034465141821
0.6401478990180057
0.034021375706103696
0.36207344923917517
-0.8746915306555765
-0.27919539800871196
0.9844439980370165
0.976402127655671
-0.004212406424871085
0.5344180521879242
0.08313677358238582
0.4867902093112824
0.2709560979053395
0.05689597775942373
0.03295460341477321
0.7776998224390903
0.7116474892870598
0.10134642505752559
0.7331958912879221
0.619043672761606
0.8341487373259001
0.34253480872835385
-0.13552420449167202
0.29613887658918364
0.47382460586944025
0.3120510801744725
0.29374855634602703
-0.9039015742983368
0.5588445740900087
-0.4149683176705086
-0.13446828915491446
-0.7655188821729311
-0.7121808992316716
-0.4944313294377078
-0.14574508342391115
-0.09909941224143706
0.6137540537997997
0.1236809582509879
0.6936674813731543
-0.6796889298765021
0.9339487270375769
0.09628409786023737
-0.857642901989229
0.13646018783320057
-0.0003563519981656578
0.6734518538350808
-0.9253430980701349
0.36964600669444425
-0.17450471645956486
-0.09824772228269736
0.7550641489124207
0.32109406952537795
0.3414141667879758
-0.5870529212492531
0.28906196469390066
0.5388718165372735
-0.6346885962300683
0.35990026187496454
-0.3969161680942804
0.4177495307241115
0.7247171255072372
-0.8914602187778438
-0.47402478512107793
-0.7695139734934509
0.952272562364203
0.42275820919713214
0.5030715971909132
0.855914250219104
-0.5614174434810167
-0.02665019845455901
0.9212863697953712
0.8055170327630027
0.9483139095944383
0.8323226651800502
0.8448208969711688
-0.80553330046835
0.4591446430510084
0.43507963183096804
0.40934275997058683
0.28566808712350356
-0.22155644991999482
-0.3568041617119663
0.48111756067918887
0.9120715543196014
0.16316778253385522
0.24962836875318148
0.5236213216758858
0.43640888922842036
0.8304638208381171
0.6493278907191625
0.5333225929844014
-0.6593818728045056
-0.40010521304221613
0.9932389710420648
0.7482388928713863
0.1865314423247677
0.7734077300933346
0.8086109635114208
-0.7480791013142969
-0.4295682814472808
0.7830081304922618
-0.507181866284605
0.9598220965188023
0.3023501831691392
0.9553737649527291
-0.12223826981215549
-0.02094785109611495
0.6491385365652846
-0.09173040808911663
0.895231826091055
0.09269665906122414
-0.09990001577862524
0.5593739134279656
-0.38414336334779714
0.23166546930844514
0.44785252459613206
-0.7027286865357677
-0.33262959970162975
-0.7771641514842837
-0.44481654846843577
-0.023325687161666667
-0.017460841788932178
0.2709793233258554
0.9401087791511461
0.7559557620847352
0.9903054067498572
0.7283611376410404
-0.20707198448624675
0.6710317576645456
0.20759561333701712
-0.977392780387251
0.23277218970574093
-0.010425469060571816
0.9565973695437595
0.150946890350755
-0.22302519508968408
0.07385323380912005
-0.05967563653613
0.22328224311907482
-0.15568484914143477
-0.8703708625275585
-0.13417018597808222
-0.2692989337470042
0.21392136483357715
-0.533855262836935
0.476164376176186
-0.16011787345046763
-0.5543807269879206
0.59324168969052
0.328160643047999
0.33270574016685023
0.48312918445676845
0.4177506933401245
0.18449569107217798
0.3206654190650984
-0.03514045007568616
0.22047830238377059
0.37421466266253073
-0.15162117743853232
0.15534173328504733
0.6382760977817864
0.7407219823401742
0.641698537912913
-0.25916477601993987
0.5659938935410248
0.9879236823644002
0.49616899900233424
-0.2416359374641965
-0.05549419968322508
0.8138212294108955
-0.2704499750937095
-0.49981551970509713
0.6569051154382014
0.01432595267377516
0.48362662977040843
0.7162040389058276
-0.38374284274814924
0.7681892086564165
0.061900893720208246
0.3285677735789502
-0.6020691030097659
-0.13512080995203007
-0.38386789692210443
0.197752495925401
0.2877188822528213
0.16805518350671828
0.34290719441928036
0.07701918013748627
0.9646634456109344
-0.6660423371243874
0.7448182903656481
0.4974932232527457
-0.47339059246993803
0.2563843651153129
0.2907271736658324
0.2894164010069735
-0.3190639854799306
0.6578274685936086
0.7773619023131259
0.7805361709112758
-0.3392336835604292
0.6612606027103339
0.1415391587005225
-0.8284775388508817
-0.3626095788173932
0.8771282445262422
-0.09400524863887001
-0.1295695967335497
0.9367901606496358
0.3750922000056707
-0.38367825804021816
0.9279710692625668
0.36467038511121597
0.6696208146774952
0.8685283734229825
0.060729893845506325
0.19455780359313132
0.6500093851579838
0.7073561435514985
-0.9880251943047361
0.2654673801653013
-0.3292019577870308
-0.739962235889159
0.8988935076541658
0.5494587602255675
0.5249116594556499
0.5813368093887072
-0.2397286177129625
0.45564004650875733
0.6274904780355518
0.10224940203051114
-0.3408562558529538
0.9695659201140089
-0.37089136467973044
-0.9665162679139757
0.13432237846031458
0.5758653640039401
-0.6278057607911598
-0.013271517605198003
0.25734851294842426
-0.4034449912708757
0.06394570110171399
-0.9433061791520937
0.25270086670709646
0.2131370259352639
0.35597097426885305
0.11362431486108011
-0.5890502407507483
0.2192172206349241
0.88521863551626
-0.7211866827947724
0.17755640479881113
0.4329555420038062
0.5789478990758744
0.43382111859663747
-0.7521966771545745
0.9286583687494632
0.7104200450180167
0.11992199429827767
0.6089274751241988
0.7040933982210424
0.11288611571360005
0.006193935078798542
-0.7304332148568514
-0.21596271146475116
0.3380727357222047
0.4644310329670787
-0.37001682056814555
-0.5716427659269526
-0.2513688885500682
0.6210092659584489
-0.3717312067703807
0.328301618650984
0.9000707428228297
-0.23159319769499542
-0.5278567225450305
0.7262173778457153
0.5305393608758268
-0.3067614319433946
0.38928298427446456
-0.3221755503249702
0.8876085767875594
0.14778925704999987
-0.6347746938550628
0.07833324280270602
0.5155082606150566
-0.6165602684634021
0.13116913626885676
0.33514979678451995
-0.3414217071036707
-0.4661957427427694
-0.22883198593240972
-0.11667996518054001
0.9175093082317037
-0.39961870074695466
0.849751155802858
0.36513687498734926
-0.40858466057266735
0.8594669557445187
-0.3748906251130556
0.41346509687938426
-0.422588294813047
-0.5737615053009062
0.5622148723070294
0.7793868019139036
0.05451181656240524
0.7079612496035852
-0.3170749335402678
0.32278867864203137
0.7250413751858849
0.5559362254233536
0.9583663542444248
0.6701124066682254
0.9163651361174957
0.7914741303274131
0.04849267143823103
0.6771422298283346
-0.18534661185995274
-0.016248589930358635
0.9606643588449086
-0.13819346292670262
0.9325492465914303
0.6874175972128457
0.6110954574615257
0.5243036984612064
-0.4835411547102972
-0.12881116630834882
0.9654863641447959
0.07556060287707168
0.8632503702592805
-0.10605458583161283
-0.1338500288963527
0.41724940396483967
-0.05589641673103895
0.4726376603188056
-0.29137681615747535
0.8796617147558079
0.7556538032462764
0.24403864027231817
0.9953475076480843
0.8743607579001462
0.5402291587599058
0.7571642150300488
0.19854358835075006
0.7514140220762894
-0.9925320328035081
-0.3358117130445087
-0.879994746091408
-0.24808125768695222
0.37801337457207607
0.3190708331790724
0.3900820384352056
0.14156883243764862
-0.22211362295674794
0.793880624739592
0.7741671701978303
0.7323150980408198
0.29181136976643496
0.0705183964833216
0.14196182372514213
0.9271196844589367
0.7656633826781142
-0.20507142301680975
-0.16776183697248412
0.8503534412006354
0.11882119468605198
0.2880287200197621
0.4360889644158982
0.7345221619149227
-0.24323045239826535
0.7355296124127496
0.7192076689742827
0.24773211880881169
0.9947841678474875
0.9160980063275638
-0.14590353885558502
0.12208365186118798
0.6032456067723971
0.828842571501017
-0.7310429077262892
0.013233079573393477
-0.2999331813705739
0.4280177393631939
0.6099630430768712
-0.7242854421218567
-0.3250323331742825
0.877624505644522
-0.07689725871332656
0.07507552171296111
0.3471858687987024
0.3439304430220344
0.9516242143452859
0.8969319900404741
0.8119191446794217
0.8520571808581552
-0.169539499578859
0.7895928921367438
-0.7499256872582267
0.4518321470359337
-0.46568439359745656
0.3656190168260613
0.7804406120341573
0.6841862021655064
0.4456901231221436
0.5217821137153733
-0.7642289919313568
-0.5374348475775983
0.4801851994561788
0.35499734682162937
0.7313842217144533
0.33231466302293977
0.5002101226043966
0.6452713522710536
0.3027977961444965
-0.2933731355123739
-0.11655333177439298
-0.9380123354880595
0.9563519537126635
-0.2865586553471463
0.5800456345849837
0.8995130823759895
0.49197494566446176
-0.14657412265078454
0.2608763349781335
0.5467086717775324
0.05242760387449536
0.46959610459179607
0.6685483606384236
0.34910647815181767
0.22821846289698286
0.7582700957113215
0.6913015269083408
-0.39076059761386406
0.34560665535140783
0.07407831529069842
-0.8128854713505865
-0.7155100553143279
0.4711362847609255
0.554402141874562
0.7440471608583715
0.6759307030158092
0.005923299882366142
0.259944877281968
0.8453849103776608
0.9784962529389053
0.9547725012760483
0.9795951738505144
0.09271719375510427
0.34283370825511617
0.9327143867034692
0.9543952693373442
0.8307667560335822
-0.9480703793787361
-0.237739782630832
-0.6659326152909332
0.9167802488580507
0.32076225709512934
0.6382209963476834
-0.9293074561330893
-0.5677912180486687
0.28080437974352807
0.435124272592754
0.9683300755630465
0.017986051503774518
-0.4550819762584789
0.771203542660746
-0.2630190827122481
0.23039167369093436
0.3753578074571387
0.30733798813323815
-0.9472446243929888
0.009325206679441318
0.07203688067206018
0.8218665612656448
0.5143051555554599
0.5790476936979229
0.3329476382657506
0.38337928856011994
-0.6884753896507907
0.5697154101642679
0.793093892360974
-0.02342498788378469
0.5653537809809359
0.9649902870170731
-0.6623314266835144
-0.20558233395472567
0.9817904588924407
0.3379783909552599
-0.3784403435817934
0.5006324180673514
-0.6686132404244786
-0.16822083377430563
0.5727941368712991
0.9607596837018778
0.8624152234080327
-0.5308240016969823
0.9832241448734956
-0.3412505395195977
0.3997024676800108
0.7868334137440618
0.2756653294788643
0.6214013122883882
0.16048422630615153
0.7075347464385718
0.23144256284025314
0.34444138548523734
-0.17055982395294686
0.6884641928225468
0.5497379377785637
0.9142420562805279
-0.09154584861515469
-0.25217125481526104
0.9505917528145592
0.12153304076225621
0.4619640446444216
0.7991302676947427
0.4160500888258402
0.1485498727912247
0.9773104430540959
-0.2769838727819538
-0.17424882141797568
-0.3041014301373316
-0.04860764412801956
0.5727605805066838
0.03690548445580267
-0.04747880483942404
0.10812003040167212
0.44843836772220197
0.8221224608183011
0.03147058833928278
0.4725709424627812
-0.5031963631908553
0.9710912464284552
0.7900637653856739
0.2603738945675561
0.08844816552878697
-0.14483448990457715
0.6883835092175326
-0.06920336466176603
-0.8110850357730932
0.7806440263761762
-0.9780279094876031
-0.8771526323815498
0.5972836367987602
-0.049926725194220756
0.48097280761863603
0.07452531614215517
0.14059190455139808
-0.049364253191763574
0.26841297175099194
0.2533450236562924
0.29449859263203493
0.42482589990901926
0.920990388661338
0.17824209991602186
-0.40967541606751173
-0.24544601001676924
0.5315018064111549
-0.18622084565126154
0.25643724585356065
0.1371333605249371
-0.5562982373811031
0.02120761559963064
-0.4661583321517335
0.3473461793911631
-0.3472100267767712
0.22333933571321585
0.6752709641423729
-0.05418728530245896
0.4277015763204872
0.7271096958921713
0.9533485260393274
0.4852105464887734
0.22115306250722597
0.029340017285379053
0.8413147001089378
0.0844654093288337
0.18818620780410508
0.38899237136693804
0.9292071127151618
-0.580444165126088
-0.6201683461932924
0.6576194654085784
0.38985622801999914
0.3521732974034194
0.34511493873436183
0.8512219908033428
0.9602181024745773
-0.304568881579093
-0.7414178096696303
-0.9087743831316196
0.23062594951622586
0.24200476118054254
0.9548291006883515
-0.08433902240919501
0.3460218857951132
0.6434113899061842
-0.8916092832487488
0.7079245570745749
0.5448576642356209
-0.02087686641239489
-0.2635741156100049
-0.39800775217359885
0.3542628743041815
0.7881071927733534
-0.9621936464223394
-0.8754935241148538
0.5692397003250258
-0.3486167117250954
0.9883560644414991
-0.7866927162277076
0.8516494386034484
0.900845102224631
0.9399594128806913
-0.20729405898770542
0.9504859296339182
0.23526885245504014
0.8177747773799804
0.9803354212874785
-0.1012176862569479
0.5218848202827647
0.2326784155926434
0.3360624904416492
-0.3682914049648982
-0.6440077755531166
0.24396340671216032
-0.1108785756168394
-0.014791465764669318
0.6519830239604045
0.6174952286628392
0.2731041353770611
-0.5453181270282965
0.03215238423141121
-0.7040388812228107
0.14036422898433826
0.4934641798814758
0.7319923221663528
-0.8239044927492979
0.5108204619292595
-0.25350624803056004
0.13028146125062806
0.632477923379632
0.44319023196042723
0.641711992698799
0.819444833414553
-0.1133753558672845
0.8923133142264285
-0.12773354352569707
0.6037335778961315
0.2900390093091645
0.6881555871468656
-0.3632345185341521
-0.12400430302715279
0.7126173502820946
0.05535330280586406
0.059190695468624384
0.7371112017269246
0.1819614524800504
-0.24058640166068368
-0.9617885554788141
-0.9798868665649746
-0.7277812130421927
-0.20883003060715763
0.5526076501931285
0.9804059246095125
0.9701727924781092
-0.1722814057331041
0.39763787248136406
0.6988985930776577
-0.7786703574046772
0.8622172225735633
-0.3196099246787917
0.37581908190035207
0.11154265526426084
0.19672827600175552
-0.23701742382282437
-0.6026497176967976
-0.0029342136866614315
0.8603804990945059
0.4038254120323947
0.4368327129572083
-0.28286569575575843
0.9814689888110824
-0.2779191295082076
0.16086308118868073
0.17443007039016556
0.6435654413712569
0.6293360859874094
0.4721896689992456
0.05338521882660977
0.8534814846212807
0.7060492679074166
0.42495561373622165
0.833825171627572
0.27222678281549734
-0.07950082221062922
-0.6566872914620905
0.4961448975065523
0.9651818929300415
0.07504578169718974
0.7245229298751514
0.8106125750134787
0.46945170173171635
0.612322977918424
0.9511122693247082
0.9580999756875705
0.8733495006964939
0.6504619460987839
-0.3002493989730936
0.8875863708160964
-0.19288483777650012
-0.04686331539367751
-0.4884219994342776
0.15995193285069223
0.6832485846415919
0.5349943628765793
0.7399210410159431
0.9501063452483733
-0.7114064929573257
0.33272937900562427
0.487195572638859
-0.6009143678399118
0.8939488280412096
-0.08759634426436513
-0.6567256574991918
0.49177697552484273
-0.45246256545902114
0.8793398599414877
0.19658822546566335
-0.5497385052319788
0.5731956268593283
0.8786089051805734
-0.10236461116536705
0.626238490991097
0.5445730394533826
0.2046995482283426
-0.03981583664821271
0.9672610485613545
0.5193443187006135
-0.26255459647698703
-0.7402425873997385
-0.6272733527570724
0.6721051014925384
0.9759295120235227
0.8224236589936165
0.8402349884018537
0.33676665760994406
-0.1872744222155743
0.8045260915248705
0.35235710452895197
0.8467960517109928
0.7068303153809911
0.7729117817173996
-0.2000030404889727
0.3297663339985264
-0.41044802285271453
0.3781480280738534
0.4105998172046952
-0.0456804073637926
0.44094666136668037
-0.33913408288811975
-0.9382349814961543
-0.33667432581560974
0.6479098432913982
-0.3447006881556047
0.3544777686497817
-0.05901018936295424
0.2943813082655671
-0.27249237687662575
0.20117912451419998
0.850374265468
0.858094551172381
0.4947084717161905
0.05647439666139466
0.3059217718036692
-0.04578729434637061
0.2505765295759776
-0.7509767188248208
0.5042026748723355
0.8881115070563589
0.05035519887010988
0.019735997812231763
0.9039952263951113
-0.07508000615754483
0.7413610714664881
0.21969303101825863
0.07390847100008455
0.21602860850491673
0.9573873958810198
-0.22774096980009262
-0.35860794911455507
-0.3453666283017007
0.9514022290171332
-0.43436540583663397
0.8106575139413666
-0.05983094561868576
0.8876944473560563
-0.10900014769611442
0.9106138720878874
0.8517907634157399
-0.8089258175074634
0.024941819115019408
0.670767912743537
-0.42815734300060365
0.5911462224495372
0.537009052547571
-0.19905715201857868
0.8066904732479167
0.4573716175258765
0.2871864399706457
0.8069937945769865
0.24435247808315563
0.6010087740662295
0.6874565560680692
-0.9480777461114961
-0.29837877851138
0.6830114154908449
0.928951055042973
0.49491869689716184
-0.4542677825504639
0.01843522349914282
0.2754719901321257
-0.4062912361543019
0.056989378523453996
0.3878398626737497
0.312233165508575
-0.3568490183495542
0.6942663600568358
-0.07391777116257978
0.8779571486098602
0.6236302514673113
0.1748792963166343
-0.10093090855104915
0.7518340794355898
-0.972942962003073
-0.6981279324890256
0.9673379607047852
-0.09847827581637299
0.654403364890424
-0.7743501918978832
-0.24284362000580015
0.7132647396283686
0.5513748749316913
0.5956411940769456
0.945101499911508
0.7870814172779329
0.6017788614583621
0.6809269935587573
-0.3508785391690995
0.5299114131837926
-0.8533007900643571
-0.946884154508905
0.667669824292775
0.344720098886467
0.5408187072833311
-0.6954551866867683
-0.9145854876342001
-0.5346996614715358
-0.7232978120544316
0.7861873161022415
0.059275395856024087
-0.2590159417079155
0.9148254499810027
-0.7672773215970181
0.7039641787182201
-0.940582338025111
-0.3182983138328841
0.8833491919912948
0.5219182413838555
0.3863105144993031
0.735506753027628
0.9301932796927024
0.5078709081220043
-0.314055839930743
0.05772520888831357
-0.7971733115838319
0.7338591902187821
-0.809900720320104
0.5055594156109148
-0.7159516752537008
0.8486702356798593
0.020822176656937825
0.7121431865512631
-0.8310808960123628
-0.6481442007323103
0.6518613232112772
0.8829845412716486
0.3051496661575739
-0.1006996325296532
-0.3388806291474181
0.5068720672450181
0.6474646188004702
-0.604831983250367
-0.9598181038349093
0.8986839231583659
-0.5644947309681779
0.26187268961314775
0.8910799381092265
-0.3928320893938689
0.9955370021814338
-0.18652102820381555
0.99555884185853
-0.1282941817124018
0.08921360074255506
0.637100887960516
0.7843930982435483
0.7912365174234192
0.9726311299506186
0.12268234398961453
0.9413935480167698
0.6525543784266662
0.25629532468352506
0.6410327619750771
0.25027233150392825
-0.23945435747041213
0.8126621565772181
0.020096734858787043
-0.4660261993618976
-0.2560824057894924
-0.6764300634414887
0.9536866790042436
0.6835370582999123
0.6613603655685044
-0.12544744413313236
0.6434176420560604
0.8736379891607347
-0.6921049629116648
0.5513547003499488
-0.548257433024701
0.4784785534067264
0.11927913540656061
-0.45138366631506466
-0.44640196576778135
0.5975129692385879
-0.4665402791835541
-0.23937969626920702
0.2342635813508893
-0.35928478652250506
-0.2585975134607357
-0.4004029488830745
0.852302731390759
0.2620704507915559
0.5791051577513776
-0.2546811165296065
0.14369381246980828
-0.5889239230185596
0.5014007939006608
0.5668544346266349
0.746246828859943
0.0383716085293184
-0.5454357844432515
0.03568632823317155
0.4880863756137544
-0.12497670952511751
0.06528152200634144
0.7306583586572818
0.7179376858808764
-0.25984778500577854
-0.7513078620531698
0.8151577310614774
0.7908791505584598
0.42054475921429035
0.3631007681469971
0.7639024517594771
0.7813862413961526
0.8562668168106375
0.006773565006938812
-0.2820468860242751
0.390349953022115
-0.37374084768142374
0.9721001238082302
0.3987657578907439
0.7946428985499958
-0.00899464018542215
-0.9874381816411528
0.31370166026530766
0.10843263519999617
-0.6607839233619872
0.14214674391325832
-0.5740035948915005
0.26843433529319616
-0.6437929807822389
-0.3134936410567864
0.17787384345777735
0.26824071510798525
0.8244463656877781
0.6244269621942968
-0.13889523162243864
-0.7232709343388138
0.7415422510760193
-0.6703939742322091
0.18510146493470578
-0.43463217543994154
0.4267460489155752
0.4967253120723075
0.41482975116765985
0.5700776520394066
0.19326963083886714
-0.08139355573410322
0.4455993943927185
0.5265671592984674
0.7348220983644866
-0.050421452562928716
0.8260310997482853
-0.5764314714253449
-0.9311535257672036
-0.6355429470730246
-0.06329676495354002
0.5647158785025241
0.2772188316963628
0.6370421745084653
0.914801318729368
0.47984016518639155
0.4544466329468601
-0.30710691626323333
0.019091874993711445
0.41320859494278783
-0.5822793050097625
-0.19259652238144573
-0.3320711508387823
0.48245087312198004
0.31742627991384903
0.7767379642426246
0.5222655984298524
0.8192679531339879
0.10181703671007443
0.916502651168094
0.49424062904578103
0.07297752145380806
0.5546548225948684
-0.6024798778056467
0.5338866061311757
0.3737820233049095
0.6867609623667706
0.16074432380634282
0.3422506865084553
0.025267225893088878
-0.6137538830011735
0.588652573330901
-0.009924708072966722
0.785266639345746
-0.6083533356476657
0.5060075561504473
-0.1883083194874215
-0.7300452513146922
0.1877994415574689
0.21136407709117275
0.8444147627894845
-0.2991223523298221
-0.5662310963643401
0.22941093405879134
0.6157267402878946
0.8693642749137878
0.7658547108195384
-0.3706821521403236
0.16457264534384183
-0.2933237432084137
0.8507227454303192
0.4613252270467852
-0.35925968144282233
-0.6789228607693055
0.31884808804198866
0.9615800177167989
-0.5949579716582959
-0.9773273421092684
0.7942660427485443
0.42845808858567497
0.33367384782092135
0.8071423696387175
0.9318746956559104
0.14358297016891178
-0.4252590522706357
0.8748583439738383
0.712432938429407
0.41532382814175
0.027446223420966104
-0.8148501005089303
0.5429320724367499
0.01620132934774367
0.3581194865499915
0.16187220447467715
0.8515327704312409
-0.06497093459134924
0.7557017429412392
0.990329945010809
-0.9250321949236663
0.1590028915883956
-0.8636556113355551
0.9501674089420701
0.5769308458916903
0.8114978335697317
-0.8354357178433415
0.1211471492939744
0.5373973773968527
0.47260037301096386
-0.8873442680968258
0.9307185296288953
0.9973494794720554
-0.1808323564119103
0.7191192195885925
0.1505915431218511
0.8603307034621868
0.6458842977320385
0.895776379170275
0.8698298767884866
-0.14310693193589047
0.8238617563190699
0.6107921432031512
0.11630770057529065
0.9186130372363799
0.6837407905941955
0.292734709162631
-0.8076464515808623
0.023333481687318657
0.8397429740865198
0.9649902673148868
0.14300993095267725
0.25829364596295284
-0.3820384604781177
-0.9853935018650815
-0.026807243962588115
0.3820769363128845
-0.3030173750839733
0.5260944481557392
-0.1589469473380882
0.12910404459549618
0.8184459412117361
-0.8352216014449279
0.5565563194744195
0.42104988133624116
0.9116284667152228
0.13568375247976436
0.48706839670348007
0.2470585603862094
0.4032038567575545
0.8571472347635669
-0.2688524828480434
0.3442263693205915
0.23275211066961693
-0.993396827315505
0.972653432444283
-0.10507095731257715
-0.08612685956078879
0.8623165694352446
-0.08934174480605366
0.7326236943552593
0.6734914469834161
0.9988508169015734
-0.06092735039663536
0.8167478091199516
-0.5916701060447555
-0.8660731780127854
-0.3310436509727614
-0.2320299352642254
0.3565900213409009
0.18548693368027974
0.21782771497710474
0.4765752141297017
0.5938055601684692
0.41623046923372137
0.9254327338356421
0.98619050287472
0.05293933309702804
-0.7287006747554
0.17586106332227958
0.5745796011797941
0.979069234024935
0.45546244481102344
0.6234589398793351
0.27757462616745093
0.1649020582333184
0.7466903526961773
0.6219400042191576
0.1949558279580336
0.07698847940052843
-0.063162891640545
-0.0014784165348767483
-0.31191014647356663
-0.5450607840164485
-0.17378998283886898
-0.5970695860746121
-0.44352899224630243
-0.07575533686667953
-0.5722493577255257
-0.545821551820977
0.9802781221456243
0.19202359141433117
-0.689365546050483
0.6676567432675233
0.44993281291589404
0.6459173466536792
0.15407000390875472
0.25939026947351695
0.9398246199846974
-0.981341628263135
-0.4985488842877532
0.8454741991881768
0.9090637259530634
-0.017160806150532493
0.49685550750274377
-0.10737927119894919
-0.7036262141139057
-0.268984730235483
-0.1589044954421511
-0.4457692554530187
0.006172716860242254
0.4273898569412384
-0.5776501295796453
0.03141909339188044
-0.41453647799041654
0.3717296648570454
0.19981841287032964
0.5879185073201191
0.6729531926196587
0.6464241715744902
0.6237777394976551
0.6820847372998268
-0.7996926722195019
0.3118447367340625
-0.46985003680321685
-0.034338558366575976
0.30087124966100864
-0.16260627559225566
0.3740311978455073
0.3346761682927928
0.33657690239911675
0.5522752479253393
0.9764788760129692
0.14462219528505213
0.5868078576010591
0.335738904779243
-0.8425767990778323
-0.34702104771124975
-0.8588393141740606
0.6115361520304607
0.996392608120273
0.4581745505613746
0.467257462771139
0.28087584930566795
0.5594910402269514
0.9251818192422374
-0.480235435461595
-0.8551392919531369
0.3487999669423442
-0.1470575290704073
-0.32430691974719184
-0.6570569277024572
0.6151172119607798
0.16434605013092501
0.8882415770231378
0.020598303919299666
0.5609837553434959
0.7754246933382103
0.08395480209964086
0.20945789660151434
-0.23570350155173367
-0.8639251796962196
0.9459292966318708
0.3095804670780813
0.9917704494351921
0.5801773219228152
0.6823905468596045
-0.1961501025742062
0.11107307093949556
-0.6513183930715881
-0.5748619110961652
0.48742544541971483
0.7202595211808267
0.7439979211862549
-0.6062852694729302
0.9599780283251871
0.19530650690869278
0.9799230511737278
0.3396523800534448
-0.47184688393673735
0.8230728666767347
-0.32639985102320385
-0.7822674848601714
0.7527764622903401
0.06045306841540172
0.853204271164446
-0.27827926072503695
-0.5263938222753884
-0.6948157261600388
-0.28379127599930587
0.2982824668482205
-0.045632664354985836
0.27989531319643507
-0.27533742226170305
0.2367789619824246
-0.09519721850874617
0.5433442744347836
0.35177488541611546
0.6897765150218373
0.628759430279644
0.6889165104367159
0.49487076059329976
0.09558095751989024
-0.08496074475095694
-0.3960125530125003
0.2576949551558839
-0.9028361643238367
0.7752952528504726
-0.16253365062292796
0.9987979989428969
0.963740778995829
0.8802525431397359
0.9384608489321227
0.6561758236228055
0.20809756019168515
0.5306108210621727
0.2414832204203392
0.1946888186242299
0.007820216910482727
0.5468283446053902
-0.20377099452206363
0.4769913998667296
0.38869361438379085
0.734708654453817
0.378781483959238
0.48501585004382475
0.8425822443453849
0.07161626766695191
0.41337509702674313
0.19798762383597004
-0.6991143736203806
0.4599847628707947
0.8549065519409528
0.7356716344054509
-0.81289649718003
-0.9759294011120583
0.9409436801379376
0.5749472018038025
-0.7995483412036029
0.29693611808687803
-0.18307771669373338
0.8442306190033568
-0.061907600271067856
0.6860398764245662
0.9867932536549459
0.8125091302426575
0.1582562479795354
0.3397357009667097
0.7502232091635787
0.20394538338383056
-0.7570744596515526
0.5933361060956219
0.9228576705257056
0.8645047320907594
0.04698400213359555
-0.8682444873209592
0.3568174357673531
0.9135356052307945
-0.5098102610507522
-0.09386798863312985
-0.1438084394119754
0.8537480931005251
-0.9514449848754537
0.13064548320464223
0.8101313162882656
-0.06260926217062779
-0.6852638280899886
0.7596203068723634
-0.11164800062365765
0.8471342198281722
0.8762695891121597
0.5115653374615602
0.32472156940549285
-0.5619249051738542
0.27147203302146267
0.19582494481962373
-0.033762142770112906
0.3355960989124048
0.6610895998067733
0.07400449323145039
0.7092798670927638
0.5156962396375414
0.2989718131710243
0.9482983171939139
0.5323909608180407
0.6268437907034292
0.6613026486149453
0.570900208890812
0.34284645875702546
-0.911808152162154
0.7596322575935662
0.19470229238024134
0.42242109600361855
0.5269099823572189
-0.6755762995988391
0.07287321066546516
0.20035099479994367
0.8047620481608382
0.29957517995700744
-0.6823423353901062
0.4531188452027353
0.07309430567951118
0.46243891422131056
0.2927191408329812
0.05051286861116831
0.2044622225713842
-0.978373505353506
0.6736831617044111
-0.8552546407542725
0.8753427684921476
0.7354175164241363
0.39122624703019915
0.8740699209663186
0.9574924857334594
0.9265462176131939
0.9245710568710924
0.1975354112269549
0.4622396163520332
-0.5427349899240193
0.46529778864182664
0.9586441020120834
-0.049031158554467456
-0.7711377048509181
0.17450330177028442
0.8435958584183386
0.9434047848278968
0.938695149817117
0.3086081599747505
0.8424242210576014
-0.83202089646908
0.5555741763229414
0.680402954567777
-0.38866875634801534
0.4430184919050077
0.3923493739109162
0.37703159430204053
0.7103900686614016
0.9400055067098125
0.24332374325775857
-0.3589604959148504
0.6313357985807563
0.36391623796363276
0.140079801529555
0.35183391306020306
-0.570049807275325
0.5533835541796133
0.8913433120108136
0.8546477617818172
0.5325814077884392
0.2506201383710527
-0.887932469699394
0.6219469580714122
-0.07031743333162624
-0.6032844099244798
-0.2583775754322089
-0.8506497578012593
0.9288002215297506
0.19299191404536334
0.11518837135151654
0.34641628221076926
0.15412446779849878
-0.6619588912893539
0.3927535998133102
0.7059011341719166
0.7243993460050543
0.6058220310968558
0.7370864691478446
0.5107217438455977
-0.13326080691949682
0.18576170319347043
0.8773433692781545
0.18790684947124708
-0.11880653369769281
0.6894109266044894
0.5484211251273334
0.7635537357762908
0.9232311370602353
0.3645776816225873
0.8763766350105534
-0.28403564413478777
-0.6897464506046975
0.800561583060095
-0.31244385114692486
-0.26807435007803804
0.9946970754342082
-0.07912060403611922
0.5245584673199619
-0.7338111468408257
0.9993466866719998
-0.7277968427073352
-0.21941293410618293
0.6252100430950924
-0.14353244934817946
-0.9767474079657352
0.1554892187137573
0.6381622334882356
-0.4265628664467864
0.27479389747163807
0.4060616628520053
-0.0827559129781151
-0.4879051945525519
-0.694313027182946
0.8334077081886265
-0.3640211896956076
-0.7423999843420924
0.329267567753974
0.33105673997363894
-0.6452057676172922
-0.16729678501084758
-0.6475883468246513
0.839077555374883
0.3566268445836073
-0.3325809676277298
0.3064037004967276
0.7569323215264783
0.999391003529921
-0.25955034547403655
-0.2360795451480282
-0.29446892628671156
-0.7166155908015448
0.06998665365691546
-0.9548878853365924
0.09073783202834523
0.3013005797281
0.6136676028181791
0.8939902809963314
0.9098474796270827
0.34305248838786656
0.6918162582122537
-0.6040342420084626
0.9372289012433661
0.19730724116974457
0.35124262122272054
0.2124064635761307
0.7334013867289053
-0.07237036612500046
-0.04154253248008622
0.05668178456780291
-0.5962203673319485
0.8603661023531723
0.8953494621146999
0.1004027487244224
0.9206588908895411
-0.33447838059445556
-0.8454111633165092
0.645787220083593
0.6320486654675394
0.8640093398883663
-0.7330419242951436
-0.1269852430097774
-0.1891821326521587
0.24359146904129553
0.9060214741231876
0.06007806888769572
-0.3260878834601439
-0.19826148053160145
-0.1702628474033937
0.712862284843552
0.3210126214790812
0.9268652885696466
-0.6851727466601014
0.3334791254507969
-0.5011221357797091
-0.5368431807078677
0.3500954403834063
0.864511142006727
0.861888896977263
0.028764690467474305
-0.9134645341896926
0.7509496374592487
-0.10426137979149018
0.8585410824044102
0.8971636583431415
-0.3131566686961476
0.23024268846416285
0.06775244672244428
0.4735205220026065
-0.294827686411252
0.538527098628905
-0.1562283261838413
0.7624136344859114
-0.20569687958585475
0.42702999674805026
0.013569992281950972
-0.3271198275373916
-0.8577697952119949
0.2696910707031258
-0.6841540690116509
-0.3356240869226653
0.04962714779414793
0.9868274412034385
0.361084894368865
-0.2016533905809468
0.9687584285356419
0.2666891223008152
-0.0589812654166685
0.42742429091284545
0.7721690731238191
0.7453524341402604
0.437664529749572
0.6668418009377644
-0.40325451862920664
0.9894312983615814
0.05374924557139737
0.9358210988349626
0.34503881027891903
0.5727713908894196
0.24115392425890997
0.7979064756039776
-0.5458974395153184
0.2781488711306764
0.35269171833239477
-0.1329603648091964
0.09695255165233677
-9.266991883180691e-05
0.9534445230836617
-0.7708155641181343
0.6309783375548914
-0.18890158131715215
-0.6219620753819897
0.6539296615936664
-0.1206963699440476
0.7658138008529689
0.2001192783161904
0.8459349793710341
0.9634706626386891
-0.9718332727157559
0.6154282910512135
0.9410343752807754
0.14953393636908058
-0.12555923289574097
0.6196212197933443
-0.699432172225527
0.47419120583609253
0.7629282844342097
0.7266437531909037
-0.29240204549922294
-0.010120929648739254
0.19780722541082812
0.23386319245707676
0.7318363937973773
0.49772089615631243
0.5260980491340935
0.45970528327020477
-0.06572971867558731
-0.899994286172593
-0.5230146104019868
-0.20772228453738534
0.7686817733266669
-0.6345347809276474
0.46813388959932667
0.6839890061787478
-0.1708679737432097
0.2797300644398203
0.24276119012569952
0.7102478928825433
0.7775862716106599
-0.06401503428569266
0.23100189841979435
0.8728576869846904
0.6537854303555939
0.09982754398197555
-0.23703361296013042
0.823711563552595
-0.27862012495082045
-0.06948997540801814
0.37133757576610726
-0.7633492570579941
0.7656815337046886
0.9201255919014013
0.9677607593095123
0.9361742304453381
-0.9646223885197858
0.8194024594486358
0.8595739210451839
-0.3762888232276246
0.5756903064663967
0.20407878509707333
-0.43021917754832256
0.6759432612585464
0.4722952643187319
0.4808562217351583
0.8257683672658077
0.6817878688911985
0.01103611108868684
0.956452006228147
-0.2623459133100876
-0.08410135033365387
0.8191948942157009
0.9227863073888186
0.888567659484856
0.31700352227460304
-0.16506756610707868
0.2754044580933568
0.5628351868842194
0.01789856009423435
-0.250920591962083
-0.004247232092239921
0.8949261625748421
0.7691713592811382
0.0568645112033823
0.19200787315192164
0.2891559717725865
0.08774745344667718
0.7218963195095891
-0.6154623858000089
0.6813022403919695
-0.5583450736386693
0.9822075800482054
0.9344385099335842
-0.41364362803683613
0.772885365236906
-0.28488571860975237
-0.2532247758274527
0.11438587264576454
0.8486464982731929
-0.018795852181655616
0.9130937745685233
-0.3211459195032356
0.5702807916120508
-0.8761465784017571
0.5822977651777538
-0.9723073113332102
0.7891038675669283
0.9529052451759205
-0.40561926584708785
0.9742869280271819
0.471755195628698
0.7863827376336295
0.6723408652283981
0.33396941549191095
0.3842772280546143
0.9723506552476386
0.7385165070778335
0.11255691401573316
-0.03190937304440197
0.955550175141168
0.9205787458061072
0.3014838275635555
-0.22534703378574264
-0.3357126338391724
-0.8150097354351417
0.30134452448026394
0.7175321318983457
0.9065349175331843
-0.22950553684477598
0.4400964289924199
-0.15866977550154565
-0.9252171164963782
-0.4494743661241402
0.3110803015806077
0.4255235847976075
0.3602049312618504
0.29809943416902984
0.6462888810439054
0.6619446452220883
-0.8458775391386331
-0.7588108322691876
0.9917779849561092
0.9156145073190773
0.07992599876417988
-0.5291629174429336
0.7904158698717579
0.7859948145136622
0.7652791387439783
-0.5495071906399708
0.6010230966128995
-0.436083891503499
0.5211345388246207
0.7786398677573105
0.6529033237848547
0.8913148978586295
0.4890473026262441
0.2589407365406697
0.656545246874795
-0.6456965352766879
0.532165361430221
-0.9989700193161439
0.30026213573647487
0.756643698418907
0.9800798160051069
-0.26595384213055656
-0.14617441888312424
0.7009810559268271
0.7731475289656606
0.7998452075577387
0.3534930377159245
0.11729390443561816
0.9354519834778786
0.5603946788317453
-0.8807591296185373
0.6710817257824732
-0.30609031016801114
0.7335506722115706
-0.014319843891368313
0.8953238105561894
0.8952895603939832
-0.6269482734607491
-0.012167495446627935
0.9862933012981927
0.5357916691183823
0.5985794869887459
0.06413105403724934
-0.1980392365123253
-0.4530442315870821
0.16923613348477046
0.766236441393809
-0.9805563045711618
0.3053092448691589
-0.3856221334570504
0.776907037307719
0.6072305930109715
0.7036721050939594
-0.2488127798840608
-0.5755976576089117
0.9297804764464135
0.6165063987595877
0.4837519737247706
-0.21432203793638543
0.2772922792110542
0.7655735844023163
0.6447148812274609
0.1438763502796849
0.23156689916157938
0.02349108041260803
-0.593371429747125
0.9835253638573801
-0.22480485611316556
0.7218992188078623
-0.4664398801385656
0.7806516565774747
-0.4905478004598754
0.4506525889392817
0.9550831950034554
0.8425252780764545
-0.7235909101323548
-0.4714482012134321
0.8351628465346844
-0.2432762497885391
0.06758184795857372
0.7502753005845791
-0.360086745108016
0.07236643236017665
-0.1447803643374398
0.6598836536248883
-0.16212219658652408
0.7723180633637574
0.13225013250612538
0.04564702790857525
0.5867009545414114
-0.7347137471417495
0.3030479829251766
0.7485095977365809
-0.14473215467064235
0.6332955026646896
-0.25322181744164374
0.3171354971745878
0.40366430371540263
-0.31517534482899234
0.2985250040305851
0.4641064972445711
0.973717858163048
0.6876872768834624
-0.5751403213410533
0.3871620697788538
0.4313000597584485
0.7605838128804829
0.49114911484893414
-0.5699894488891016
0.042672890066961844
-0.5005700075683635
-0.1873079625524778
-0.5251289845270263
0.951430285305496
0.6944448249526325
0.7184698565141513
0.8345098875153042
-0.10030531066935301
0.033594140067162305
0.22021984545422868
0.7005089169840439
-0.9106363864250409
0.3252963010485813
-0.0031209467039121264
0.8672842154445618
0.12239729947842175
-0.8258226501939666
0.38579902042143605
-0.021748759604809077
-0.19484884160059396
0.8356083052565055
0.7942042040535244
-0.2740001450188172
0.8257766757857244
-0.476177117114721
0.27158729337360815
0.23121099773878775
0.2574173963642295
0.6090292378593792
0.2762236667608259
0.863563181170632
-0.47084955970112335
0.9724827894928783
0.5901446275109653
-0.25614313359272617
0.3606502422873125
-0.015074445210739047
0.7561370886449034
-0.1833198932505024
0.7693322616143272
0.5312247265372195
0.4461721689531305
0.005889936050055878
0.8438642642536375
-0.6683362181896754
0.10073348539592593
0.20986627423934753
-0.5184527890395463
0.04980866884143726
0.906925340151492
0.9581707970743812
0.2665512510640452
-0.5073102699845615
0.8587208511178175
0.020460284111777874
-0.177033400040677
-0.08627003407554512
0.8817784200713694
0.310241882540054
0.01926260685219578
-0.01669724227493742
-0.015113703768024981
0.9956261740586342
0.7463419814576832
0.1492140853453218
0.6956680343160951
-0.09116151866958924
-0.9792302905615868
0.5803955385379385
0.24022369466651242
0.3835569166871103
0.5028727935122729
-0.21356786164620503
0.6891208000708526
0.9807500611278488
0.6135662914895296
0.6719662461721128
0.4241344765653691
0.21473852129495555
-0.03243516219993814
0.9821579767588962
0.654708499390842
-0.2090364279217607
-0.6504300911525323
0.7028709675993661
0.9186919772563898
0.647044624398496
0.6536512105757435
0.064038423223742
-0.3581609483477709
-0.5246126065999598
0.5230352315827028
-0.1528509467714278
-0.03641844551634662
0.585331852913095
0.34795474389629116
0.7767571206566707
0.8529580396120341
-0.66858537067081
0.4906411678008418
-0.7483197058827271
0.7349274105780258
-0.20264714787743074
0.8395918326769518
0.9082705153015267
0.9467461152312874
-0.576355431954538
-0.027674563356432934
0.13855453649563018
0.6197993329048243
0.5118796593420936
0.8880437444197937
0.3147647603877421
0.5486864398396817
-0.10444110319657797
-0.055890665554994744
0.37723016576090335
0.889470852101885
0.3154822274046654
-0.4249768987392732
-0.9048256601510672
0.23912216298981448
0.9932411080188419
-0.5079994389785405
0.23137020031960304
-0.0353360000531852
0.7855776410853851
-0.7530119207941909
-0.9363726965724748
0.5664460879983446
0.432242259772729
0.8720141694952149
0.068722938657772
-0.5583411265862246
0.8734934808430855
-0.3530789593354131
0.07471013536185672
0.18172024930948635
0.6021563131148348
0.9000969408319813
-0.6618556728844107
0.9203834883612528
0.9156822960710393
0.679768275283643
0.9451204161733042
-0.34091067061313934
0.42064449399954057
0.6781212545798907
0.029492919431348266
-0.9500720242930791
0.4852584932312679
0.007496309745973683
0.7357644607451994
-0.35972843742455507
0.4327451746015352
0.6427371585641795
-0.2887095499589707
0.9026553038505812
0.8641422741056018
0.5606426340261467
0.5854506673748621
0.9156378810133773
0.3086904346886695
0.20681274525158702
-0.6568503761014797
-0.5912318693305567
0.2488649735238049
0.2883375462653513
0.9125095792760505
0.6694817763743889
0.9844423013174698
0.6353663189737097
-0.987763644165838
0.6539781822384791
0.679250385749661
0.9796073658493363
-0.7405140922403471
0.10462324707735635
-0.04213685104596443
0.5342551350958948
0.33733090078471006
-0.9808227759605047
0.8196086292113187
0.5423682517155695
0.48713139285656526
-0.48131769094896243
-0.360684648861326
0.6166502945960458
-0.8047457790431184
0.36658649976466756
0.048892796138309644
0.23793002751781134
-0.03927902826550936
0.4294256744141755
0.5004293611266009
0.1701607557860595
-0.2513793446753325
0.15589537449665064
0.8380550079493999
0.4073851003228818
-0.8394613250873341
0.23165246907578582
0.9491730195958447
0.33542418753222625
0.33513727204999927
0.5495612549521147
0.27088611111900346
0.10599029475732943
0.9799261130773183
-0.7285248033140278
-0.9397379413446822
-0.6212874296779128
0.3486327924276055
-0.23062920407035148
-0.007334838635316349
0.5955161568211991
0.22861331391795123
0.6678436458986611
0.8252535274878904
0.590912408658664
0.10066807036276013
0.23097594196758653
0.8703582127796077
0.886540657828086
0.3689547850602776
0.1301849356720502
0.9829550819634338
0.17853789465790867
0.4442938332153447
0.0019711098894259317
0.9721727619583144
0.26150001321854965
0.9401811269329104
0.3132215978950306
0.603199528781154
-0.49356410895838476
0.2389327867183089
-0.10553785925069922
-0.7508731674489038
0.5586897140833824
0.9989356517478589
0.918232974111274
0.9886797728725356
-0.2247208522453779
0.14123569880915315
0.9418493113801464
-0.35133326439714685
0.4677401554834301
0.9891743942168868
0.25121402046989455
0.8760482050794323
0.39648675431155533
-0.055401782663356075
0.9451870665512985
-0.2808535046317573
-0.8103485003158605
0.6770128865362303
0.3642171583299008
0.6959069983075017
0.9446949529359713
-0.1317796586167527
0.19786342515747266
-0.6326299501484001
0.3638626278880408
-0.114221814906875
-0.3475062671221304
-0.13301083468478048
0.22887711757766646
0.7924956169034416
0.9351375663801024
0.9981149549092521
-0.5844064103955348
0.8608071481707756
0.5470481527091295
-0.4631736239275405
-0.04363631018329019
0.5493759087338039
0.5494012697812787
-0.6679912088358071
0.33446979543094824
0.8408352091286478
0.9584762164035621
0.9742866716644493
0.033310841153599995
0.6528872563729681
0.19814302994898128
0.14912358176671575
-0.8849193014544808
0.5338475384276693
-0.09107060677873102
0.9065494621686137
0.6055158048100807
0.7444293503117966
0.3150684551518812
0.07727809481129151
-0.29978760596047177
-0.5924762476657109
0.879007076113885
-0.3625548353731304
-0.4032931815852568
-0.20751142154367822
0.1716063406201152
-0.1876565689686312
0.4927594190557972
0.9884632505824363
-0.5040256676586504
0.6243371370637627
-0.9883454934762063
-0.3482100839752754
-0.002905293691068027
-0.3555362443875369
-0.2590129609179584
0.666760754996554
0.7517009476681957
-0.39275948599724747
0.7375165493076
0.8180105416459991
0.9547555478129921
-0.5978618796934128
-0.36095668689859717
0.6781535399104299
-0.5164625073558733
-0.2087838062721674
0.044460709101956604
0.5812611900973579
0.6531703049688815
-0.053352167864447304
0.491077071161298
0.9573316234678932
0.08386855974934448
0.9021440957022784
0.48110391962142374
0.6458283284319482
0.350747283707939
-0.32190421036071293
-0.7376548121790832
-0.14465302999659632
-0.9995760031044355
0.9342097455986695
0.3349500219280242
0.8828712330477807
-0.41011070794490917
-0.31560823868677657
0.8460993256296694
-0.20956103168128445
0.5044266491342135
0.5574522646097899
0.980798782309681
-0.3031733648685697
0.42720796828322094
-0.4587285007966215
0.15778347053819172
0.7949808046589636
0.5244887607490393
0.4352542423549153
-0.9684118698181634
0.736217558888082
-0.2756752361853234
0.6654587876545587
0.6085817962358381
-0.849262291971321
0.8529294367851802
-0.3263365242338797
-0.001828713489461604
-0.3393019524675127
0.9508150681976919
-0.7096765632386252
-0.3155713351815126
-0.22831812893854214
0.25725671543347767
0.23687944049193738
0.8945962478295473
0.32012052946518355
0.677243896960835
0.8472544690940479
0.9947282681326232
-0.10566197303986291
0.2815427108199269
0.09293842576014277
0.38500422842752086
-0.3743226265599957
0.1345192316438103
0.6161902334466348
0.5820216696680667
-0.7294082020691475
0.7992384175733744
-0.2658896689676944
0.6714897607810792
0.398234494441702
0.5949244184564095
0.8840439976153052
0.43815164519554295
-0.4079860612509994
0.3616654681362823
-0.9192321303240231
0.18176625213732403
0.3423482586627754
0.7688643916098601
-0.8297042510154502
0.43672220884464596
0.20119194797073583
0.6018894430583057
0.23242841272295325
0.3718192760766927
0.6642804556054209
0.49480533013555034
-0.4301495569323614
0.029927602643235834
-0.12599222915685665
0.17197285498670098
0.6796730748002584
0.8508142003838693
0.9649141086567613
-0.14099458372389206
0.7698882934571092
-0.21346812053266323
0.6021361646083906
0.11636330088537203
-0.07016858577210693
0.19776898167180532
-0.2718064067921564
-0.45337261073098367
0.934092300384666
0.3174509462325913
0.1558846618966332
0.29755593452393453
0.5805806562300986
0.6442906701706492
0.34902404386040703
0.9626862853597955
0.6510090953475492
0.5138056106254122
0.3472704785961387
0.6075478511234744
-0.864610992540084
0.4287237151790857
0.7986528278424574
-0.25654893940255785
0.06151038418412332
0.9919127570900602
0.13903782165570727
0.09098464401015002
0.8149346484450175
0.9225653617043307
-0.4322169191877052
-0.15276534348105728
-0.18751451291216795
-0.45871038701380784
0.577701005676693
0.2655445809028305
0.10939925413293491
0.9184553607490539
-0.8715640716367823
-0.1086554235738164
0.8782725213854358
0.38777402483002454
0.4383433438268348
0.726625712302437
0.8316896692524175
0.7964058040247733
-0.2911879560864228
-0.6613551476945382
0.6887883634881217
0.16307637151640794
-0.2508383937130498
-0.025577114357828418
-0.29262193574932005
-0.7830114384816269
0.46565724935705444
0.5146914435527565
0.3842225597455805
0.6053348089306371
0.16583551032841748
0.46620253136277334
-0.7219582936845579
-0.29699222981117834
0.1856931937488
0.9905894105634397
-0.8726617465117552
0.025055533457035265
0.39844649734443266
0.5244075293503331
0.7436914488681102
-0.03951557682644885
-0.2057382355533288
-0.5677180480175332
0.5806731297142427
-0.17918962286664555
-0.18255834782409988
-0.42381094225845056
-0.9516625544860268
-0.44219133058431564
0.8565844944457212
0.5286387552292003
0.7741760007194995
0.8441614629349198
0.9920231117066961
-0.12277001750210391
-0.6862485066538495
0.2208666315895676
0.9855252995243673
0.6103887372614721
-0.06028367021990894
-0.9509654725412948
-0.7493374772509714
0.7955285504428985
0.8492858856247428
0.8895033437731347
-0.46272065313704736
0.928941077057659
-0.9564102689838738
0.30717452723972843
0.03450391726230598
-0.2934543957901642
0.20310522804747094
0.03549814755049047
0.8505143339496946
-0.3923046469547555
-0.4154528246078476
0.34565974128670784
0.9635593225982553
0.022091498978597086
-0.310760562901818
-0.41793255315986705
0.5508971427990632
0.45601216921907656
0.8022301751705362
-0.19098971556348254
-0.15865358427775375
0.36327059762201874
0.07314941776432206
-0.29772633682792243
0.253454851734225
0.6936547776062897
-0.3917227786479685
0.6325657078511965
0.7544058784211779
0.1826948754098445
0.5886119974319662
0.7486135750799848
0.9181877056016553
-0.0687179243496632
0.9806923066887219
0.39256059711695546
0.09503263979756436
0.6216213250288926
0.7286967661828784
0.9314579287612964
0.5012716521462214
0.5627593175780305
-0.35942551346532536
-0.9976744288369159
0.8806618600324703
-0.3657750703352113
0.5585355991057543
0.4394326878158072
0.8015963354015229
0.7742382078074003
0.5184517838432738
0.3489175719020804
0.5357754869755558
0.6298709830649772
0.35062069578436617
0.3609330081242598
0.24664630492210085
0.9282379522986952
0.6219314083089985
0.06992664168086411
-0.9591816985188255
0.7405628187825033
-0.05313953872771518
0.6371982080871199
0.6181046312745873
0.18223598341628985
-0.07928203675778543
0.6445213809892161
-0.716913477477501
0.3421191680474459
0.6982998921537669
0.7750851642590006
0.24268263880393584
0.7812944728452906
0.42309972790230455
-0.8925401593624279
-0.44300446541395955
0.5569964435927763
0.41003389022704645
0.4337191646706235
0.7705120211476013
0.673709572259554
0.1783485809698397
0.7268538824034533
0.8714415021260847
-0.6340146804575487
0.22991282597210905
0.1654006898559856
-0.6345568266081382
0.2828694249789259
0.26648664145644846
0.9817117551838359
-0.5459098046326365
0.5698523586579677
0.7428003528705933
0.9102439476288036
0.9581777038698197
0.9457574866725373
0.14026989502192547
0.3646503133783243
0.9725719272009827
0.10753874488187812
0.0673480447081847
0.9970695517332034
0.9094946871629446
0.4835301628810866
0.36404203387913514
0.8773638164171728
-0.2289979413498834
-0.25869405956856595
0.3347348150859785
-0.07573828960024341
0.48975984698032715
-0.8504484121912552
0.4144430804002373
0.3421027256913076
0.22487628879713126
-0.1814353728436963
0.2807142515475218
-0.9870709194161098
0.37736730474619934
0.5759202398418992
-0.31813692087977663
-0.9850125987537828
0.7987814445278244
-0.6782584025626028
-0.32269509129096025
0.37562143651032154
-0.3860003911694671
0.32886249599906425
0.4798058884378508
0.8599557643046535
0.8235656201338007
-0.8587398603936744
0.010168832350820634
-0.6662678817161333
0.3909497289769596
-0.4515073384896709
0.6270972418101044
0.5147719606794191
-0.013989149093737772
0.07015730970916542
-0.3271389842796408
-0.23277877150217127
0.17756112882470051
0.25733487194354804
0.6322013993329881
0.9529825487425732
0.7819568018970853
-0.8482206993717286
-0.444683560152615
0.67442106984405
-0.3766319863026987
0.6589277276516388
-0.3174473164894589
0.40555099044695614
0.6463570749059651
0.18258588445577512
0.2363517279558227
0.8383428450600213
0.7486327194228891
-0.006934489959935017
-0.6667112774978754
0.5628429792561264
0.7224309741697603
-0.6479304296223531
0.951034913297189
-0.6366085697717959
0.8907528736170308
-0.6081965273004545
0.5416887148168185
-0.3738445884218928
-0.2272777996461911
-0.27086840779217963
0.9193977166932684
0.6063743767601398
0.9221545544909342
0.9402157817475756
-0.17730547196389024
-0.5494286159989762
0.11279241362244785
0.9987200889255198
0.35042966749663423
0.34243415412528005
0.005699451435590858
0.501917818142828
-0.4760035578297444
-0.9847507491949798
0.015271573609965151
0.9584779174188335
0.6241051014440466
0.10204565915527235
0.42381622800061824
0.45963365782051757
0.034270630988926326
0.9019409271971249
0.6063763589410501
0.6843895655222983
-0.21131979402949458
0.11035352478990612
-0.6672490702171836
-0.28621666238863835
-0.41395647610694747
0.022351387006232005
0.5506194589774356
0.05293092151171389
0.05780142579663985
0.21119711785500034
0.953018272022382
0.45518187109090014
-0.06075816686072977
0.3806563932997488
0.5599008674001612
0.08596685040975978
0.028268695722545936
0.1405596961785697
0.4501479948126687
-0.05772542029064724
-0.019498491611279412
0.8373074248856013
0.058215965435287745
-0.6726256872571498
0.7814000079533138
-0.6062775245420036
0.2634582110391884
-0.6319143663465604
0.1637562938946049
0.3297280429181875
0.8031905324354924
0.6396051635831903
-0.18082645721137727
-0.2677754120451696
0.3536644894772385
-0.02490427541938231
0.8793083038973686
-0.7580082370432195
0.3275215288088001
-0.5737466476840946
0.06632899195290402
-0.29859100605551137
-0.39622503675786036
-0.823071207953633
0.8774792402985448
-0.8659694401590842
-0.12896269447265654
-0.9586641565247318
-0.6236259918953757
0.9472031814706781
0.6541655938311122
0.5842874834600551
0.6978604887600482
0.9653579270713861
-0.34348183721733316
0.27667582472221475
0.9710408757119329
-0.7983319946910651
0.58149402513463
0.8061357151817418
0.40906967123209814
0.5667168000492716
-0.6314084164213337
0.5547063113089746
-0.1961128713770443
-0.053480337412874245
0.9056532327211486
0.22310837263098837
0.8318993836275784
-0.4520040903682263
0.32132789830629443
-0.06610459576483851
0.5142745889928082
0.5697474435592473
0.5194497783654699
0.3499470010321227
0.7661201736910142
0.4633333260039683
-0.9601631602413824
0.060730596743991734
0.8164742689973145
0.8676826313374522
-0.695146685144778
-0.9299410185672717
-0.6584415951269145
0.7436682805985074
-0.4873601740007123
0.6775812918249279
0.8432325591464622
0.6732675391786136
-0.7099009775765667
0.6722506987330558
-0.3235587593511653
0.524726894519105
-0.19000878304760158
0.9781324254598495
-0.8577552999546361
-0.2853719358803019
0.9971413464579757
0.9178282011375433
-0.25405649039720707
0.3144101379753822
0.4856260715219094
0.31624739707804184
0.7985524167078732
0.43387572086896614
0.8040732587349999
0.8068730117781003
0.17509678747020138
-0.3959736585915832
-0.5731128931797496
0.2135418658454635
0.008634600300158904
0.8371360025392756
0.7851106023015122
0.6815711368632746
-0.22008005044393233
-0.57141961091295
0.19396021623182627
0.06432143441883201
-0.7117179902490185
0.8043967228897302
0.18177069207245194
0.30927001171549
-0.5094756006168056
0.9731353875726193
0.6717158345522802
0.017750807682310254
0.9491311165475773
0.70426411904587
-0.510503153215959
0.8497078979868119
-0.3514352206114266
0.13412425851548754
0.22936727505610405
0.8840491390835187
0.0022676354966179525
0.4865851931767801
-0.8372782187802356
-0.7229237906391126
0.19300273538767557
-0.600835202181206
-0.24071814672209332
-0.3264954486054543
0.7654643153996575
0.3250354154290168
0.7423992455073201
0.3194888384805171
-0.49845804132611055
0.17070741390083716
0.436313634109356
-0.562004257068707
0.4998254214107482
-0.4528783410856942
-0.7453711365839533
-0.5029985637887874
0.2841756653894834
-0.5180894374560172
0.01976609034644068
-0.2638125070028717
-0.4436271963060896
-0.28577646467439627
0.9890976232840448
0.06140362252912158
0.7860130188036575
-0.1390502313833471
-0.2837622961723096
0.7627785362883027
0.8049258588923123
-0.14993459625473574
-0.905211040602485
-0.8740770940968537
0.9370984620674366
0.6808256340142139
-0.9755331923458664
-0.8179375075006773
0.9925671270969478
-0.3045692552481582
0.6431714980558505
0.7798942107139188
0.0770497543028684
-0.4914310429846684
0.693773625142535
-0.5914423925206987
0.40559494975062804
0.68971376190835
0.06788916440846253
-0.013844101446862227
0.5409878593181077
0.4290252620366769
-0.01899103414195191
-0.21576715531472168
-0.3742986548500605
0.36712218766745214
-0.7339945851817563
0.42773174748024084
0.8707390784272324
0.6331684961888634
0.5395933654655902
0.22097774763019096
-0.03634605486590952
0.3833768866498055
-0.7414579345006642
0.23385055287996928
0.7899615972569678
0.18531845359064736
0.1463721172934086
0.49054666739251424
-0.081440637263608
0.7937689766362466
0.4934764645498965
0.9276652207321037
0.3495716165519102
0.33945754614611934
0.8052361394908822
0.40140923722876354
0.8129464631982433
0.003924480427394248
0.8935796232180592
-0.7136440307389179
0.4381875771135103
0.35697571811829326
-0.4804553020058544
0.7913986970107506
-0.3511849270146629
0.2678327516576684
0.5704944619065699
0.0011906242723088755
0.8723758318993309
-0.224980068595831
0.13970853597654104
-0.33863480747131197
0.23087292144688606
-0.31352043984295686
-0.5839115458272013
0.28074370124895914
-0.7906192035937487
0.7884247829966582
0.5114903186883417
0.4816073389771953
-0.12104289221131795
0.42939354930746987
0.5982695431406051
0.9757677992350734
0.20671167928942452
0.5609947215896992
0.6246612908055532
0.7807056815015211
0.7857284065814255
0.3678299254599895
0.7633495989841249
0.9188453887189942
0.12496301120653834
0.2720569085297107
0.2599163840991943
-0.18735626573044703
0.8581033128372062
0.5283178736693821
-0.22675723726219058
-0.1898991200960259
0.24686414221897557
0.9908591048297011
-0.8240646645559282
0.6040904473119861
0.28064023847726643
0.5694037872050777
0.5614867446616317
-0.005855537322828795
0.7942337384053728
0.4254411570441679
0.1928739546962232
0.830311587087229
0.01002568264152039
-0.8757953788988485
-0.3644651503577526
0.11199980207326683
0.06450188528334183
0.3642728458530732
0.25246487418519803
-0.5534490586047242
0.4159208612753775
0.9810168371692595
0.6092604939883964
0.7277901014271531
0.48219467543249583
0.8869943010096201
0.5383218804651114
-0.5079176441889653
-0.47190434723404473
-0.8761703742281747
-0.8646306947673834
0.7847024618818519
-0.4309717918752791
-0.49179496812053103
0.6208730569250894
-0.29972976430846526
0.5117454647782835
0.9754506395389235
0.7761688274742965
0.4827164525859173
-0.006627342394090496
0.021209574797796744
0.9829927127867614
0.6008242881484543
0.9507138456658429
0.5434967342144176
0.24182184576855986
0.8431222071934453
0.44873169158139375
0.4852990100483243
-0.0012790715594993038
0.9427882865962693
-0.11600319375442676
-0.27229941818710646
0.6591200921598221
0.2632478333638226
0.8085414327211973
0.802730635304911
-0.7197970688665453
0.6055007407999335
-0.0076837428077584985
-0.18397094417086354
-0.3002333519632346
-0.5097845724366478
0.4925405848957801
-0.5552689922238243
0.42288269110295934
0.42378960146784045
0.6257234934328241
0.3120385587944566
0.8465984005196279
0.6120191032465797
-0.35467454769071693
-0.321960782198277
0.3945315994438734
0.137987719101092
0.23383701097089343
0.6710648658758883
0.7271131150415354
-0.21924932112982276
-0.6037252411803335
0.28162978345476675
0.40018143550281426
-0.29003088907663666
-0.21993958841180727
0.5187479162744363
-0.7818310969831237
0.9761442138590866
0.5380431100998317
0.6516508041274434
0.8926046625184353
-0.12608113017491046
0.5373139476693236
0.9368289137829554
0.643908589894841
0.6048588389268746
0.6197120140532313
-0.44861738130077455
0.5482177464553175
0.9532985242648281
-0.12438924125887912
0.24448199299129703
0.9090180578244276
0.8296728375366055
-0.17377104403230711
0.5075549353364104
0.583136921533438
0.3715709015304008
0.9710666305624464
0.7779198220902915
0.919098150572764
-0.15376964235536397
0.29589701215499714
0.10602663854715699
-0.3844916236700233
0.6247309746899695
0.17654168932719783
-0.26522057437102975
0.2583562897097208
0.19400532655959585
0.5177248539600205
0.47470812973006005
0.6260066015369711
0.5241337206645481
0.9090806176382789
0.30075224038619713
0.47049006809912547
0.33759350056931237
-0.8296778670324191
0.0351672723351836
0.4904666915533202
0.1953627587235352
0.21708844121472842
-0.0018866426001911967
0.6304716586108069
0.7069515363616016
0.8643864849186534
0.8872729866247854
0.8345963009641677
0.8829018092282648
0.5790924128835334
0.10277752542396133
0.26593666363725355
-0.4371419426952373
-0.012549415876063244
-0.32777704800236934
0.9731118348567435
-0.3951227446957536
-0.5960611573176533
0.2844481134957838
0.6723764963851808
-0.1432193427378382
0.9207762799355533
0.1340080452040715
-0.06737272943207573
-0.4416713360188072
-0.8672269469822605
-0.5165706328303468
0.695241143503068
0.7608345739968847
0.3228810353627846
0.23706038216571595
0.8093422432404312
-0.6639941828203305
-0.17779719834707308
0.6443955050871826
-0.06511985581452492
0.6611859092832159
-0.6892470860935929
0.5207412740040194
-0.6000135804755949
0.6851426498472717
0.8081445570119935
0.7579344014286529
0.8600617887670874
0.8834144401303675
0.8329264013865539
0.5997013826595444
-0.32846740130617835
0.7599596914456772
0.505672437641739
0.8956500593572008
0.6454354535922212
0.8535787574154372
-0.5554180532461355
-0.843064010845439
-0.012133488413097115
0.15651745628710217
0.4353536015573658
0.6332071821814966
-0.4757655958969951
0.3203700176214431
0.3556429719058412
0.6861470487476163
0.2466684821094703
-0.9838138719882161
0.6136820952253244
0.35765573007735063
0.47647688968827734
0.7783670424539844
0.4284388854360592
-0.399930896378696
-0.531280999854342
-0.031420484743409444
-0.6082402349433211
0.15603640781073738
0.7090202133979496
0.018334980457526188
0.10473150077067245
0.38733809083916904
0.38009444066161785
-0.8881680682657367
0.4066002359457735
-0.032438150555395
0.8520163973217008
0.33429882653802145
0.2927345013163208
-0.3982425255711288
-0.7850543674975975
-0.14676941435007387
-0.4942167755300279
0.3149278023099966
0.7891573123556064
0.16904830882136954
0.31587718919516344
0.8526147695348895
-0.14745417900950242
0.7429903128470309
-0.7801066381481283
0.6750039508861589
0.5560114557766557
0.7682002405951436
0.6929012471118021
0.8544308564697085
0.5015027632829426
0.9839637810116556
0.6071589517750862
0.6650353452868469
0.7755160094820911
-0.553247389873911
0.436223846706731
0.4439790663403581
0.6214453531568715
0.1636286946033173
-0.6831858187528226
0.504500394253808
0.4255569513834671
-0.2621036710064734
-0.14111219409590658
0.4636077804982422
0.7404476795648904
-0.5220407740045868
0.6623479094216616
-0.9084129805889145
-0.8512670262867256
0.4192869937456501
0.13419224815424236
-0.09648568947187977
-0.08981491775774246
0.9051839173507241
0.10272125220798015
-0.039651905896027226
0.9558995359847392
0.14566618409787754
-0.4146948987886119
0.28254613888644675
0.48418550770512614
-0.3519321513179968
-0.06934347081911908
0.694800357111915
0.23633566747441664
0.29302112661449753
0.7940026651445712
0.9835975493595611
0.8370798654902702
0.8021658850016014
0.7375507145628457
0.3571845714793629
0.12121827420764002
0.2776458948244197
0.3851244155092562
0.686954609056188
0.38285330237833454
0.20394140796601826
-0.31797564191202454
0.7513074333172204
-0.909111554585454
0.42189430161660557
-0.8644675791415947
0.40570443604828355
-0.40584595621479286
0.9351862316091238
0.1520885251955752
0.24152250394256808
0.016701101653753245
-0.6351482739882204
0.43081351308636184
0.9079845311106267
0.6474760495698094
0.5276819826619495
0.8117850393615851
-0.16393013820618407
0.3087016982232316
0.5019339220894684
0.6213291984485085
0.7475317414367305
-0.7289341514343766
0.6520722648575157
0.30471860296704795
0.663379431035766
-0.2639750658628571
0.7902454321190995
-0.5808172129708145
0.49620023988660616
0.10839988823826958
-0.9156856627394566
0.7456350429534716
0.8195125672499647
0.5076636118035732
0.8963345195261397
0.8826661046667202
-0.6826593407517232
-0.43914829421300594
0.8712595126589635
-0.18001131527525813
-0.4712176656081165
0.07646978444181463
-0.3584582669991555
0.7319839030163517
-0.8246174384672553
-0.7147836009694492
0.8592235564954632
0.48079402618925315
0.7283156306150798
0.4963866052483976
0.2685686675173269
-0.484551711843739
0.8506889372704284
0.6352922774980438
0.7032883407084284
0.6750720371328239
0.27879046033303384
-0.9412241268885739
0.737748974909986
0.5717847378857598
0.37463640219086114
0.49542179586417834
0.720800359723702
0.5920249637878486
0.6381735744417587
0.3049295050364736
0.8843106989097876
0.9991490303015099
-0.11602296101609033
0.9191449489215466
0.441521923012498
-0.03577287330726611
0.7968644193558152
-0.2309898971805315
0.730483759511069
0.23793971723963164
0.7060371864283026
-0.6589826938780547
-0.8566939277223092
0.6737733364806352
0.6428111327201407
0.7214394087777356
-0.9806009090250033
0.7999514980859788
-0.21290674379451843
0.8112665880764414
0.6953834779720693
0.7949993114493928
-0.42193820913936647
0.03522214672404109
-0.7106450405495386
0.894085781018769
0.47735719548649813
0.4408244781322089
-0.4385408651496971
0.06306501915805353
0.6970171052515036
0.18901742913880407
-0.5749763968675692
0.13063114611941856
0.23993192587024104
-0.5206903495315429
0.48432229623751727
0.5432555695840275
0.4145128055443795
-0.82358555976088
-0.051113305596354554
-0.8112882212029905
-0.6498864926446044
-0.5956920189241881
0.8282862581935947
-0.6801808643082439
-0.04884656889204296
0.032555701107628635
0.10550414104234805
0.5855483554990895
0.3745120656720181
-0.6135719952085348
-0.9081082377428464
0.4229448377929219
0.6355578050794405
-0.4942397320236784
0.9606745509554303
0.13676016272576566
0.7758074119276854
-0.05009976321219167
-0.7237596419258352
-0.6750362716931977
0.6439335178159064
0.5583239820029032
0.76573297868271
0.21595683867416018
-0.03972633166262059
0.6775577255357711
-0.08533684594533808
0.1823861525374401
0.462455386381245
-0.04521427935768119
0.9359570431110475
-0.7069146516442576
0.5963939834113148
-0.50486538750227
-0.6675546054371191
0.24842972256251683
0.7179363476755009
0.1295907207833242
0.7847601057293256
-0.11771683871864942
0.7993642758652727
0.7256387174105254
-0.4619834385467455
0.35447934459058306
0.8120732885700965
0.46110139950232776
-0.5519490351615162
0.5117351676291803
0.6000896692643369
0.9885446087229317
0.7354559697105247
0.35376360420566405
0.3033603303557334
-0.12381525390701348
-0.029492865571300327
0.3232995563336585
0.1347006821011691
0.4925118883584384
-0.40066786348389705
-0.0755210981388276
-0.3316789948312299
0.14738608182280222
0.3178595534297581
0.46405316773982946
-0.25457520483622803
-0.686743027421455
0.8869401704641745
0.4432656910282719
0.43570159919101126
0.743584892427075
0.30627298762251753
-0.9235105305664882
-0.38032689602078973
0.9774291661140115
0.7992444829664096
0.6243040274211954
-0.5114271440086803
0.06487233138237541
0.6309708829602468
-0.49579187097776434
0.9218673488834068
-0.09520161496894605
0.6609209905410254
0.8028370470594789
0.5619221160702355
0.5138973412342536
0.25857244226413634
0.14446944932015335
-0.9995453759609693
0.7457698874728945
-0.4780779202079986
-0.4225156721086396
0.5130772884168912
0.5563470030233724
0.7071717300607386
0.46146790925001757
0.8790869384105477
0.2388552232588196
-0.6274941701152883
0.8487812215873022
0.7381753871689912
-0.7767216591482548
0.9561261121224427
0.22043293085192014
0.7443098639387435
0.6454930497562281
0.36110767517903813
-0.6328697175273637
0.8654487199846692
0.9228521949866498
0.40282519098702957
0.7363882387974191
-0.9090923837467456
0.3208343368257452
0.44268554238419955
-0.03188599647394445
0.07303951853653189
0.4684981754290538
-0.25662834438892074
0.34399664290042825
0.8830128142594555
0.7322514369462862
0.9115262668142902
0.7312238364133574
0.696530579538422
-0.7806537177442299
-0.1328688903318728
-0.4782739944819976
0.927215729663004
-0.6437421602997161
-0.017747132226745503
-0.797303828812094
0.4808929959685604
-0.7462917653081282
0.4241074253030371
0.5486630425047508
0.41003840787331464
-0.9155910621331106
0.6398378978986088
0.5862697134418803
0.9664962697383322
0.1430979125779484
-0.06228795527697055
-0.1619257400874275
-0.21814913831586974
0.20899478267192462
0.36925967209347094
-0.1989906456319252
0.8565333095961922
0.883893868303401
-0.43269848431906904
-0.055491484931105256
0.44542179419520345
0.982630893580208
-0.49471629022623376
0.10890505870672249
0.6261915172023514
0.3376003496698861
0.5994832228119469
-0.029568322532671207
-0.19810053871434016
0.5803024242474661
0.6868820209515701
0.7395405800395036
0.19503609963187096
0.7174381703026813
0.9088190267119918
-0.23504420352011
0.6108134174708632
-0.9151797146695031
0.7203692927002477
0.43355643639481417
0.7442684867381087
-0.5363107869651922
-0.7580176877601268
0.15901910336844224
-0.9843413971861191
0.6924133670622863
-0.43342706955725563
0.34126908178142995
0.722824406193289
0.48760296660293073
0.626831186130615
0.08225676283151993
0.41124452165038267
0.3574612014154739
0.46921527480853065
0.28550047987486793
0.5327950245698617
0.7979973529846544
-0.21726358574093746
-0.7048650621915873
0.6298417641351856
0.27545124245838043
0.9254394289864587
0.5791254875872267
-0.06954605582687612
-0.4271980058812209
0.6406581145879924
0.3401428193545733
0.3427189715740556
-0.35071892596006193
-0.296821494872566
-0.5058645902388872
0.5401755939452012
-0.014522003999043057
0.012713777577258415
0.14881896439071463
-0.00417155046064318
0.2737627232020904
-0.06530681940183226
-0.4819472920046755
0.6160200459564317
0.7207560633815899
-0.7573554715291971
0.9981478044615301
-0.27407338083046345
0.24538757298468142
0.7574202246352282
-0.7717714332090664
-0.11153825336275311
0.5061901800344373
0.8612121499886493
-0.3421873553924116
0.34848601193993395
0.5871071288807647
-0.9770127942536682
-0.021430590220949307
0.5723949404905501
0.454943280713546
0.582329100876297
0.19725608380900458
0.6551441720496269
-0.8030847506699894
0.5957558720208194
0.9921483789762692
0.9146620314216222
-0.790037050913105
-0.08733527414853852
0.9058980441715162
0.20170104054207014
0.5138001197071016
-0.03278544827332009
0.19094692670465574
-0.010863400133920035
0.631847447851924
0.3137061705589305
0.16422037814718285
0.8251451945838647
-0.1593931909958118
0.3526993379153664
0.8055963617302414
-0.5586683692169437
0.594702063880521
0.3451790739520002
0.3627425573762767
0.6985271687270758
-0.0918669654377947
-0.004116975534877107
0.24246714604018618
0.4482306766151265
-0.16310627897773847
0.4789525099619126
0.987404863952561
0.9510210633778586
-0.06604133165589998
0.8981205293627662
0.7168672949802086
0.6107237095818
0.5380237405178672
0.08225554419183084
0.9254998026121303
-0.29710809169210073
0.9275359127539112
-0.6249699871445128
0.05501376869588924
0.7133308527526544
0.23358188643086772
-0.9087126767326063
-0.48201521620345056
-0.10440852642893932
0.8800314763055002
0.575010109456234
-0.925676863848892
0.566271762987062
0.9446319362732285
0.955946295608628
-0.8969816959460656
0.7191284093072824
0.8461950698411045
0.9289647026878171
0.24002074181915942
0.48663370699929315
0.17669261604397635
-0.20533943918899447
0.14614269548605255
0.656350779438619
0.3481917481492212
-0.25267882366718086
-0.28887248078800754
0.46028303745055194
0.8459499607621067
0.9674683980202267
0.10648689300090686
-0.6181440785534733
-0.9504154149680683
0.03938543045308445
0.7793673759650824
0.4311679673568403
-0.15237276843160724
0.8689938446708634
-0.5332167755543233
0.20495233594393794
0.7812833887259537
0.29899057413471725
-0.7629863094628206
0.90490134680105
0.7849089561912149
0.8305546981797499
0.9010432190700685
-0.08767754184502412
0.18114675220802684
0.9482215544645547
-0.012052379247992219
-0.18346445687416302
0.5924860871970075
0.6607230184166982
0.12089626589064403
0.31250722626537075
0.5073738722396153
0.8570612114946864
0.595805995084511
-0.3753347888162768
0.4479468411934314
-0.9702705431487295
0.7535698284467653
0.5918009726412762
-0.5095434188053191
0.12022588170856009
0.6158390176916084
0.7393373179126916
0.9967951854208007
0.8095296066590072
-0.08442697809551512
-0.4796175974725889
-0.61411330307549
-0.10823038552271876
-0.3287567747122106
-0.7991947843691748
0.13005610164349152
0.4725571510947767
-0.4256942831690962
0.7077194504923418
-0.04592252961436339
0.6059200414639614
-0.6771510388722423
0.33033249905311673
-0.44415542728912805
-0.5045557260360538
0.9902700659245236
0.09885297799824078
0.8850002461639925
0.38639505873248836
0.3899280272373679
0.7184654326619768
-0.6358153270102794
0.6686639925716747
0.819904223091459
0.08753087035588565
0.05483628813835688
-0.14438436599696292
0.5289594465562434
-0.002165325252658672
0.6515705475048996
-0.18145781543050615
0.4781000129424933
0.05247576947750872
0.7367537184048811
0.4827826632456715
0.02398805177641614
0.0010200366601547893
0.5260061569234762
0.779912113898772
0.757768200259396
-0.7069235999852368
0.29619856119066257
0.5836416657898297
-0.3102640650151269
0.14139463064779534
0.33209883744547586
0.5881517742188167
0.15582964531114174
-0.01856340128139154
-0.13653835187785426
0.9642334093967182
0.5693044909045244
-0.4164851430777147
0.7373410956460892
-0.05414748334596667
-0.8525800969650565
0.6192041107981129
0.57982060308572
-0.5587828989020874
-0.8146825638512671
0.752142384735272
0.07492385362408592
0.10196686942914689
0.8431288986517947
0.8885292001305799
0.7793139475572979
0.09387951070743954
-0.0007530356809623222
-0.7892527643267779
0.39148367102245063
0.605002755338469
0.613598347049275
0.7430106088480529
0.5470165066348085
-0.27236697949250166
0.37599870747130343
-0.5333055115724056
-0.9800326389239228
-0.18069553033611557
0.8348194514430114
0.06190706877321688
0.9077169311709795
-0.9949187051568037
0.9687280963751302
-0.9777459646886234
-0.19138284909095174
-0.30030930080535695
0.4518414343776167
0.1854735170381768
-0.045908404464393156
0.8268503029638707
0.991393643075473
0.20485375237071993
-0.9251239978872906
-0.6100716690496653
0.5517521321739448
0.18721890283477047
-0.9019726956307191
-0.9691192573321081
-0.9849320763008846
0.7885498471447753
0.887506505327176
0.21028155997006787
0.7118870377168708
-0.15931200392476905
-0.655288776904839
0.54537476844979
0.441005461304937
-0.22729278526084498
-0.26764734234954163
0.36568448038135315
0.9946137692986835
0.4045845335362831
0.6231379861249062
0.7371115165427393
0.47008172056828695
0.3365627028532018
0.6890357176571595
0.19910249731810328
0.3623727711471308
0.9731505570821194
-0.8321274576792622
0.05861490729566671
-0.06751110876998075
0.8851844384915639
-0.9783457500036351
0.17278653627497825
-0.1678729494506317
0.30921347510736186
0.4351449747613034
0.48871492798464183
0.9403820583801742
0.9851134809124439
-0.7753130222376109
0.9350321403006738
0.5878412648080825
0.5480240699788185
-0.25734625200759015
-0.16983715013426715
0.520164494517163
-0.28995571848519053
-0.7159458049029239
0.9000074137683991
-0.30538632012049466
-0.5915059809897901
-0.4413530946589617
-0.855598308904136
0.33588504049947215
-0.21567744734097435
-0.7070397549609646
-0.11318781833757698
0.7992908949748924
-0.5003870008109829
-0.5295652358145271
0.3435386075752298
0.8772159436244301
0.05012871423314223
0.4941673338483635
0.5102989133836147
0.9739194002886078
0.402043352637234
0.9667753133746768
0.9859080209267084
0.2584053018671856
-0.40885340425231664
-0.25664151097786064
-0.0752056298349865
-0.188630185664024
0.49202974054208554
0.41598213837538367
-0.16434582525002137
0.7181492431384787
-0.034835947384991524
0.4628762416805308
-0.17132272409755764
-0.8073492814049058
-0.9251426069780349
-0.5900905362935785
0.11672030949255381
0.14419675804088028
0.7881947481412108
-0.258154989802028
-0.38966063854211214
-0.4097840935402887
-0.9096891608228806
0.4145838628875173
-0.5212697734478628
0.8011281656350789
0.7981959335949577
-0.7174798448191049
0.11287560123117484
-0.9636936904207205
0.9871247530165329
-0.1560197408860739
0.049321741363566346
0.9691469047114798
-0.1482178078181916
0.44453436767095633
-0.6142289211461766
0.6895055309442901
0.2004465945700475
0.8785602292723816
0.026859992789222773
-0.09685886055649405
-0.8264081249058386
0.8507487804278853
-0.42968818841006085
0.8878654589462955
-0.8308825827376385
0.9021214066477123
0.7198231540678253
0.42796182760637935
0.6882620680519139
0.9549707076663057
0.8664680380598382
0.5299278501267529
0.16382619647334615
-0.45930254309917035
0.620256254104372
-0.22432456416966787
0.8214197358872788
0.6898296453650666
-0.9954051420786313
0.13232168482093895
0.935928203387814
-0.566855033381238
0.578215265476903
0.09644634429161311
0.6468722115739701
0.8067718325443156
0.5490729776325256
0.8396179479218286
0.7440322501721254
-0.08388151282030568
0.17146031063626102
0.3115836091416222
0.5332510312658462
-0.15897248822378351
0.5171687889049886
0.28303795716088853
0.2569136523459369
0.0983502700911703
0.6434301527173439
0.08631600185758811
0.5744453239786904
-0.8030736598440085
0.4880399194230755
0.17026920197983353
0.6950177451322952
0.5791748187470382
0.3419681980396135
0.384917231440986
0.538947987337685
0.048702187439766766
0.2690176264743163
0.9555155102688683
0.9565003732078449
0.6445240136246462
0.4364685269931788
0.24408673627032357
0.4528542324027037
-0.051047594477273306
-0.8108736573900118
0.9528588674199969
0.9662412373660699
-0.10227944067720193
0.4583589229371816
0.874221929041232
0.4745995091540824
0.9845377179468618
0.6070575417922404
0.2515217141916572
0.0955326243309693
0.35491391776976655
0.9231274095841774
0.23768091159834395
-0.0015189195826352956
0.45736387543443063
-0.5065245209858822
0.7815521967198719
-0.5966616512336297
0.33044945388843994
0.3687394045364522
0.2787803351844889
-0.16698007345876176
0.3571035682664187
-0.12162304871267135
0.8744627645728945
0.9602947601297996
0.5619630273578986
0.5229409643918838
0.6401283282680066
-0.9387668936390773
-0.3332822792468618
0.04280442382659568
0.24047651272812307
0.7624734645942203
0.6071388016834848
-0.7031579761192344
-0.4833924942949172
0.26447164549001295
0.8786946978491107
0.1677800924531209
-0.5750858873107625
0.2671133696254847
0.5185085776679237
-0.24302865192911674
-0.9218949379551096
0.902021851123733
-0.5483206191643035
0.3395784661874772
0.9537632188526866
0.12067650677159131
0.2535063029909174
0.5356116334755633
-0.6129153555263281
-0.6556878805823504
0.3820151659091705
0.722276610479119
-0.5250625240200051
0.22561640619942575
-0.20472714637324457
0.28249916760553245
0.13585503574138957
0.5226041899779774
0.9837503784468308
0.07096840067196007
0.09450962645190165
0.22259123936456773
0.06370639002769819
0.39302180158904576
-0.18152202729754766
0.43095496588982835
0.4796027653429497
0.7568465420261561
0.43751835719515697
-0.5605360174818987
-0.1359205061939858
0.39926799541603736
0.511561717207216
0.5761516937384422
0.9747482977872131
-0.19021406656348008
0.8185953017740116
0.9201267679120261
-0.2682759726020906
0.7317786903863813
0.7450779125401659
0.233358234370967
-0.5020294952984206
0.30344200671529503
-0.37423757158957466
-0.04230121916465223
-0.727409848636739
0.4760142593735956
-0.09259735874812206
-0.006913212414422195
-0.11013386831006426
0.7190187955224175
-0.10550969050953853
-0.48976322385556315
0.8584583612314186
0.7485822337572471
0.7171624907033309
-0.6338242439318359
0.893412396840696
-0.1708914790887737
-0.3391184747110649
0.3392366647204463
0.5119914549947469
0.8024095684561441
-0.9232015646418299
-0.15644386055118906
-0.6985979796206773
-0.4426046468990011
0.6391899163375792
0.757801054516578
0.3955787902764986
0.8446394611593493
-0.9091000595562914
-0.40907721132918246
0.8845067585455959
0.5750937655489946
0.886845817309317
-0.8754537352770635
0.34929190509281827
-0.9800640735983185
-0.18321552235238747
-0.21695681486426627
0.9416099582856392
0.6968588431138606
0.23228594590932436
-0.18767500167997359
-0.07743634079613876
0.8695929953141597
0.5392044720983685
0.9113059844502347
0.8172049131499723
0.6909576144620974
-0.970478481524241
-0.8611086538206861
0.609521323802262
0.5117135768739459
-0.9732449766686846
-0.1528389813534027
0.47812349706272894
-0.0038195455315258573
-0.7264387746295738
0.32704522553901083
0.4373857664907431
0.6305599518698793
0.7208479159944249
0.3296217589900904
0.8939575060964077
0.4730209399707505
0.07975884455334895
-0.2726672292120081
-0.05206737769058875
-0.8891239214882712
-0.5004661466544968
0.2518407130411953
0.7789341433171156
-0.66585487078037
-0.8684692109486714
-0.020447213860693314
0.5270773863799524
0.5767825886316373
0.46979903899126885
0.521307491905901
0.16171870767058968
0.13713750384909615
-0.9921207738446168
-0.27484713572537356
-0.5980440106205992
0.2930232023719378
0.22714551353132162
0.5378025614215138
0.8767076857217436
-0.20033121096263054
-0.34277075346947167
0.37370393406856467
0.8663509954481408
-0.10439278894130101
-0.1991315546411408
-0.19649236617483024
0.10428410124037675
0.8999800231146331
-0.5632410661631853
0.9454163455433803
0.012257960116793684
0.2797678174097231
0.8910486941905255
-0.25149295865742927
-0.2723074164111697
-0.5586040491923789
-0.49583455413791405
0.16503181536224723
-0.8196262182395679
0.25771860698626553
-0.3134827293578757
-0.45934796195961136
-0.8606683415978826
0.7040440976881285
0.7720575265473393
-0.05164975272145347
0.011625586925647132
0.5411242553479302
0.3362864068247408
-0.001549655421525542
-0.31268135590714863
0.4713952746410345
-0.4326856886195172
-0.2307130820854197
-0.7685518584130553
0.46100006541253435
-0.6570684063096335
0.5774466284097854
0.8187425756693244
-0.5104176316011678
-0.47594642001645254
0.8233808064461139
0.3415280074758651
0.9745724027182744
0.3870353425595823
-0.529222561669571
0.5403217546731999
0.057535928105010195
-0.19394581057152585
0.55451132413452
0.9961146289532042
-0.8553788595665254
-0.9252134684797163
0.5115999490306463
0.9351428918579584
0.6384219438334963
0.7955370439167663
0.41295411501564544
0.4988724544979448
-0.08250145975622807
0.7411569113433687
0.38238357112730476
-0.6597555562356441
-0.7368597348817544
0.12029804169300937
0.8839936883437834
0.9219230531571473
0.4480514175139109
0.39196163594681904
0.8292618550487793
0.8059538635027088
0.9403429606187076
-0.061554851225873834
-0.6688193025610675
-0.38059274117330455
0.9468957570562466
0.8553094423929838
0.4711970608444887
0.9343388416105448
0.38810401333106764
0.4318325861873442
0.27390682094730157
-0.8149622904226
0.39184747720900925
0.9389301006556415
0.9607644230014609
0.9259743870966605
0.30719148234707094
-0.2378679946292067
0.39493759699937975
0.755756361342526
0.8844867824945704
-0.9470914167633605
0.7693309265767903
0.39074601432412825
-0.3184163991470703
0.46977556749471316
0.7304716083184823
0.6001411514615885
-0.3350840031278865
0.7243884241085534
0.7812141920608818
0.8298546013716496
-0.0010742914120909178
-0.13102408454419817
0.2082246284416916
0.3734395264777272
-0.5292715637022214
0.8165051937035271
0.4185304387713662
0.4255647662828643
0.836784773630381
0.011313021199036235
0.42942770141009456
0.4864337226169978
0.36268452798002876
0.8714608760568029
0.8586156890269635
0.3678764113690537
0.6204010391668587
0.94677373931778
0.6236522085084223
0.8160119028529047
0.7534491423191173
-0.6225964262586434
0.8391262269985615
0.937773759220484
0.8082060440920075
0.9731157170538505
0.35563083574466847
-0.30616363481414666
0.13716604948386588
0.1275230776351816
0.6576354396092023
0.990779851647481
0.30529686832739156
0.2745872157108624
0.47286953366407125
0.190241016454762
0.9649467685993715
0.8309444855619826
0.9059538850028198
0.6507716926697469
0.13231954379773575
-0.20744073603759883
0.270643982974167
-0.23190878210433558
0.7232328984880485
0.22304556837008427
-0.8335128775769078
-0.06285320346817215
0.2867604834826859
0.24426436758021863
-0.2739119736534114
-0.7410412754620535
0.5559861284550173
0.16554946992545125
0.8863059455935687
0.43379222664259565
0.5829959923705451
0.8966022319073619
0.09930255997386274
-0.7283166093166725
0.04191606201909949
0.7619454896865753
0.8664143180230562
0.620413248020297
0.4101025028836615
0.3118238949855278
0.47141507732031235
-0.4335131982324929
0.4801809097362134
-0.7082357230153828
0.8476491170018238
-0.44486215052377603
0.6860794187237964
0.9975997287671473
0.05179512905982948
0.5700750136843148
-0.25764031104654045
0.39772038824083955
0.5384136806602922
-0.041250786682177784
-0.35492148972197646
0.7167536949570479
0.8192209781488862
0.8106294683675533
0.07159293716480986
0.8450126396610389
-0.004914055499751818
0.6290220625743076
-0.13762112854059594
-0.35458007874904707
0.2555103381329335
0.7634983571137387
0.43175203523828054
-0.7596633337302824
0.3039158974488843
0.9304143254264895
-0.00702881930541987
-0.22333755659397664
0.34784423256825253
-0.9725631581514866
0.8877226720722835
-0.7272620133351781
0.8658585881749796
-0.16657705020405744
0.7790886290239809
0.8203602308981239
0.09095494387106436
0.11929967955140397
0.9395992325416959
0.09528870340068177
0.18941237986725143
-0.8920950689301551
0.9045732174368938
-0.3155582314321939
0.3031412378676698
-0.3043781887559215
0.391389046991657
0.7408378336797367
0.4213751138882826
0.14238504100369945
0.23239925346889267
0.7922709887095717
-0.3654575508433859
-0.15883679236555398
0.8224206614387576
0.3730377243144327
0.25491671618057293
-0.12125604209685233
0.8899960186722671
-0.9771941825121356
-0.3182376287093782
-0.4792656885366643
0.5821786440562418
0.7447260483387512
0.7291230445731959
0.45396467495378356
0.6094300186977833
0.4065014938499792
-0.10381380776043408
-0.6769050864433659
0.4215069695754319
0.9612992837523576
0.9167008592902292
0.6369439200208128
0.25849362795838127
0.49728247331983716
-0.1186741238828743
0.9583726043312477
0.968266414386018
-0.7147414409095849
0.503449843301105
-0.4962889604427103
0.6852878554051383
0.2507833899871214
0.3756102183748804
0.40978604359900545
0.275950541347765
0.6987705552746515
-0.6331877016898148
-0.12004525803012571
-0.8031310673971251
0.3012975426407586
-0.3168623576647715
0.3095604083411109
0.11831074263351436
0.22573014698981989
0.8104655039085376
0.3080267457210972
0.8847730077264154
0.2850007992348347
0.9940782675961891
0.12459740339500854
0.9893655266406848
0.7576333317370495
0.5445810293444877
0.4644070184087261
0.758508193734186
-0.8127310331915525
0.6805128044067329
-0.5338014895391436
0.9052020603616194
0.7635690440888893
0.7984773060855357
0.15174797835581885
0.4563853763350546
0.8272574588420407
0.48155092123581855
-0.851306760907817
0.778481411281884
0.06199315867545798
-0.07595667839279176
0.602428022249663
-0.6094922972944511
0.36283087254987656
0.9502561049828377
0.4444117660976972
0.9916436399475593
-0.6046382589839836
0.9347275365083162
-0.4895344456198654
0.20779478848362237
0.2346313869885277
-0.018864350126190168
0.701851734896471
0.31384085842447446
0.7831427140600985
0.24518814854382778
-0.8526645142538751
0.6464789690816997
0.7613062953924898
0.5821483037647783
0.8749571482701106
0.0917362529368036
-0.08731041453023863
0.14275711475476363
-0.5738171254194221
0.3885300745195362
-0.31070398234803964
-0.011015627399100668
-0.6734556824958793
0.38320239793781824
-0.12784927818087338
-0.6993424236710353
0.5134853376032686
0.26585076428008664
0.978380374692568
0.868953181782141
0.995448728162544
0.9966562643141272
0.44856841902629335
0.6330936310348644
0.25991834815387505
-0.29737797668098837
0.36719445760476666
-0.9429839785410409
-0.312727678124522
0.9107405580720367
-0.790736169383721
0.23969787059155515
-0.214554005558656
0.24037627734792316
0.6927053596466695
-0.19660741402283366
0.9196292566224474
-0.8924041287355956
0.8832287353055
0.609519171029077
0.4860033503712506
-0.699484786317287
-0.3274731326737399
0.22638243699074945
-0.24333603959238345
0.553613551653295
0.9648257168542002
-0.0015048739321699108
-0.08022691804771914
0.8562469080527408
0.8123116891329938
0.9086202924561759
0.4399992523437421
0.3083823939189801
0.6039853054966514
-0.5528680824958132
0.4182019418669257
-0.32478348827124753
0.1143153840262225
0.6073680932832487
0.15997186722556436
0.7003833603069868
0.3955138145640862
0.8943915241628171
0.4519039174094153
0.7946444748844131
-0.1493778891880558
0.9194103548905268
-0.5438622734771058
0.9537559095941284
0.41805299825306763
0.228239940699215
-0.09093372076077043
-0.21425859014399296
0.23422142024192164
-0.7403363631773738
-0.8770889663538859
0.9462986603679435
-0.08487565048023755
-0.7891595561912961
-0.3866889768981654
0.055267347544473065
-0.009319856372813988
0.2532525824102652
0.4342908184933479
0.878633053722433
0.38922221460516077
0.7084924911521114
-0.9377772658519631
0.959198436218171
0.04342010245712912
0.4167901390425197
-0.6872831274606951
-0.17693670768080413
-0.5806691980105151
0.5675393449558787
-0.8747506111588882
0.7323639523795427
0.8368319349144183
-0.9831041455074792
-0.14557368563032463
-0.11162234317664985
0.9897419515498134
0.7638698299571767
-0.3369575525582074
0.22257145487833857
0.5980208277506229
0.4847216070609174
0.7015523049208435
-0.8270454639848632
0.630221499352049
0.5820979380877866
0.9493275904337287
0.4483500172905066
0.5928291221810389
0.033285345911279705
-0.46920908545295853
-0.3771997229074933
-0.4754074388806675
0.00810838927033751
0.40860569764516796
0.6212297066465833
0.6023251595620744
-0.02459037787348931
0.6587963961380656
0.15578773607304028
-0.09363236207264583
0.5872920587731083
-0.2560877368127903
0.7100149780665213
-0.9296517558394032
0.7451685146408644
0.28375605867946585
0.14495664827609886
0.07107443256255622
-0.23662854186084858
-0.29458705881341946
-0.7887872192654896
0.22180504780044333
-0.03203783913795828
0.07167155788460702
0.21713047657593282
0.9866353204846158
0.9712859550967863
-0.6416445301049373
0.22696475392747367
0.35684095049752984
0.6677799914863732
0.9837087763717975
0.8497692544209418
0.5218874870146406
0.9546354933649461
0.2388523327128877
-0.7906217089065116
0.10657162023933768
-0.22172136761710554
0.7874814016006526
0.322937143389079
0.7905461766155611
-0.9617754711986782
0.15454471140303894
0.517063900250983
0.8271286831243727
0.6016879424337463
-0.8021872521967734
0.8746279934257254
0.7906709705897448
-0.9725732727317213
-0.18307665838703036
0.32351616026004426
-0.06807665919276386
-0.9666891125382143
-0.29891134537818737
0.002951013895424778
0.6142539814552403
-0.31820462659476745
0.6025757957062418
0.5217569442630212
0.07958378980758245
0.5095540793129376
0.18409306398410516
0.5099138519665488
0.078131996809136
-0.9416310358770535
0.739016840048597
-0.2042569744191174
-0.6657300530905094
-0.673208866763287
0.9469431431945031
0.5673752809472101
0.41202480232166844
0.6888754488599145
0.8901845733840832
0.31706294849585126
-0.031125989487528708
0.5840684941604882
-0.35834286111469144
0.25082897881685423
0.6083462490583995
0.013344331478270776
0.14318268064487158
0.5190600520186894
0.8962640095183521
0.0685546059951571
-0.8269417694155177
0.5760275752233274
-0.15015411636867643
0.2157369597874641
0.32638777042592904
0.27943479946527433
0.2695581586674097
0.38636652700333823
0.8153765069080853
0.38157367832320005
0.07747489294155446
-0.28586614384244063
-0.06706535775136921
0.5859919857862282
0.7065057118128966
0.831553920139017
0.2248092081151648
-0.2795190036747596
0.9025733988800925
-0.8179758034584612
-0.605715640739892
-0.6546379712665971
-0.4356903905636504
0.35498581490661163
-0.1793649687826842
0.42899258643652494
0.9837356219309701
0.46531214938808585
0.08788418273042599
0.5521132234101283
0.38216074214456375
-0.8343465448926494
0.79803931125225
0.19815433916593245
-0.5731064708805197
0.8090862018034026
0.7522517223640961
-0.052769256922884485
-0.16468862757572328
0.7272282900418362
0.6804184767566415
-0.5849611802785051
0.41084352674695757
0.6224462901637553
-0.8893121332105347
0.13622644415133184
0.8879350152926139
0.5321739443289615
-0.6515439312828244
-0.12705884890022948
-0.2784173550833342
-0.8553209303764417
-0.8833216353058151
0.7260118145366491
-0.006455409029024027
0.7222141941193945
0.7066034313059932
-0.09205952651936251
0.1863461110097746
0.19498964554115916
0.6622601218358006
0.05079317849481944
0.9553610560663257
-0.6607170500876393
-0.14617459634190197
-0.7019419239198628
0.2101133645947019
0.6572048813967715
0.5119886892225914
0.4187888776786964
-0.23848765454443996
-0.49935388516332263
0.9393793945768955
0.988988807053387
0.9430177222263196
0.5038248124027667
0.39842969359699415
-0.07813682054642407
0.45216415316375236
0.9258071107518179
0.93165652122983
0.5847823675007071
-0.3949026776971718
0.6747399265107713
-0.7265704325231346
0.9107171267633251
0.4856840943396825
0.05943594365214609
0.15497171143661118
-0.1860942593929781
0.43007460115941365
-0.2322501542876781
-0.32525877603283737
0.27308019352184654
0.5690569203896314
0.29231698604894474
0.8801677232114893
-0.09899332444357677
0.9321582556715087
0.9914778127479205
0.5680895564038488
0.927561217738986
-0.11764945183701457
0.04724485326223549
0.43071853178793956
-0.6573059715128573
0.27920860437351713
-0.7073332410795786
-0.44787669610111397
0.9425889075029056
0.8577880185936474
0.2543701986665234
0.29687098510526777
0.6167848788334493
0.41993298243818417
0.9304004202534044
0.7131808834312
-0.811548625397825
0.8870126509113315
-0.8165768986514756
-0.49116449201647155
0.18957335968510583
0.7937966780099235
0.5231131608064175
0.525711632484517
0.8037659242565033
-0.7098386711098755
0.7216951320898982
0.8894242117828549
0.5695641284388415
0.7988135054882565
-0.11832939264796734
-0.6545759092478418
-0.41571758820828875
0.08752286883999365
-0.7954582674794786
0.207802786127148
-0.235210576970074
0.02388947151302631
-0.7911932430904194
0.5967538071746025
0.31774799711732654
-0.94955872623849
0.17051573842494874
-0.31999715285239616
-0.45170947609456397
0.30460714271726613
0.4916849057773901
0.9033054228709125
0.06495495488096657
0.897563740487628
-0.988625736211103
0.7825539720801223
-0.3492752284594137
0.30308978019878596
-0.8073580676608105
0.6843109638610856
-0.15611022586961748
-0.617706879649881
0.07580624566839295
0.5457247352413377
-0.4853205943551363
0.056553425240586874
-0.09747685080843807
0.6425031732050323
-0.7249634782237357
0.08405632559787014
0.1692514321355442
0.8741848759188368
-0.3815366904331458
0.5478313170451534
0.21478168438150344
-0.07324611632339859
0.9435494503640868
-0.1459735341867275
-0.9197139227158102
0.7779292299823614
-0.29523562437061845
-0.4176033964854804
0.893762834573054
0.03223455497489267
0.8843593778791767
0.8593998311793691
-0.39513165085722207
0.1271491327500807
0.7619729930259505
0.7985964542105836
0.6890989774042242
0.10086247796104336
0.7035500502801811
0.25336440807011423
0.47047649636734423
-0.2777742226607567
0.21697015641739156
0.09618577691537125
-0.4009256337616104
0.08593402418545572
0.47208752248801394
0.06503546601899556
0.8270250592505984
-0.724193605599624
0.9739520585151314
0.8223178685283403
0.2172176370754231
-0.3043216474153962
0.23763707147694543
-0.1451109928875175
0.2483800575922721
-0.9908491034090827
0.9875871898449248
-0.9798355218889468
-0.06271958578388
0.8011144788693988
0.26006309430252145
0.9078747072150934
0.8611287623837947
0.6037005581780813
-0.12512349638181605
-0.8110344442606982
0.8764434682478783
-0.5531528940291766
0.7468441601301453
-0.5124704689174989
0.4116844024707876
0.33640300237672066
0.38464117627644645
0.30498658715227017
0.3952941768906147
0.17231569936472918
0.8494559094913414
-0.2547709909496438
0.31003731418379865
-0.5169824465526334
0.8635239846959809
0.6724798375190769
0.15099878501792252
0.04701230240945023
-0.4310738609866138
0.42681513443005575
0.37489914488765447
-0.3866707841501174
-0.062165954502418075
-0.4282640248079068
-0.19569407281568077
-0.6265322297966767
0.9891538547889758
0.4109799435438076
0.5224821073150648
-0.9106657653368165
0.8309224751611304
0.4005988490748923
-0.647874837692803
0.7714337273103035
-0.3129533001535986
0.06381137545638713
0.7973110585881986
0.5775964015817491
0.10999978067228998
-0.15355743627093296
-0.006586844223208532
0.41334709642683276
0.9470620704974754
-0.449902449418232
0.3787509982759124
0.7941412597247107
0.38560816276527965
0.3956576117599766
0.992482873544657
-0.3913067573706387
-0.695284389876921
0.2959431713469581
0.6320199118018117
0.8874683920822489
0.5530073131173706
0.8932712790822704
0.9844028978402931
-0.3871063519792219
0.14371195064972128
0.5115216719437985
-0.26931088335037034
0.6704626425144955
-0.3371657811466614
0.5046284605023277
0.3039552805172404
-0.7670387815212248
0.9426322729312112
0.7471021891105964
0.9006133515007457
0.5874283672999636
0.6790755191747154
-0.28947632904209114
-0.2573722098556843
0.0007296590343488579
0.18173531724275382
0.7988253285862692
-0.5558869184602722
-0.060772979514999256
-0.3255382298753464
0.41078721280111713
0.6437693621256648
-0.7758664990878081
0.016428984147274846
0.17148679520478133
0.8264460991679188
-0.27038579964634923
-0.14421909308014325
0.7592190134658662
0.5075668533575555
-0.3629539025599016
0.7951896109894674
0.6327581992644108
0.17597560861503683
-0.4030486513937805
0.8356787193424805
-0.5035163723174443
0.9308637112273779
-0.21158184056726256
0.6360579571902629
0.7740909970303725
0.5736007537989596
0.15670510839755494
0.9604868617560274
0.6040536593380984
0.5586441155902412
-0.22407349768211485
0.31756580648639166
0.9640406277524273
-0.14181375490992437
0.5770341593126843
0.623514318386694
0.0717864151331673
-0.4185567178813173
0.9577259145267812
-0.05024619236689042
0.924251134981862
0.5961273924809455
0.27417695933023467
0.7794835009047515
0.3467701500687978
0.7010863800665269
0.46678248681685425
0.8973099725986398
-0.20312740285319306
0.8287297659596138
-0.7620683375587693
-0.26405404707796487
-0.6476823820634497
0.9084038925459229
0.9934471690280604
-0.6708698891858726
0.5723845736476743
-0.9550990084451774
0.3854825240774255
0.48723901299924316
-0.7852984673890584
0.5881558649905638
0.6460679002710485
-0.29771618280789836
-0.10380379166721422
-0.20481265274274368
0.05853146106522781
-0.08446613928408032
0.9667007376313592
0.6498778005897622
-0.41226748419696524
0.3487305571609151
-0.7416649443845188
0.46247407012018643
-0.17155625264091456
0.918058955299292
0.5187444358188514
-0.6364573863012789
0.8712790375271158
0.6860251111093632
0.44372750695438745
-0.19548731439031597
0.7649983948705332
-0.2585361747186922
0.4704721275998232
0.9716536416803834
0.38464416260656653
0.43460732337642916
0.9848228954514704
0.5385229589066793
0.8554636342618875
-0.704388780324797
0.9507431599447431
0.29848745259323656
0.7967792545740152
-0.46942703662044877
-0.5171881608284203
0.07989267189233584
0.5713491256421416
0.8890902294248114
0.6798840718354618
0.9675102990985869
-0.6157176901108439
0.3345084515575876
-0.3745700245924964
-0.07786534173631343
-0.43898728858272185
-0.15244357222956334
-0.4479976755075582
0.8144438917747969
0.9430564587353741
0.8064169288244014
0.6229910106721895
-0.9890023737564222
0.5927271145113462
0.9778687005988586
-0.5322755472594937
0.3466682560995058
-0.38641732548558305
0.5267417042256508
0.26592010467097066
-0.029524608669926407
0.7337942415523871
0.26893089789975344
-0.8475478972655115
-0.5026863812583264
-0.5825107463970574
0.8434222947325222
0.30960511042206795
0.5632863910796683
0.402673122305413
0.4731543280526161
0.9912103012420818
0.740640247157233
-0.8068671651885417
-0.7582564694183657
0.1857973232400441
-0.4744518912530354
0.06776664044316821
-0.1476240326459702
-0.524340663004628
0.507041304403528
0.5486680900782734
0.2304302628420532
-0.21142240278164154
0.2507260653716589
-0.30680679044835557
0.9505470114034743
-0.11868406226079582
0.4685004603689242
-0.4097974468102639
-0.048867550222315675
0.420190736331198
0.9957201354715007
0.014656455817585439
0.7401106063952325
0.8100962582346831
0.4619543558297013
0.0962525976009114
0.9684348191514323
0.8941383905462714
-0.612749995335192
0.011885221827076933
0.9016867580687702
0.030818516078680375
0.9677264539578707
0.05923929494897341
0.6298025192310068
0.7333806299594202
-0.05043861148034933
-0.06486596848724942
0.12294641079063784
0.5696326685280697
-0.51322687495568
0.8855836999832271
0.4556101027423319
0.5462538125024539
0.984005080129598
0.08905658865323125
0.6345669761077428
0.24883115633659092
0.592832152339083
-0.8726495874666854
0.7160708045448652
0.6429319733209273
0.1522693608694317
0.5198109622117231
-0.3104830965763732
-0.8900333931822189
-0.2788085975187701
0.6321564790826534
-0.1446444713888456
0.6659362192033879
0.25220801434056
-0.935916018584677
0.026140472555385572
0.5798955478682963
0.9777157654705037
-0.9418602427265955
0.4268836399208752
0.02184259673671417
-0.05609767201665305
-0.4584213755653518
0.48858406728729376
-0.499167284666453
0.8851115490221502
-0.8279151816992485
-0.512800133732896
0.5115146863476462
0.4682116951294891
0.4473149169141201
0.7700768669574349
-0.9980210354402285
-0.15972595619827354
-0.07143714528762075
-0.27180620710549447
-0.13067441937881932
0.5481225943456548
-0.6523530325495198
0.28502777567023757
0.5663972489298086
0.5052994675340733
0.8798355112330398
0.4253777926992607
0.942007564767229
0.3529216097008233
0.6906956530737723
-0.6201515874071182
-0.36635575835478773
0.7852626029608084
0.750308132282274
0.24765005039273677
-0.8788802931477732
0.17347333529442946
0.9567909916364952
0.30954505661313614
-0.8238995948083657
-0.8701136944296575
-0.4714954350381584
-0.8489671279413012
0.8686442474843055
0.1395781276845167
-0.7535488337978336
0.8536029070900589
0.7361901836696267
-0.3623337749564653
0.5043797365517855
-0.3545288948327072
0.5554740191829239
0.5915886622733044
0.895340757056574
0.668781772272584
0.7078167483679619
0.816841153305387
0.537198216698413
-0.5203710688533081
0.9120315156633643
-0.21485538315983807
0.4075012288488037
0.636459665510311
0.8791484239924119
0.9781331275851023
-0.5636153151278054
0.9883095768139343
-0.2223905553611184
0.6661620292963583
-0.2092127544810411
0.8888980535385135
0.6078746485355325
-0.7458692801757236
0.7843743370760017
0.8472229985290416
-0.020691880705410164
0.47233928515200346
-0.5215934655480916
-0.5570365562315787
-0.5855771733549175
0.027591189760818136
-0.08841759165076117
0.7322808184609547
-0.15149203993402388
-0.9074485494321471
0.8366086999099225
0.9165363210633966
0.5526601938290354
0.9715655316288788
-0.5885838284249197
0.08934336350533216
0.3895453755845441
0.1549305490450572
0.9351271166583518
-0.5320262115262896
0.5092055958392485
0.5752801798270887
0.04479040047004683
0.5066079544217817
0.023426170005654157
0.7012480406856832
0.7888727145515992
-0.728652161412519
-0.25833403871708077
-0.7838999934129846
-0.9732173904907018
0.36613031389040435
0.8259865386314913
-0.7034847059311969
0.3239404448820809
-0.8069753587772366
-0.04281574712224309
0.44043464725604703
0.7030366625317191
-0.8542781561338867
-0.28752475904269614
0.6670276661830975
-0.7900281240181136
-0.2915734145982786
0.5655163315478832
-0.21521830082754315
0.5553744743297928
0.9435791120744773
0.5624160106547162
0.014849338545133841
0.5927241306030819
-0.09758413777859323
0.851762587097413
-0.5553586076646865
0.7036171778240322
0.8003788468627491
-0.7276536066959346
0.521022654001527
0.42862193077034727
-0.20558998563563688
0.7672469744048057
-0.15199321471557117
0.9395948263512728
0.8494025694541364
0.5992627688295004
0.6545995336223297
0.6957743017102793
0.26236748490808043
0.5584398074882349
0.027588875074167366
0.303918286955184
-0.08270705485423638
-0.052001488624026565
0.7918036557090554
0.053664023623802265
0.6329666803365559
0.6360507581354595
0.8616810561257039
0.6571863401061563
0.34356453417459887
0.5132800315977774
0.17984734538116137
-0.3536136970565075
0.15151715962916104
0.7412636904714327
-0.4961538927920077
0.49300878141501026
0.47005075062055074
0.43411781379508135
0.9832312431489073
0.5377760307450952
-0.8041795691647249
0.8921714199981354
0.06391305653910442
0.1676577965402384
0.981657305619349
0.18117389648257137
0.09287446424433711
-0.3627200538526691
0.372272158530795
-0.5305897193270438
0.9523824559585183
0.5310858796201776
0.26320170893758504
-0.5092825837152847
0.6152795209169952
0.6603314629139245
0.5755250972584607
-0.15743294988676795
-0.12998384698033924
0.008481946462584275
0.5294777956814165
0.5285836280411175
0.25229729549907826
0.7367023091386292
-0.9238005451986988
-0.34818924853430816
-0.09920171918821039
-0.9883057084922645
0.7501304734949932
0.458788609675918
0.7352146074324976
0.7290349523859457
-0.676869913369888
0.6793977148985032
0.9136625955561464
-0.3354612830173993
-0.38462060409127313
0.8797915841839783
0.5487244839804675
0.2661631684141847
-0.34932626195511834
0.894357630722858
-0.4542862080622368
0.5502139785426624
0.36637184500713355
0.8241376158653801
0.312608485959439
0.3945347936393635
0.9879227564216002
0.1240923569768539
0.10411594443695368
-0.5070113217563582
0.5551333695378083
0.8786373694595301
0.25666901665106706
0.5752038257211618
0.3734989516120401
0.5245701858123518
0.8034992314594618
0.8905648108691753
0.3715244039891999
-0.008564104623339057
0.6118125303667185
0.3476005066741417
-0.07781192507012495
0.7174264707669399
-0.24263811824430587
0.7626216508253968
0.8288994377102387
0.7612686457212191
0.17513556863860819
0.06489558077251882
0.2935293059469883
0.3594406283445568
-0.23771766102790237
0.7098713857314402
0.6039994561761921
0.36517753571944217
0.5467329951031952
0.2070115852358734
-0.09356963023799113
0.6161075706254714
0.4392209541757539
0.08760322103420617
0.4951885314512408
0.2716294563533073
0.4244075219884716
-0.325818000510568
-0.7113352637869219
0.16495537418384568
-0.5159134656219769
0.5458324437090443
0.901269852949377
0.17453650048968905
0.28852992517262077
0.8087752841953801
0.9006416317764436
0.7993229697196574
0.4276270340940486
-0.22827280689221746
-0.6381506271688974
-0.8451968706390746
0.1699335818769623
-0.2122874556028654
0.21662154778035705
0.9276714897185632
-0.8005748776809734
0.5035951257946549
0.8942728649904682
-0.008204480009510566
0.8086225956776946
-0.5408801313143878
0.05709788233575856
-0.3181495286943293
0.24942343503222783
0.34166409456126196
-0.1709564137772505
-0.996784814061502
0.21881607390753977
-0.4955374976105763
0.38189294463970963
0.027165441584192047
0.026317249399342824
-0.4094936369943317
0.8512201908811363
0.3755127868432779
0.38704504196195033
-0.24662345539041783
0.7723889363063651
0.6366656779442603
-0.4307161086338274
0.3085200669357791
-0.10429127412647216
0.6129570881609809
0.29330178763589454
-0.6965446305368559
-0.5264940170005395
-0.908032410690454
0.9363459273419829
0.0952514405058584
-0.34180910711895474
-0.03810888928526674
0.006271029404190243
0.747824488221468
0.6354455470229297
-0.44718176556982747
0.7500883556564358
0.09520050312343607
-0.08102198460749555
0.8686957554685973
0.5472601919073556
0.8626619697740567
0.4400611064304588
0.8413608736050175
-0.1219556078172272
0.9264261604590905
0.423979291612537
0.890820738318986
-0.68704808269125
-0.8319529788840611
-0.5730481210134621
-0.026994032039338013
-0.45112615257745514
0.6095744991551899
0.8459102175408819
0.8456703509253957
0.6856678406105811
-0.030127791129879542
-0.27979353997111106
0.34475997634268163
-0.08813623884045647
-0.44382874537023914
-0.8678027999270873
-0.48227323905028047
0.30976051922235454
-0.8654880802183726
0.08419691215711592
0.7128775573271725
-0.9786585367668207
0.7488439857469762
0.28186057728066355
0.45210745326807456
-0.3570572480103978
-0.5602457504287033
0.9171845969143173
0.49725037005058953
0.5871059639260165
-0.16117863860124412
0.3924743363223902
0.47563245335799037
-0.7239249155430043
0.5736186782464975
0.1581953296552354
0.8230264527861612
-0.48834455702939533
-0.06637309181139465
-0.7981780514101877
0.3496212248729626
0.5059949933431857
0.32402666266741575
0.1993457809765542
-0.24556029789019698
0.8789548266020918
0.4544501123906443
0.7594627606207783
0.9176731202216496
-0.7670948592906015
-0.00285155016087635
0.9838013964588352
0.8550960327341184
-0.47820653959917214
-0.26997932485680415
-0.8346350044232596
-0.3529441220889662
0.9270091080428641
0.6646596425687913
0.740067982688796
-0.22616184333264427
0.9515550418423092
0.7853686609449437
0.8237000560068771
0.26259486277791333
0.7060378898522524
-0.7188969240393149
0.9720223818598605
0.6492343622560763
-0.35391547720659616
0.7437555256891407
0.44184607033700757
0.2521183100443843
-0.1338281744064017
-0.15452961279023897
-0.600169838770684
0.8879766666482308
0.941524251861424
-0.0639569722527467
0.7201509951224276
-0.010999051780878368
-0.2600571627919019
0.1108663870390347
-0.11192535079184047
0.6251672379809001
0.30207778199611657
0.9086984524706644
0.40588434798693646
0.4590072547131418
0.29763030796519857
0.3669352106030495
-0.3738107168164867
0.9795954596582584
0.1571343344230099
-0.39226183149624816
-0.8619245952889009
0.2539437602283863
-0.37359722212794855
0.9924930357867373
0.5171811688616799
0.5999078976550887
0.9925163545221873
0.38506148296566317
0.7268557337661747
0.9542678738949109
0.8926274279967138
-0.784682443807983
0.04627541743359217
-0.09668019561009772
0.6730332555639851
0.7881701417132937
-0.26437602638611457
0.9390324269182094
0.7613525206022876
0.41856413339184506
0.724975248111624
-0.16829049137419716
0.8788080556881535
0.47798320000803096
0.9883363315208771
0.4625160818310699
0.11790059742227008
0.9480924963850764
0.18643100868992343
0.4148209183115091
-0.16734493304319512
0.9765079650367634
0.8666387866206807
0.04105287309051154
-0.4878180322875823
0.6107181327506143
-0.27835979064151506
0.46188226016455525
0.8545459551936205
-0.5213313487356617
-0.03826814069680771
0.05306994570177263
-0.8197661654546207
0.4726126109640106
0.21835289609653705
-0.4585780469486708
0.21426217609691203
-0.7074612285197408
-0.3972443782188604
0.9083905025196172
0.39521582082146106
-0.9071947551588107
0.10699554115534697
-0.14413021365297224
-0.9261678857719373
0.38680225293902454
0.9990876993051049
-0.5760100882000003
0.8660557219192433
0.13275718307007153
0.5988741125355083
0.14252058166875842
0.4373005368165576
0.18534946026371904
0.3719877558970605
-0.10890631533115946
-0.4263155479064677
0.30200697627264783
0.34224541799715724
0.14722251605678624
0.4398618330769807
0.515143146677899
-0.4582447159909676
0.8249809302830153
0.0698247813748882
-0.27633688094770903
0.07378282593890204
-0.4869911688505726
0.1607087370079603
0.15859503561779215
0.42957253328792566
0.4079514526223071
-0.22764093349101605
-0.7722497917705679
0.8066558375051841
0.4547904207435158
-0.947489356630753
0.10764489239433016
0.5419193750369874
-0.18398770204516854
0.8546168153952729
0.18369960349150902
0.12239777002472615
0.9222698011583387
-0.9993635621469024
0.32015421832031515
0.890129420175364
0.6473459848405336
0.6174990910374799
0.8605249792809659
0.1834700160941116
0.41869428251960833
0.7798237219855783
0.37590639552823174
0.5647199889811813
0.9984318697524863
0.10079576654908622
-0.7166570343266588
-0.7337494931428783
-0.3378721584227502
0.9771402183774359
0.03030834024837827
-0.04250782215438773
-0.1638336483837314
-0.543363452158036
-0.02844151673433866
-0.6104263269039638
-0.27328306549612286
-0.451902154300351
0.29210169180006906
0.6150191894964542
0.717762105191179
0.31361830888384445
-0.6062549941372095
0.939982099851503
-0.2693604353849833
-0.7585109582861495
0.22903540030968556
0.9189193862781238
0.013201970505209295
-0.11547333754365867
0.39887573867479265
-0.10214790909279016
0.39200143951391897
0.03639795365527846
0.8464938156275817
0.48679003748520694
-0.9132386310517656
0.1686057550543842
0.9816774468586033
0.6835909359740101
-0.175713560604117
0.1991888303792097
0.45055210787476463
0.39520652931523365
0.6760719288476296
0.6643767056470755
0.35550588507530984
0.5509148143270599
0.08618512401192474
0.026923580347766048
0.044384968326029506
0.5479355669389794
0.519878773876331
-0.22966939038646772
0.7096658916851487
0.9074640561068066
-0.23834144939351967
-0.4497328941348738
0.6813086322811983
0.6099570744560217
0.7817989170110082
0.01485798924013398
0.688723962281966
-0.3863184794895468
0.31268502658653147
0.03201887177985871
0.6456080974092578
0.9980713116875972
-0.7568863047259409
-0.2229501991933743
-0.7353445759196474
0.3191103481393856
0.5135503069913745
-0.15303587102528501
0.6684265983711547
-0.31433176364259463
0.2695897402984066
0.08588285948530518
0.4593411714936712
0.7625903919580744
0.4758426072440087
0.4411256799462007
0.6068692175190601
-0.11729428941606138
0.9124005140256266
-0.6148553374579716
0.8555923774545418
0.2816246344392341
0.48468746849493893
0.7610529519490079
-0.6343136469387604
0.23062780148246645
0.8979411265640093
0.6907089953851151
-0.5998353519754603
-0.4425067371968997
0.6754276106130052
0.7584405181673731
0.15805390339900585
-0.7180964806567698
0.7389601905058283
0.4234382741576358
0.8011901985778517
0.9872869491538154
-0.9878043478051877
-0.5729137722610527
0.7629520578410539
-0.16219669933637876
0.5809189047596921
-0.283143584260844
0.9381745055873338
0.3178717498713409
0.5290545204692222
-0.45050520643325376
0.992747391589546
-0.38980529018014837
-0.6379659742758309
-0.24905466130230144
0.2980189403126249
-0.4792271046765325
-0.5068572045669083
-0.5370430033518424
0.2532583299323053
0.5611905938486269
0.9059004783071265
0.9220552522073148
0.43311855838286334
0.7690384452809323
0.8411389907375081
0.5582248569375722
-0.3819803227077749
0.991243394929937
-0.40517813355659454
-0.731632867176749
0.6839286101252432
-0.2083712024192626
0.5310512236625458
0.9209143500495907
-0.20830420899191748
0.6730928394559085
-0.9610531751675644
-0.703516628775671
0.555344839035479
0.578092104775775
0.5301056252057426
-0.22769338227765934
-0.8950586515875296
0.7757539547690794
0.003252890231590812
0.9193177118418928
0.9911402206189318
-0.46489007943549226
0.989845352997881
-0.3851706222696969
-0.12372430099360057
0.7320346768826279
0.7256103115402247
0.5560346788517576
0.6182144551964168
-0.28228468948811214
0.9624295104917758
-0.8401592961335773
0.7223871177150459
-0.19349675781415013
-0.2865676949829103
-0.9050482222064306
-0.5442041153181689
-0.4696879780025898
0.7437824063858399
0.4237398083380614
-0.10673210650625405
0.6978193008245479
0.7639405976227349
-0.5341724031762155
-0.10890039511474355
-0.8098915747973392
0.9949830616633677
0.47175986764262345
0.10157982234841559
0.18471492769453746
0.5536116662344843
-0.9372593474072222
0.7774753292209658
0.6607238297022148
0.024508969778013937
0.2644139979828372
0.693503402623638
-0.12975196411999082
0.16459230272146266
-0.42377506583656616
-0.5490017252981014
0.6053621836213818
-0.5016724528659456
0.3893225679686172
0.44547939093056493
0.7138426098835102
-0.5236722136932039
0.5345582276816219
-0.29104352179881665
0.40842875981143084
0.9992712154257282
0.49268426919394853
0.39638034278538514
-0.49636846661208633
0.9819374231372433
0.6473719151910149
-0.04575740884416409
0.4420379528119993
-0.3032972016645418
-0.18012066089107628
0.5463049919825709
0.5710613701801621
0.9770581624926038
0.09619132119795451
0.11024067131741382
0.7015690919843619
0.9635388414466529
0.8694085871803874
0.03314296127102692
-0.38668942290187625
-0.16643756697266107
0.4737802110154088
0.016598893360762285
0.7156142290746965
0.06856006913041585
0.9945850992078743
0.5395518650975054
0.46624028087811853
0.4622654816005227
0.15328480049302012
0.6487315084755109
0.21118894640754443
0.31016021461080295
-0.8726243331036602
-0.04982136885851034
0.7174999844211251
-0.27819015811628817
0.7264016973236554
-0.9062654502869479
0.2572581060151127
0.004790749860838848
0.8222977580208289
0.9851302444974899
0.7690952906295617
0.9743310068852874
0.40268657095440336
-0.04350542684749394
-0.6294822328492349
-0.007164411806662364
0.02541577377614522
0.2772235423412277
0.6059767478808462
0.1190767084805634
0.0077527070634567105
-0.7058997019180862
0.580104234259694
0.9979893974030402
-0.3335461339991623
0.5280183703662452
0.7219741988167622
-0.21834669714425106
0.5494907745687594
-0.07707916169741615
0.26475875793038206
-0.7111556406561534
-0.3368677910207665
0.7378830854311913
0.004306257764579064
0.8396735374271687
-0.4039041639513851
-0.29062082566544506
-0.4165051684912391
-0.22626121082253825
0.8123022189379584
0.9723978566464548
-0.002227055864073518
0.7026583818078139
0.8994235142754035
0.5698003758328853
-0.24169734789998082
-0.23596077175238134
0.4893526434943033
-0.26204609013738145
-0.9691874817501528
0.8858653109120572
0.7395164702303813
-0.9033788004203719
-0.6541860804835453
0.6444332157652506
-0.3266925828825526
0.9898918969890863
0.4307319270340519
0.021827710275559995
0.02627466274725883
0.5103195135441818
0.2972271699829962
-0.6861301649398531
-0.9631464714659779
-0.32761193848307646
0.3478452703131428
0.8053031057285562
-0.7869091573992971
0.4841976551264583
0.3281278930860795
0.6382578520592727
0.9150657552827274
0.8689854828572933
0.792465022453232
0.6006569276152858
0.5716027585847644
0.501228218984874
-0.5146479632767202
0.45751993652660294
-0.901817701225478
0.5982188977348221
0.6564457427034871
-0.9104387641356696
-0.9242927134850257
-0.33941242298496466
-0.5949758692852238
-0.33145037098406666
0.7287097978713202
-0.9709310822097512
-0.9774912158957454
-0.7344275855263833
-0.15385034940174094
0.7266522813728944
0.6183549122915726
-0.13776667126636494
0.20763761264749814
0.6680347856103964
0.1839669987320754
0.9209885619100279
0.9025870788021776
0.6236407909197543
0.6584792767736285
-0.21039736686643568
-0.3651396023734598
-0.5739695802434639
0.8700816325004687
0.2672208233216905
-0.3714118416576207
0.712548529726849
0.4714753677314327
0.5070999268334524
0.31260874481594664
0.5151052458990255
0.028746447622623936
-0.6206684532678514
-0.17136013249819004
-0.7629523899446423
-0.8444389446410896
-0.018083913143291653
0.4819791904019528
0.381997129641894
-0.5633178050748371
-0.24163190822619868
0.9232251997059763
-0.8103774230012496
0.2068314494564904
0.7736364186027141
0.7831197643357055
0.2636504731430731
-0.5457066304623472
0.3416376628436732
0.6888840093368631
0.26773387665570064
-0.9376990217213156
0.37618890166278324
0.08242307212766656
0.7999196382661946
0.6508361819973396
-0.439791330558766
-0.11320657908246058
0.8217886098842445
-0.6798499637575061
0.8844392287916253
-0.3125493458838141
0.8512788231399898
0.7603492666479577
0.5007081640770548
0.3802801033591874
-0.5871818637515465
0.36470609143954313
-0.04727290955387489
0.2850422496063478
0.6474561614243709
0.6540117828706817
0.3769096730512919
0.09889795039924791
-0.02627018260112479
-0.9047656136689101
0.9907650155764773
-0.0434800326045083
-0.41775442576541705
0.16084586744111604
-0.5810733802429602
0.6644607308640621
0.07859263124742408
0.3411231592661337
0.5880214190287054
0.0790344925176739
0.6745906132018058
0.39994828367919283
0.7539024042749234
-0.8833804370615403
0.8754657014542707
-0.716098586416377
0.8555111963355113
0.6015304013565707
0.9963905580576697
0.12466792127104447
-0.7673615588229402
0.1836155512728366
0.2176595887707989
0.17736472042939253
0.3547998090256946
0.011261486782853476
-0.04391537887456747
0.25062823383353366
-0.6784791326517514
-0.1148988375383773
0.7008792456033319
